ISO-10303-21;
HEADER;
/* Generated by software containing ST-Developer
 * from STEP Tools, Inc. (www.steptools.com) 
 */

FILE_DESCRIPTION(
/* description */ (''),
/* implementation_level */ '2;1');

FILE_NAME(
/* name */ 'Fastener.step',
/* time_stamp */ '2026-01-22T08:37:17+05:30',
/* author */ (''),
/* organization */ (''),
/* preprocessor_version */ 'ST-DEVELOPER v20.1',
/* originating_system */ 'Autodesk Translation Framework v14.21.0.0',
/* authorisation */ '');

FILE_SCHEMA (('AUTOMOTIVE_DESIGN { 1 0 10303 214 3 1 1 }'));
ENDSEC;

DATA;
#10=MECHANICAL_DESIGN_GEOMETRIC_PRESENTATION_REPRESENTATION('',(#13,#14),
#5279);
#11=SHAPE_REPRESENTATION_RELATIONSHIP('SRR','None',#5286,#12);
#12=ADVANCED_BREP_SHAPE_REPRESENTATION('',(#15,#16),#5278);
#13=STYLED_ITEM('',(#5296),#15);
#14=STYLED_ITEM('',(#5296),#16);
#15=MANIFOLD_SOLID_BREP('Nut',#1392);
#16=MANIFOLD_SOLID_BREP('Bolt',#1393);
#17=ELLIPSE('',#1434,1.44337567297406,1.25);
#18=ELLIPSE('',#1435,1.44337567297407,1.25);
#19=ELLIPSE('',#1437,1.44337567297406,1.25);
#20=ELLIPSE('',#1439,1.44337567297407,1.25);
#21=ELLIPSE('',#1441,1.44337567297406,1.25);
#22=ELLIPSE('',#1443,1.44337567297406,1.25);
#23=ELLIPSE('',#1485,1.44337567297406,1.25);
#24=ELLIPSE('',#1486,1.44337567297405,1.25);
#25=ELLIPSE('',#1488,1.44337567297407,1.25);
#26=ELLIPSE('',#1490,1.44337567297405,1.25);
#27=ELLIPSE('',#1492,1.44337567297406,1.25);
#28=ELLIPSE('',#1494,1.44337567297407,1.25);
#29=FACE_BOUND('',#158,.T.);
#30=FACE_BOUND('',#173,.T.);
#31=FACE_BOUND('',#201,.T.);
#32=FACE_BOUND('',#216,.T.);
#33=PLANE('',#1432);
#34=PLANE('',#1445);
#35=PLANE('',#1446);
#36=PLANE('',#1447);
#37=PLANE('',#1449);
#38=PLANE('',#1450);
#39=PLANE('',#1451);
#40=PLANE('',#1452);
#41=PLANE('',#1477);
#42=PLANE('',#1483);
#43=PLANE('',#1496);
#44=PLANE('',#1497);
#45=PLANE('',#1498);
#46=PLANE('',#1499);
#47=PLANE('',#1500);
#48=PLANE('',#1501);
#49=PLANE('',#1502);
#50=PLANE('',#1503);
#51=B_SPLINE_SURFACE_WITH_KNOTS('',3,3,((#2508,#2509,#2510,#2511,#2512,
#2513,#2514,#2515,#2516,#2517,#2518,#2519,#2520,#2521,#2522,#2523,#2524,
#2525,#2526,#2527,#2528,#2529,#2530,#2531,#2532,#2533,#2534,#2535,#2536,
#2537,#2538,#2539,#2540,#2541,#2542,#2543,#2544,#2545,#2546,#2547,#2548,
#2549,#2550,#2551,#2552,#2553,#2554,#2555,#2556,#2557,#2558,#2559,#2560,
#2561,#2562,#2563,#2564,#2565,#2566,#2567,#2568,#2569,#2570,#2571,#2572,
#2573,#2574,#2575),(#2576,#2577,#2578,#2579,#2580,#2581,#2582,#2583,#2584,
#2585,#2586,#2587,#2588,#2589,#2590,#2591,#2592,#2593,#2594,#2595,#2596,
#2597,#2598,#2599,#2600,#2601,#2602,#2603,#2604,#2605,#2606,#2607,#2608,
#2609,#2610,#2611,#2612,#2613,#2614,#2615,#2616,#2617,#2618,#2619,#2620,
#2621,#2622,#2623,#2624,#2625,#2626,#2627,#2628,#2629,#2630,#2631,#2632,
#2633,#2634,#2635,#2636,#2637,#2638,#2639,#2640,#2641,#2642,#2643),(#2644,
#2645,#2646,#2647,#2648,#2649,#2650,#2651,#2652,#2653,#2654,#2655,#2656,
#2657,#2658,#2659,#2660,#2661,#2662,#2663,#2664,#2665,#2666,#2667,#2668,
#2669,#2670,#2671,#2672,#2673,#2674,#2675,#2676,#2677,#2678,#2679,#2680,
#2681,#2682,#2683,#2684,#2685,#2686,#2687,#2688,#2689,#2690,#2691,#2692,
#2693,#2694,#2695,#2696,#2697,#2698,#2699,#2700,#2701,#2702,#2703,#2704,
#2705,#2706,#2707,#2708,#2709,#2710,#2711),(#2712,#2713,#2714,#2715,#2716,
#2717,#2718,#2719,#2720,#2721,#2722,#2723,#2724,#2725,#2726,#2727,#2728,
#2729,#2730,#2731,#2732,#2733,#2734,#2735,#2736,#2737,#2738,#2739,#2740,
#2741,#2742,#2743,#2744,#2745,#2746,#2747,#2748,#2749,#2750,#2751,#2752,
#2753,#2754,#2755,#2756,#2757,#2758,#2759,#2760,#2761,#2762,#2763,#2764,
#2765,#2766,#2767,#2768,#2769,#2770,#2771,#2772,#2773,#2774,#2775,#2776,
#2777,#2778,#2779)),.UNSPECIFIED.,.F.,.F.,.F.,(4,4),(4,1,1,1,1,1,1,1,1,
1,1,1,1,1,1,1,1,1,1,1,1,1,1,1,1,1,1,1,1,1,1,1,1,1,1,1,1,1,1,1,1,1,1,1,1,
1,1,1,1,1,1,1,1,1,1,1,1,1,1,1,1,1,1,1,1,4),(0.,0.0321815040046298),(11.8535474642147,
12.8512993152271,13.8490511662396,14.846803017252,15.8445548682644,16.8423067192769,
17.8400585702893,18.8378104213017,19.8355622723141,20.8333141233266,21.831065974339,
22.8288178253514,23.8265696763638,24.8243215273763,25.8220733783887,26.8198252294011,
27.8175770804135,28.815328931426,29.8130807824384,30.8108326334508,31.8085844844633,
32.8063363354757,33.8040881864881,34.8018400375005,35.799591888513,36.7973437395254,
37.7950955905378,38.7928474415502,39.7905992925627,40.7883511435751,41.7861029945875,
42.7838548455999,43.7816066966124,44.7793585476248,45.7771103986372,46.7748622496497,
47.7726141006621,48.7703659516745,49.7681178026869,50.7658696536994,51.7636215047118,
52.7613733557242,53.7591252067366,54.7568770577491,55.7546289087615,56.7523807597739,
57.7501326107863,58.7478844617988,59.7456363128112,60.7433881638236,61.741140014836,
62.7388918658485,63.7366437168609,64.7343955678733,65.7321474188858,66.7298992698982,
67.7276511209106,68.725402971923,69.7231548229355,70.7209066739479,71.7186585249603,
72.7164103759727,73.7141622269852,74.7119140779976,75.70966592901,76.7074177800224),
 .UNSPECIFIED.);
#52=B_SPLINE_SURFACE_WITH_KNOTS('',3,3,((#2984,#2985,#2986,#2987,#2988,
#2989,#2990,#2991,#2992,#2993,#2994,#2995,#2996,#2997,#2998,#2999,#3000,
#3001,#3002,#3003,#3004,#3005,#3006,#3007,#3008,#3009,#3010,#3011,#3012,
#3013,#3014,#3015,#3016,#3017,#3018,#3019,#3020,#3021,#3022,#3023,#3024,
#3025,#3026,#3027,#3028,#3029,#3030,#3031,#3032,#3033,#3034,#3035,#3036,
#3037,#3038,#3039,#3040,#3041,#3042,#3043,#3044,#3045,#3046,#3047,#3048,
#3049,#3050,#3051),(#3052,#3053,#3054,#3055,#3056,#3057,#3058,#3059,#3060,
#3061,#3062,#3063,#3064,#3065,#3066,#3067,#3068,#3069,#3070,#3071,#3072,
#3073,#3074,#3075,#3076,#3077,#3078,#3079,#3080,#3081,#3082,#3083,#3084,
#3085,#3086,#3087,#3088,#3089,#3090,#3091,#3092,#3093,#3094,#3095,#3096,
#3097,#3098,#3099,#3100,#3101,#3102,#3103,#3104,#3105,#3106,#3107,#3108,
#3109,#3110,#3111,#3112,#3113,#3114,#3115,#3116,#3117,#3118,#3119),(#3120,
#3121,#3122,#3123,#3124,#3125,#3126,#3127,#3128,#3129,#3130,#3131,#3132,
#3133,#3134,#3135,#3136,#3137,#3138,#3139,#3140,#3141,#3142,#3143,#3144,
#3145,#3146,#3147,#3148,#3149,#3150,#3151,#3152,#3153,#3154,#3155,#3156,
#3157,#3158,#3159,#3160,#3161,#3162,#3163,#3164,#3165,#3166,#3167,#3168,
#3169,#3170,#3171,#3172,#3173,#3174,#3175,#3176,#3177,#3178,#3179,#3180,
#3181,#3182,#3183,#3184,#3185,#3186,#3187),(#3188,#3189,#3190,#3191,#3192,
#3193,#3194,#3195,#3196,#3197,#3198,#3199,#3200,#3201,#3202,#3203,#3204,
#3205,#3206,#3207,#3208,#3209,#3210,#3211,#3212,#3213,#3214,#3215,#3216,
#3217,#3218,#3219,#3220,#3221,#3222,#3223,#3224,#3225,#3226,#3227,#3228,
#3229,#3230,#3231,#3232,#3233,#3234,#3235,#3236,#3237,#3238,#3239,#3240,
#3241,#3242,#3243,#3244,#3245,#3246,#3247,#3248,#3249,#3250,#3251,#3252,
#3253,#3254,#3255)),.UNSPECIFIED.,.F.,.F.,.F.,(4,4),(4,1,1,1,1,1,1,1,1,
1,1,1,1,1,1,1,1,1,1,1,1,1,1,1,1,1,1,1,1,1,1,1,1,1,1,1,1,1,1,1,1,1,1,1,1,
1,1,1,1,1,1,1,1,1,1,1,1,1,1,1,1,1,1,1,1,4),(0.,0.0321815040046298),(14.3987628868444,
15.3965147378568,16.3942665888693,17.3920184398817,18.3897702908941,19.3875221419065,
20.385273992919,21.3830258439314,22.3807776949438,23.3785295459562,24.3762813969687,
25.3740332479811,26.3717850989935,27.3695369500059,28.3672888010184,29.3650406520308,
30.3627925030432,31.3605443540557,32.3582962050681,33.3560480560805,34.3537999070929,
35.3515517581054,36.3493036091178,37.3470554601302,38.3448073111426,39.3425591621551,
40.3403110131675,41.3380628641799,42.3358147151923,43.3335665662048,44.3313184172172,
45.3290702682296,46.3268221192421,47.3245739702545,48.3223258212669,49.3200776722793,
50.3178295232917,51.3155813743042,52.3133332253166,53.311085076329,54.3088369273415,
55.3065887783539,56.3043406293663,57.3020924803787,58.2998443313912,59.2975961824036,
60.295348033416,61.2930998844284,62.2908517354409,63.2886035864533,64.2863554374657,
65.2841072884782,66.2818591394906,67.279610990503,68.2773628415154,69.2751146925279,
70.2728665435403,71.2706183945527,72.2683702455651,73.2661220965776,74.26387394759,
75.2616257986024,76.2593776496148,77.2571295006273,78.2548813516397,79.2526332026521),
 .UNSPECIFIED.);
#53=B_SPLINE_SURFACE_WITH_KNOTS('',3,3,((#4232,#4233,#4234,#4235,#4236,
#4237,#4238,#4239,#4240,#4241,#4242,#4243,#4244,#4245,#4246,#4247,#4248,
#4249,#4250,#4251,#4252,#4253,#4254,#4255,#4256,#4257,#4258,#4259,#4260,
#4261,#4262,#4263,#4264,#4265,#4266,#4267,#4268,#4269,#4270,#4271,#4272,
#4273,#4274,#4275,#4276,#4277,#4278,#4279,#4280,#4281,#4282,#4283,#4284,
#4285,#4286,#4287,#4288,#4289,#4290,#4291,#4292,#4293,#4294,#4295,#4296,
#4297,#4298,#4299),(#4300,#4301,#4302,#4303,#4304,#4305,#4306,#4307,#4308,
#4309,#4310,#4311,#4312,#4313,#4314,#4315,#4316,#4317,#4318,#4319,#4320,
#4321,#4322,#4323,#4324,#4325,#4326,#4327,#4328,#4329,#4330,#4331,#4332,
#4333,#4334,#4335,#4336,#4337,#4338,#4339,#4340,#4341,#4342,#4343,#4344,
#4345,#4346,#4347,#4348,#4349,#4350,#4351,#4352,#4353,#4354,#4355,#4356,
#4357,#4358,#4359,#4360,#4361,#4362,#4363,#4364,#4365,#4366,#4367),(#4368,
#4369,#4370,#4371,#4372,#4373,#4374,#4375,#4376,#4377,#4378,#4379,#4380,
#4381,#4382,#4383,#4384,#4385,#4386,#4387,#4388,#4389,#4390,#4391,#4392,
#4393,#4394,#4395,#4396,#4397,#4398,#4399,#4400,#4401,#4402,#4403,#4404,
#4405,#4406,#4407,#4408,#4409,#4410,#4411,#4412,#4413,#4414,#4415,#4416,
#4417,#4418,#4419,#4420,#4421,#4422,#4423,#4424,#4425,#4426,#4427,#4428,
#4429,#4430,#4431,#4432,#4433,#4434,#4435),(#4436,#4437,#4438,#4439,#4440,
#4441,#4442,#4443,#4444,#4445,#4446,#4447,#4448,#4449,#4450,#4451,#4452,
#4453,#4454,#4455,#4456,#4457,#4458,#4459,#4460,#4461,#4462,#4463,#4464,
#4465,#4466,#4467,#4468,#4469,#4470,#4471,#4472,#4473,#4474,#4475,#4476,
#4477,#4478,#4479,#4480,#4481,#4482,#4483,#4484,#4485,#4486,#4487,#4488,
#4489,#4490,#4491,#4492,#4493,#4494,#4495,#4496,#4497,#4498,#4499,#4500,
#4501,#4502,#4503)),.UNSPECIFIED.,.F.,.F.,.F.,(4,4),(4,1,1,1,1,1,1,1,1,
1,1,1,1,1,1,1,1,1,1,1,1,1,1,1,1,1,1,1,1,1,1,1,1,1,1,1,1,1,1,1,1,1,1,1,1,
1,1,1,1,1,1,1,1,1,1,1,1,1,1,1,1,1,1,1,1,4),(0.,0.0329955678841872),(8.30276167405401,
9.30130043494446,10.2998391958349,11.2983779567253,12.2969167176158,13.2954554785062,
14.2939942393967,15.2925330002871,16.2910717611776,17.289610522068,18.2881492829585,
19.2866880438489,20.2852268047394,21.2837655656298,22.2823043265202,23.2808430874107,
24.2793818483011,25.2779206091916,26.276459370082,27.2749981309725,28.2735368918629,
29.2720756527534,30.2706144136438,31.2691531745342,32.2676919354247,33.2662306963151,
34.2647694572056,35.263308218096,36.2618469789865,37.2603857398769,38.2589245007674,
39.2574632616578,40.2560020225483,41.2545407834387,42.2530795443291,43.2516183052196,
44.25015706611,45.2486958270005,46.2472345878909,47.2457733487814,48.2443121096718,
49.2428508705623,50.2413896314527,51.2399283923432,52.2384671532336,53.237005914124,
54.2355446750145,55.2340834359049,56.2326221967954,57.2311609576858,58.2296997185763,
59.2282384794667,60.2267772403572,61.2253160012476,62.223854762138,63.2223935230285,
64.2209322839189,65.2194710448094,66.2180098056998,67.2165485665903,68.2150873274807,
69.2136260883712,70.2121648492616,71.2107036101521,72.2092423710425,73.2077811319329),
 .UNSPECIFIED.);
#54=B_SPLINE_SURFACE_WITH_KNOTS('',3,3,((#4730,#4731,#4732,#4733,#4734,
#4735,#4736,#4737,#4738,#4739,#4740,#4741,#4742,#4743,#4744,#4745,#4746,
#4747,#4748,#4749,#4750,#4751,#4752,#4753,#4754,#4755,#4756,#4757,#4758,
#4759,#4760,#4761,#4762,#4763,#4764,#4765,#4766,#4767,#4768,#4769,#4770,
#4771,#4772,#4773,#4774,#4775,#4776,#4777,#4778,#4779,#4780,#4781,#4782,
#4783,#4784,#4785,#4786,#4787,#4788,#4789,#4790,#4791,#4792,#4793,#4794,
#4795,#4796,#4797),(#4798,#4799,#4800,#4801,#4802,#4803,#4804,#4805,#4806,
#4807,#4808,#4809,#4810,#4811,#4812,#4813,#4814,#4815,#4816,#4817,#4818,
#4819,#4820,#4821,#4822,#4823,#4824,#4825,#4826,#4827,#4828,#4829,#4830,
#4831,#4832,#4833,#4834,#4835,#4836,#4837,#4838,#4839,#4840,#4841,#4842,
#4843,#4844,#4845,#4846,#4847,#4848,#4849,#4850,#4851,#4852,#4853,#4854,
#4855,#4856,#4857,#4858,#4859,#4860,#4861,#4862,#4863,#4864,#4865),(#4866,
#4867,#4868,#4869,#4870,#4871,#4872,#4873,#4874,#4875,#4876,#4877,#4878,
#4879,#4880,#4881,#4882,#4883,#4884,#4885,#4886,#4887,#4888,#4889,#4890,
#4891,#4892,#4893,#4894,#4895,#4896,#4897,#4898,#4899,#4900,#4901,#4902,
#4903,#4904,#4905,#4906,#4907,#4908,#4909,#4910,#4911,#4912,#4913,#4914,
#4915,#4916,#4917,#4918,#4919,#4920,#4921,#4922,#4923,#4924,#4925,#4926,
#4927,#4928,#4929,#4930,#4931,#4932,#4933),(#4934,#4935,#4936,#4937,#4938,
#4939,#4940,#4941,#4942,#4943,#4944,#4945,#4946,#4947,#4948,#4949,#4950,
#4951,#4952,#4953,#4954,#4955,#4956,#4957,#4958,#4959,#4960,#4961,#4962,
#4963,#4964,#4965,#4966,#4967,#4968,#4969,#4970,#4971,#4972,#4973,#4974,
#4975,#4976,#4977,#4978,#4979,#4980,#4981,#4982,#4983,#4984,#4985,#4986,
#4987,#4988,#4989,#4990,#4991,#4992,#4993,#4994,#4995,#4996,#4997,#4998,
#4999,#5000,#5001)),.UNSPECIFIED.,.F.,.F.,.F.,(4,4),(4,1,1,1,1,1,1,1,1,
1,1,1,1,1,1,1,1,1,1,1,1,1,1,1,1,1,1,1,1,1,1,1,1,1,1,1,1,1,1,1,1,1,1,1,1,
1,1,1,1,1,1,1,1,1,1,1,1,1,1,1,1,1,1,1,1,4),(0.,0.0329955678841872),(11.6152142277546,
12.6137529886451,13.6122917495355,14.6108305104259,15.6093692713164,16.6079080322068,
17.6064467930973,18.6049855539877,19.6035243148782,20.6020630757686,21.6006018366591,
22.5991405975495,23.59767935844,24.5962181193304,25.5947568802209,26.5932956411113,
27.5918344020018,28.5903731628922,29.5889119237826,30.5874506846731,31.5859894455635,
32.584528206454,33.5830669673444,34.5816057282349,35.5801444891253,36.5786832500158,
37.5772220109062,38.5757607717967,39.5742995326871,40.5728382935776,41.571377054468,
42.5699158153584,43.5684545762489,44.5669933371393,45.5655320980298,46.5640708589202,
47.5626096198107,48.5611483807011,49.5596871415916,50.558225902482,51.5567646633725,
52.5553034242629,53.5538421851534,54.5523809460438,55.5509197069343,56.5494584678247,
57.5479972287151,58.5465359896056,59.545074750496,60.5436135113865,61.5421522722769,
62.5406910331674,63.5392297940578,64.5377685549483,65.5363073158387,66.5348460767292,
67.5333848376196,68.5319235985101,69.5304623594005,70.529001120291,71.5275398811814,
72.5260786420718,73.5246174029623,74.5231561638527,75.5216949247432,76.5202336856336),
 .UNSPECIFIED.);
#55=FACE_OUTER_BOUND('',#134,.T.);
#56=FACE_OUTER_BOUND('',#135,.T.);
#57=FACE_OUTER_BOUND('',#136,.T.);
#58=FACE_OUTER_BOUND('',#137,.T.);
#59=FACE_OUTER_BOUND('',#138,.T.);
#60=FACE_OUTER_BOUND('',#139,.T.);
#61=FACE_OUTER_BOUND('',#140,.T.);
#62=FACE_OUTER_BOUND('',#141,.T.);
#63=FACE_OUTER_BOUND('',#142,.T.);
#64=FACE_OUTER_BOUND('',#143,.T.);
#65=FACE_OUTER_BOUND('',#144,.T.);
#66=FACE_OUTER_BOUND('',#145,.T.);
#67=FACE_OUTER_BOUND('',#146,.T.);
#68=FACE_OUTER_BOUND('',#147,.T.);
#69=FACE_OUTER_BOUND('',#148,.T.);
#70=FACE_OUTER_BOUND('',#149,.T.);
#71=FACE_OUTER_BOUND('',#150,.T.);
#72=FACE_OUTER_BOUND('',#151,.T.);
#73=FACE_OUTER_BOUND('',#152,.T.);
#74=FACE_OUTER_BOUND('',#153,.T.);
#75=FACE_OUTER_BOUND('',#154,.T.);
#76=FACE_OUTER_BOUND('',#155,.T.);
#77=FACE_OUTER_BOUND('',#156,.T.);
#78=FACE_OUTER_BOUND('',#157,.T.);
#79=FACE_OUTER_BOUND('',#159,.T.);
#80=FACE_OUTER_BOUND('',#160,.T.);
#81=FACE_OUTER_BOUND('',#161,.T.);
#82=FACE_OUTER_BOUND('',#162,.T.);
#83=FACE_OUTER_BOUND('',#163,.T.);
#84=FACE_OUTER_BOUND('',#164,.T.);
#85=FACE_OUTER_BOUND('',#165,.T.);
#86=FACE_OUTER_BOUND('',#166,.T.);
#87=FACE_OUTER_BOUND('',#167,.T.);
#88=FACE_OUTER_BOUND('',#168,.T.);
#89=FACE_OUTER_BOUND('',#169,.T.);
#90=FACE_OUTER_BOUND('',#170,.T.);
#91=FACE_OUTER_BOUND('',#171,.T.);
#92=FACE_OUTER_BOUND('',#172,.T.);
#93=FACE_OUTER_BOUND('',#174,.T.);
#94=FACE_OUTER_BOUND('',#175,.T.);
#95=FACE_OUTER_BOUND('',#176,.T.);
#96=FACE_OUTER_BOUND('',#177,.T.);
#97=FACE_OUTER_BOUND('',#178,.T.);
#98=FACE_OUTER_BOUND('',#179,.T.);
#99=FACE_OUTER_BOUND('',#180,.T.);
#100=FACE_OUTER_BOUND('',#181,.T.);
#101=FACE_OUTER_BOUND('',#182,.T.);
#102=FACE_OUTER_BOUND('',#183,.T.);
#103=FACE_OUTER_BOUND('',#184,.T.);
#104=FACE_OUTER_BOUND('',#185,.T.);
#105=FACE_OUTER_BOUND('',#186,.T.);
#106=FACE_OUTER_BOUND('',#187,.T.);
#107=FACE_OUTER_BOUND('',#188,.T.);
#108=FACE_OUTER_BOUND('',#189,.T.);
#109=FACE_OUTER_BOUND('',#190,.T.);
#110=FACE_OUTER_BOUND('',#191,.T.);
#111=FACE_OUTER_BOUND('',#192,.T.);
#112=FACE_OUTER_BOUND('',#193,.T.);
#113=FACE_OUTER_BOUND('',#194,.T.);
#114=FACE_OUTER_BOUND('',#195,.T.);
#115=FACE_OUTER_BOUND('',#196,.T.);
#116=FACE_OUTER_BOUND('',#197,.T.);
#117=FACE_OUTER_BOUND('',#198,.T.);
#118=FACE_OUTER_BOUND('',#199,.T.);
#119=FACE_OUTER_BOUND('',#200,.T.);
#120=FACE_OUTER_BOUND('',#202,.T.);
#121=FACE_OUTER_BOUND('',#203,.T.);
#122=FACE_OUTER_BOUND('',#204,.T.);
#123=FACE_OUTER_BOUND('',#205,.T.);
#124=FACE_OUTER_BOUND('',#206,.T.);
#125=FACE_OUTER_BOUND('',#207,.T.);
#126=FACE_OUTER_BOUND('',#208,.T.);
#127=FACE_OUTER_BOUND('',#209,.T.);
#128=FACE_OUTER_BOUND('',#210,.T.);
#129=FACE_OUTER_BOUND('',#211,.T.);
#130=FACE_OUTER_BOUND('',#212,.T.);
#131=FACE_OUTER_BOUND('',#213,.T.);
#132=FACE_OUTER_BOUND('',#214,.T.);
#133=FACE_OUTER_BOUND('',#215,.T.);
#134=EDGE_LOOP('',(#842,#843,#844,#845));
#135=EDGE_LOOP('',(#846,#847,#848,#849));
#136=EDGE_LOOP('',(#850,#851,#852,#853));
#137=EDGE_LOOP('',(#854,#855,#856,#857));
#138=EDGE_LOOP('',(#858,#859,#860,#861));
#139=EDGE_LOOP('',(#862,#863,#864,#865));
#140=EDGE_LOOP('',(#866,#867,#868,#869));
#141=EDGE_LOOP('',(#870,#871,#872,#873));
#142=EDGE_LOOP('',(#874,#875,#876,#877));
#143=EDGE_LOOP('',(#878,#879,#880,#881));
#144=EDGE_LOOP('',(#882,#883,#884,#885));
#145=EDGE_LOOP('',(#886,#887,#888,#889));
#146=EDGE_LOOP('',(#890,#891,#892,#893));
#147=EDGE_LOOP('',(#894,#895,#896,#897));
#148=EDGE_LOOP('',(#898,#899,#900,#901));
#149=EDGE_LOOP('',(#902,#903,#904,#905));
#150=EDGE_LOOP('',(#906,#907,#908,#909));
#151=EDGE_LOOP('',(#910,#911,#912,#913));
#152=EDGE_LOOP('',(#914,#915,#916,#917));
#153=EDGE_LOOP('',(#918,#919,#920,#921));
#154=EDGE_LOOP('',(#922,#923,#924,#925));
#155=EDGE_LOOP('',(#926,#927,#928,#929,#930,#931,#932,#933,#934,#935,#936,
#937,#938,#939,#940,#941,#942,#943,#944,#945,#946,#947,#948,#949));
#156=EDGE_LOOP('',(#950,#951,#952,#953,#954,#955,#956,#957,#958,#959,#960,
#961,#962,#963,#964,#965,#966,#967,#968,#969,#970,#971,#972,#973));
#157=EDGE_LOOP('',(#974,#975,#976,#977,#978,#979));
#158=EDGE_LOOP('',(#980,#981,#982,#983));
#159=EDGE_LOOP('',(#984,#985,#986,#987));
#160=EDGE_LOOP('',(#988,#989,#990,#991));
#161=EDGE_LOOP('',(#992,#993,#994,#995));
#162=EDGE_LOOP('',(#996,#997,#998,#999));
#163=EDGE_LOOP('',(#1000,#1001,#1002,#1003));
#164=EDGE_LOOP('',(#1004,#1005,#1006,#1007));
#165=EDGE_LOOP('',(#1008,#1009,#1010,#1011));
#166=EDGE_LOOP('',(#1012,#1013,#1014,#1015));
#167=EDGE_LOOP('',(#1016,#1017,#1018,#1019));
#168=EDGE_LOOP('',(#1020,#1021,#1022,#1023));
#169=EDGE_LOOP('',(#1024,#1025,#1026,#1027));
#170=EDGE_LOOP('',(#1028,#1029,#1030,#1031));
#171=EDGE_LOOP('',(#1032,#1033,#1034,#1035));
#172=EDGE_LOOP('',(#1036,#1037,#1038,#1039,#1040,#1041));
#173=EDGE_LOOP('',(#1042,#1043,#1044,#1045));
#174=EDGE_LOOP('',(#1046,#1047,#1048,#1049));
#175=EDGE_LOOP('',(#1050,#1051,#1052,#1053));
#176=EDGE_LOOP('',(#1054,#1055,#1056,#1057));
#177=EDGE_LOOP('',(#1058,#1059,#1060,#1061));
#178=EDGE_LOOP('',(#1062,#1063,#1064,#1065));
#179=EDGE_LOOP('',(#1066,#1067,#1068,#1069));
#180=EDGE_LOOP('',(#1070,#1071,#1072,#1073));
#181=EDGE_LOOP('',(#1074,#1075,#1076,#1077));
#182=EDGE_LOOP('',(#1078,#1079,#1080,#1081));
#183=EDGE_LOOP('',(#1082,#1083,#1084,#1085));
#184=EDGE_LOOP('',(#1086,#1087,#1088,#1089));
#185=EDGE_LOOP('',(#1090,#1091,#1092,#1093));
#186=EDGE_LOOP('',(#1094,#1095,#1096,#1097));
#187=EDGE_LOOP('',(#1098,#1099,#1100,#1101));
#188=EDGE_LOOP('',(#1102,#1103,#1104,#1105));
#189=EDGE_LOOP('',(#1106,#1107,#1108,#1109));
#190=EDGE_LOOP('',(#1110,#1111,#1112,#1113));
#191=EDGE_LOOP('',(#1114,#1115,#1116,#1117));
#192=EDGE_LOOP('',(#1118,#1119,#1120,#1121));
#193=EDGE_LOOP('',(#1122,#1123,#1124,#1125));
#194=EDGE_LOOP('',(#1126,#1127,#1128,#1129,#1130,#1131,#1132,#1133,#1134,
#1135,#1136,#1137,#1138,#1139,#1140,#1141,#1142,#1143,#1144,#1145,#1146,
#1147,#1148,#1149));
#195=EDGE_LOOP('',(#1150,#1151,#1152,#1153));
#196=EDGE_LOOP('',(#1154,#1155,#1156,#1157,#1158,#1159,#1160,#1161,#1162,
#1163,#1164,#1165,#1166,#1167,#1168,#1169,#1170,#1171,#1172,#1173,#1174,
#1175,#1176,#1177));
#197=EDGE_LOOP('',(#1178,#1179,#1180,#1181));
#198=EDGE_LOOP('',(#1182,#1183,#1184,#1185));
#199=EDGE_LOOP('',(#1186,#1187,#1188,#1189));
#200=EDGE_LOOP('',(#1190));
#201=EDGE_LOOP('',(#1191,#1192,#1193,#1194));
#202=EDGE_LOOP('',(#1195,#1196,#1197,#1198));
#203=EDGE_LOOP('',(#1199,#1200,#1201,#1202));
#204=EDGE_LOOP('',(#1203,#1204,#1205,#1206));
#205=EDGE_LOOP('',(#1207,#1208,#1209,#1210));
#206=EDGE_LOOP('',(#1211,#1212,#1213,#1214));
#207=EDGE_LOOP('',(#1215,#1216,#1217,#1218));
#208=EDGE_LOOP('',(#1219,#1220,#1221,#1222));
#209=EDGE_LOOP('',(#1223,#1224,#1225,#1226));
#210=EDGE_LOOP('',(#1227,#1228,#1229,#1230));
#211=EDGE_LOOP('',(#1231,#1232,#1233,#1234,#1235,#1236));
#212=EDGE_LOOP('',(#1237,#1238,#1239,#1240));
#213=EDGE_LOOP('',(#1241,#1242,#1243,#1244));
#214=EDGE_LOOP('',(#1245,#1246,#1247,#1248));
#215=EDGE_LOOP('',(#1249,#1250,#1251,#1252,#1253,#1254));
#216=EDGE_LOOP('',(#1255));
#217=CIRCLE('',#1408,2.8304375);
#218=CIRCLE('',#1418,2.8304375);
#219=CIRCLE('',#1420,3.17881249999999);
#220=CIRCLE('',#1430,3.17881249999999);
#221=CIRCLE('',#1454,3.079375);
#222=CIRCLE('',#1465,2.7221875);
#223=CIRCLE('',#1476,2.7221875);
#224=CIRCLE('',#1478,3.079375);
#225=CIRCLE('',#1481,3.125);
#226=CIRCLE('',#1482,3.125);
#227=B_SPLINE_CURVE_WITH_KNOTS('',3,(#1795,#1796,#1797,#1798,#1799,#1800,
#1801,#1802,#1803,#1804,#1805,#1806,#1807),.UNSPECIFIED.,.F.,.F.,(4,3,3,
3,4),(-3.85441580373413,-2.99325555303728,-1.99550370202486,-0.997751851012427,
0.),.UNSPECIFIED.);
#228=B_SPLINE_CURVE_WITH_KNOTS('',3,(#1810,#1811,#1812,#1813,#1814,#1815,
#1816,#1817,#1818,#1819,#1820,#1821,#1822,#1823,#1824,#1825,#1826,#1827,
#1828),.UNSPECIFIED.,.F.,.F.,(4,3,3,3,3,3,4),(2.0220235312483,2.99325555303728,
3.99100740404971,4.98875925506213,5.98651110607456,6.98426295708698,7.59238568828404),
 .UNSPECIFIED.);
#229=B_SPLINE_CURVE_WITH_KNOTS('',3,(#1833,#1834,#1835,#1836,#1837,#1838,
#1839,#1840,#1841,#1842,#1843,#1844,#1845,#1846,#1847,#1848,#1849,#1850,
#1851,#1852,#1853,#1854,#1855,#1856,#1857),.UNSPECIFIED.,.F.,.F.,(4,3,3,
3,3,3,3,3,4),(-10.1376011109137,-9.97751851012426,-8.97976665911184,-7.98201480809942,
-6.98426295708699,-5.98651110607456,-4.98875925506214,-3.99100740404971,
-3.85441580373413),.UNSPECIFIED.);
#230=B_SPLINE_CURVE_WITH_KNOTS('',3,(#1858,#1859,#1860,#1861,#1862,#1863,
#1864,#1865,#1866,#1867,#1868,#1869,#1870,#1871,#1872,#1873,#1874,#1875,
#1876,#1877,#1878,#1879),.UNSPECIFIED.,.F.,.F.,(4,3,3,3,3,3,3,4),(7.59238568828404,
7.98201480809941,8.97976665911184,9.97751851012427,10.9752703611367,11.9730222121491,
12.9707740631615,13.8755709954636),.UNSPECIFIED.);
#231=B_SPLINE_CURVE_WITH_KNOTS('',3,(#1884,#1885,#1886,#1887,#1888,#1889,
#1890,#1891,#1892,#1893,#1894,#1895,#1896,#1897,#1898,#1899,#1900,#1901,
#1902,#1903,#1904,#1905),.UNSPECIFIED.,.F.,.F.,(4,3,3,3,3,3,3,4),(-16.4207864180933,
-15.9640296161988,-14.9662777651864,-13.968525914174,-12.9707740631615,
-11.9730222121491,-10.9752703611367,-10.1376011109137),.UNSPECIFIED.);
#232=B_SPLINE_CURVE_WITH_KNOTS('',3,(#1906,#1907,#1908,#1909,#1910,#1911,
#1912,#1913,#1914,#1915,#1916,#1917,#1918,#1919,#1920,#1921,#1922,#1923,
#1924,#1925,#1926,#1927,#1928,#1929,#1930),.UNSPECIFIED.,.F.,.F.,(4,3,3,
3,3,3,3,3,4),(13.8755709954636,13.968525914174,14.9662777651864,15.9640296161988,
16.9617814672113,17.9595333182237,18.9572851692361,19.9550370202485,20.1587563026432),
 .UNSPECIFIED.);
#233=B_SPLINE_CURVE_WITH_KNOTS('',3,(#1935,#1936,#1937,#1938,#1939,#1940,
#1941,#1942,#1943,#1944,#1945,#1946,#1947,#1948,#1949,#1950,#1951,#1952,
#1953,#1954,#1955,#1956),.UNSPECIFIED.,.F.,.F.,(4,3,3,3,3,3,3,4),(-22.7039717252729,
-21.9505407222734,-20.952788871261,-19.9550370202485,-18.9572851692361,
-17.9595333182237,-16.9617814672113,-16.4207864180933),.UNSPECIFIED.);
#234=B_SPLINE_CURVE_WITH_KNOTS('',3,(#1957,#1958,#1959,#1960,#1961,#1962,
#1963,#1964,#1965,#1966,#1967,#1968,#1969,#1970,#1971,#1972,#1973,#1974,
#1975,#1976,#1977,#1978),.UNSPECIFIED.,.F.,.F.,(4,3,3,3,3,3,3,4),(20.1587563026432,
20.952788871261,21.9505407222734,22.9482925732858,23.9460444242982,24.9437962753107,
25.9415481263231,26.4419416098228),.UNSPECIFIED.);
#235=B_SPLINE_CURVE_WITH_KNOTS('',3,(#1983,#1984,#1985,#1986,#1987,#1988,
#1989,#1990,#1991,#1992,#1993,#1994,#1995,#1996,#1997,#1998,#1999,#2000,
#2001,#2002,#2003,#2004,#2005,#2006,#2007),.UNSPECIFIED.,.F.,.F.,(4,3,3,
3,3,3,3,3,4),(-28.9871570324525,-28.9348036793604,-27.9370518283479,-26.9392999773355,
-25.9415481263231,-24.9437962753107,-23.9460444242982,-22.9482925732858,
-22.7039717252729),.UNSPECIFIED.);
#236=B_SPLINE_CURVE_WITH_KNOTS('',3,(#2008,#2009,#2010,#2011,#2012,#2013,
#2014,#2015,#2016,#2017,#2018,#2019,#2020,#2021,#2022,#2023,#2024,#2025,
#2026,#2027,#2028,#2029),.UNSPECIFIED.,.F.,.F.,(4,3,3,3,3,3,3,4),(26.4419416098228,
26.9392999773355,27.9370518283479,28.9348036793604,29.9325555303728,30.9303073813852,
31.9280592323977,32.7251269170024),.UNSPECIFIED.);
#237=B_SPLINE_CURVE_WITH_KNOTS('',3,(#2034,#2035,#2036,#2037,#2038,#2039,
#2040,#2041,#2042,#2043,#2044,#2045,#2046,#2047,#2048,#2049,#2050,#2051,
#2052,#2053,#2054,#2055),.UNSPECIFIED.,.F.,.F.,(4,3,3,3,3,3,3,4),(-35.2703423396321,
-34.9213147854349,-33.9235629344225,-32.9258110834101,-31.9280592323977,
-30.9303073813852,-29.9325555303728,-28.9871570324525),.UNSPECIFIED.);
#238=B_SPLINE_CURVE_WITH_KNOTS('',3,(#2056,#2057,#2058,#2059,#2060,#2061,
#2062,#2063,#2064,#2065,#2066,#2067,#2068,#2069,#2070,#2071,#2072,#2073,
#2074,#2075,#2076,#2077,#2078,#2079,#2080),.UNSPECIFIED.,.F.,.F.,(4,3,3,
3,3,3,3,3,4),(32.7251269170024,32.9258110834101,33.9235629344225,34.9213147854349,
35.9190666364474,36.9168184874598,37.9145703384722,38.9123221894846,39.008312224182),
 .UNSPECIFIED.);
#239=B_SPLINE_CURVE_WITH_KNOTS('',3,(#2085,#2086,#2087,#2088,#2089,#2090,
#2091,#2092,#2093,#2094,#2095,#2096,#2097,#2098,#2099,#2100,#2101,#2102,
#2103,#2104,#2105,#2106),.UNSPECIFIED.,.F.,.F.,(4,3,3,3,3,3,3,4),(-41.5535276468116,
-40.9078258915095,-39.9100740404971,-38.9123221894846,-37.9145703384722,
-36.9168184874598,-35.9190666364474,-35.2703423396321),.UNSPECIFIED.);
#240=B_SPLINE_CURVE_WITH_KNOTS('',3,(#2107,#2108,#2109,#2110,#2111,#2112,
#2113,#2114,#2115,#2116,#2117,#2118,#2119,#2120,#2121,#2122,#2123,#2124,
#2125,#2126,#2127,#2128),.UNSPECIFIED.,.F.,.F.,(4,3,3,3,3,3,3,4),(39.008312224182,
39.9100740404971,40.9078258915095,41.9055777425219,42.9033295935344,43.9010814445468,
44.8988332955592,45.2914975313615),.UNSPECIFIED.);
#241=B_SPLINE_CURVE_WITH_KNOTS('',3,(#2133,#2134,#2135,#2136,#2137,#2138,
#2139,#2140,#2141,#2142,#2143,#2144,#2145,#2146,#2147,#2148,#2149,#2150,
#2151,#2152,#2153,#2154),.UNSPECIFIED.,.F.,.F.,(4,3,3,3,3,3,3,4),(-47.8367129539914,
-46.8943369975841,-45.8965851465716,-44.8988332955592,-43.9010814445468,
-42.9033295935344,-41.9055777425219,-41.5535276468116),.UNSPECIFIED.);
#242=B_SPLINE_CURVE_WITH_KNOTS('',3,(#2155,#2156,#2157,#2158,#2159,#2160,
#2161,#2162,#2163,#2164,#2165,#2166,#2167,#2168,#2169,#2170,#2171,#2172,
#2173,#2174,#2175,#2176),.UNSPECIFIED.,.F.,.F.,(4,3,3,3,3,3,3,4),(45.2914975313615,
45.8965851465716,46.894336997584,47.8920888485965,48.8898406996089,49.8875925506213,
50.8853444016338,51.5746828385411),.UNSPECIFIED.);
#243=B_SPLINE_CURVE_WITH_KNOTS('',3,(#2181,#2182,#2183,#2184,#2185,#2186,
#2187,#2188,#2189,#2190,#2191,#2192,#2193,#2194,#2195,#2196,#2197,#2198,
#2199,#2200,#2201,#2202,#2203,#2204,#2205),.UNSPECIFIED.,.F.,.F.,(4,3,3,
3,3,3,3,3,4),(-54.119898261171,-53.8785999546711,-52.8808481036586,-51.8830962526462,
-50.8853444016338,-49.8875925506213,-48.8898406996089,-47.8920888485965,
-47.8367129539914),.UNSPECIFIED.);
#244=B_SPLINE_CURVE_WITH_KNOTS('',3,(#2206,#2207,#2208,#2209,#2210,#2211,
#2212,#2213,#2214,#2215,#2216,#2217,#2218,#2219,#2220,#2221,#2222,#2223,
#2224,#2225,#2226,#2227),.UNSPECIFIED.,.F.,.F.,(4,3,3,3,3,3,3,4),(51.5746828385411,
51.8830962526462,52.8808481036586,53.8785999546711,54.8763518056835,55.8741036566959,
56.8718555077083,57.8578681457207),.UNSPECIFIED.);
#245=B_SPLINE_CURVE_WITH_KNOTS('',3,(#2233,#2234,#2235,#2236),
 .UNSPECIFIED.,.F.,.F.,(4,4),(64.1410534529003,64.8538703158077),
 .UNSPECIFIED.);
#246=B_SPLINE_CURVE_WITH_KNOTS('',3,(#2239,#2240,#2241,#2242,#2243,#2244,
#2245,#2246,#2247,#2248),.UNSPECIFIED.,.F.,.F.,(4,3,3,4),(-62.8318467845594,
-61.8606147627705,-60.862862911758,-60.4030835683506),.UNSPECIFIED.);
#247=B_SPLINE_CURVE_WITH_KNOTS('',3,(#2254,#2255,#2256,#2257,#2258,#2259,
#2260,#2261),.UNSPECIFIED.,.F.,.F.,(4,1,1,1,1,4),(72.2566310325652,72.7164103759727,
73.7141622269852,74.7119140779976,75.70966592901,76.7074177800224),
 .UNSPECIFIED.);
#248=B_SPLINE_CURVE_WITH_KNOTS('',3,(#2264,#2265,#2266,#2267,#2268,#2269,
#2270,#2271,#2272),.UNSPECIFIED.,.F.,.F.,(4,1,1,1,1,1,4),(72.2566310325652,
72.2683702455651,73.2661220965776,74.26387394759,75.2616257986024,76.2593776496148,
77.2306096714038),.UNSPECIFIED.);
#249=B_SPLINE_CURVE_WITH_KNOTS('',3,(#2277,#2278,#2279,#2280,#2281,#2282,
#2283,#2284,#2285,#2286),.UNSPECIFIED.,.F.,.F.,(4,1,1,1,1,1,1,4),(65.9734457253856,
66.7298992698982,67.7276511209106,68.725402971923,69.7231548229355,70.7209066739479,
71.7186585249603,72.2566310325652),.UNSPECIFIED.);
#250=B_SPLINE_CURVE_WITH_KNOTS('',3,(#2287,#2288,#2289,#2290,#2291,#2292,
#2293,#2294,#2295,#2296),.UNSPECIFIED.,.F.,.F.,(4,1,1,1,1,1,1,4),(65.9734457253856,
66.2818591394906,67.279610990503,68.2773628415154,69.2751146925279,70.2728665435403,
71.2706183945527,72.2566310325652),.UNSPECIFIED.);
#251=B_SPLINE_CURVE_WITH_KNOTS('',3,(#2301,#2302,#2303,#2304,#2305,#2306,
#2307,#2308,#2309,#2310,#2311),.UNSPECIFIED.,.F.,.F.,(4,1,1,1,1,1,1,1,4),
(59.6902604182061,59.7456363128112,60.7433881638236,61.741140014836,62.7388918658485,
63.7366437168609,64.7343955678733,65.7321474188858,65.9734457253856),
 .UNSPECIFIED.);
#252=B_SPLINE_CURVE_WITH_KNOTS('',3,(#2312,#2313,#2314,#2315,#2316,#2317,
#2318,#2319,#2320,#2321),.UNSPECIFIED.,.F.,.F.,(4,1,1,1,1,1,1,4),(59.6902604182061,
60.295348033416,61.2930998844284,62.2908517354409,63.2886035864533,64.2863554374657,
65.2841072884782,65.9734457253856),.UNSPECIFIED.);
#253=B_SPLINE_CURVE_WITH_KNOTS('',3,(#2326,#2327,#2328,#2329,#2330,#2331,
#2332,#2333,#2334,#2335),.UNSPECIFIED.,.F.,.F.,(4,1,1,1,1,1,1,4),(53.4070751110265,
53.7591252067366,54.7568770577491,55.7546289087615,56.7523807597739,57.7501326107863,
58.7478844617988,59.6902604182061),.UNSPECIFIED.);
#254=B_SPLINE_CURVE_WITH_KNOTS('',3,(#2336,#2337,#2338,#2339,#2340,#2341,
#2342,#2343,#2344,#2345),.UNSPECIFIED.,.F.,.F.,(4,1,1,1,1,1,1,4),(53.4070751110265,
54.3088369273415,55.3065887783539,56.3043406293663,57.3020924803787,58.2998443313912,
59.2975961824036,59.6902604182061),.UNSPECIFIED.);
#255=B_SPLINE_CURVE_WITH_KNOTS('',3,(#2350,#2351,#2352,#2353,#2354,#2355,
#2356,#2357,#2358,#2359),.UNSPECIFIED.,.F.,.F.,(4,1,1,1,1,1,1,4),(47.1238898038469,
47.7726141006621,48.7703659516745,49.7681178026869,50.7658696536994,51.7636215047118,
52.7613733557242,53.4070751110265),.UNSPECIFIED.);
#256=B_SPLINE_CURVE_WITH_KNOTS('',3,(#2360,#2361,#2362,#2363,#2364,#2365,
#2366,#2367,#2368,#2369,#2370),.UNSPECIFIED.,.F.,.F.,(4,1,1,1,1,1,1,1,4),
(47.1238898038469,47.3245739702545,48.3223258212669,49.3200776722793,50.3178295232917,
51.3155813743042,52.3133332253166,53.311085076329,53.4070751110265),
 .UNSPECIFIED.);
#257=B_SPLINE_CURVE_WITH_KNOTS('',3,(#2375,#2376,#2377,#2378,#2379,#2380,
#2381,#2382,#2383,#2384),.UNSPECIFIED.,.F.,.F.,(4,1,1,1,1,1,1,4),(40.8407044966673,
41.7861029945875,42.7838548455999,43.7816066966124,44.7793585476248,45.7771103986372,
46.7748622496497,47.1238898038469),.UNSPECIFIED.);
#258=B_SPLINE_CURVE_WITH_KNOTS('',3,(#2385,#2386,#2387,#2388,#2389,#2390,
#2391,#2392,#2393,#2394),.UNSPECIFIED.,.F.,.F.,(4,1,1,1,1,1,1,4),(40.8407044966673,
41.3380628641799,42.3358147151923,43.3335665662048,44.3313184172172,45.3290702682296,
46.3268221192421,47.1238898038469),.UNSPECIFIED.);
#259=B_SPLINE_CURVE_WITH_KNOTS('',3,(#2399,#2400,#2401,#2402,#2403,#2404,
#2405,#2406,#2407,#2408,#2409),.UNSPECIFIED.,.F.,.F.,(4,1,1,1,1,1,1,1,4),
(34.5575191894877,34.8018400375005,35.799591888513,36.7973437395254,37.7950955905378,
38.7928474415502,39.7905992925627,40.7883511435751,40.8407044966673),
 .UNSPECIFIED.);
#260=B_SPLINE_CURVE_WITH_KNOTS('',3,(#2410,#2411,#2412,#2413,#2414,#2415,
#2416,#2417,#2418,#2419),.UNSPECIFIED.,.F.,.F.,(4,1,1,1,1,1,1,4),(34.5575191894877,
35.3515517581054,36.3493036091178,37.3470554601302,38.3448073111426,39.3425591621551,
40.3403110131675,40.8407044966673),.UNSPECIFIED.);
#261=B_SPLINE_CURVE_WITH_KNOTS('',3,(#2424,#2425,#2426,#2427,#2428,#2429,
#2430,#2431,#2432,#2433),.UNSPECIFIED.,.F.,.F.,(4,1,1,1,1,1,1,4),(28.2743338823081,
28.815328931426,29.8130807824384,30.8108326334508,31.8085844844633,32.8063363354757,
33.8040881864881,34.5575191894877),.UNSPECIFIED.);
#262=B_SPLINE_CURVE_WITH_KNOTS('',3,(#2434,#2435,#2436,#2437,#2438,#2439,
#2440,#2441,#2442,#2443,#2444),.UNSPECIFIED.,.F.,.F.,(4,1,1,1,1,1,1,1,4),
(28.2743338823081,28.3672888010184,29.3650406520308,30.3627925030432,31.3605443540557,
32.3582962050681,33.3560480560805,34.3537999070929,34.5575191894877),
 .UNSPECIFIED.);
#263=B_SPLINE_CURVE_WITH_KNOTS('',3,(#2449,#2450,#2451,#2452,#2453,#2454,
#2455,#2456,#2457,#2458),.UNSPECIFIED.,.F.,.F.,(4,1,1,1,1,1,1,4),(21.9911485751286,
22.8288178253514,23.8265696763638,24.8243215273763,25.8220733783887,26.8198252294011,
27.8175770804135,28.2743338823081),.UNSPECIFIED.);
#264=B_SPLINE_CURVE_WITH_KNOTS('',3,(#2459,#2460,#2461,#2462,#2463,#2464,
#2465,#2466,#2467,#2468),.UNSPECIFIED.,.F.,.F.,(4,1,1,1,1,1,1,4),(21.9911485751286,
22.3807776949438,23.3785295459562,24.3762813969687,25.3740332479811,26.3717850989935,
27.3695369500059,28.2743338823081),.UNSPECIFIED.);
#265=B_SPLINE_CURVE_WITH_KNOTS('',3,(#2474,#2475,#2476,#2477,#2478),
 .UNSPECIFIED.,.F.,.F.,(4,1,4),(14.3987628868444,15.3965147378568,15.707963267949),
 .UNSPECIFIED.);
#266=B_SPLINE_CURVE_WITH_KNOTS('',3,(#2481,#2482,#2483,#2484,#2485),
 .UNSPECIFIED.,.F.,.F.,(4,1,4),(13.875570995463,14.846803017252,15.707963267949),
 .UNSPECIFIED.);
#267=B_SPLINE_CURVE_WITH_KNOTS('',3,(#2487,#2488,#2489,#2490,#2491,#2492,
#2493,#2494,#2495,#2496,#2497),.UNSPECIFIED.,.F.,.F.,(4,1,1,1,1,1,1,1,4),
(15.707963267949,15.8445548682644,16.8423067192769,17.8400585702893,18.8378104213017,
19.8355622723141,20.8333141233266,21.831065974339,21.9911485751286),
 .UNSPECIFIED.);
#268=B_SPLINE_CURVE_WITH_KNOTS('',3,(#2498,#2499,#2500,#2501,#2502,#2503,
#2504,#2505,#2506,#2507),.UNSPECIFIED.,.F.,.F.,(4,1,1,1,1,1,1,4),(15.707963267949,
16.3942665888693,17.3920184398817,18.3897702908941,19.3875221419065,20.385273992919,
21.3830258439314,21.9911485751286),.UNSPECIFIED.);
#269=B_SPLINE_CURVE_WITH_KNOTS('',3,(#2780,#2781,#2782,#2783,#2784,#2785,
#2786,#2787,#2788,#2789,#2790,#2791,#2792,#2793,#2794,#2795,#2796,#2797,
#2798,#2799,#2800,#2801,#2802,#2803,#2804,#2805,#2806,#2807,#2808,#2809,
#2810,#2811,#2812,#2813,#2814,#2815,#2816,#2817,#2818,#2819,#2820,#2821,
#2822,#2823,#2824,#2825,#2826,#2827,#2828,#2829,#2830,#2831,#2832,#2833,
#2834,#2835,#2836,#2837,#2838,#2839,#2840,#2841,#2842,#2843,#2844,#2845,
#2846,#2847,#2848,#2849,#2850,#2851,#2852,#2853,#2854,#2855,#2856,#2857,
#2858,#2859,#2860,#2861,#2862,#2863,#2864,#2865,#2866,#2867),
 .UNSPECIFIED.,.F.,.F.,(4,3,3,3,3,3,3,3,3,3,3,3,3,3,3,3,3,3,3,3,3,3,3,3,
3,3,3,3,3,4),(0.,0.024456317896459,0.0495151173001532,0.0743510556135124,
0.0960825016377016,0.100687984121818,0.125610234686305,0.150503075527319,
0.174927962597245,0.184887230764167,0.191244027004323,0.194548032091501,
0.218881192216117,0.242714070661755,0.248202623807026,0.272668775679024,
0.286267544349623,0.290857947921651,0.314861384711362,0.339049923779101,
0.363034554952852,0.379079919630633,0.383064872821737,0.407972896209,0.426653913749446,
0.43245390382566,0.438078450662156,0.46088990444627,0.482696966370787,0.488732737312094),
 .UNSPECIFIED.);
#270=B_SPLINE_CURVE_WITH_KNOTS('',3,(#2868,#2869,#2870,#2871,#2872,#2873,
#2874,#2875,#2876,#2877,#2878,#2879,#2880,#2881,#2882,#2883,#2884,#2885,
#2886,#2887,#2888,#2889,#2890,#2891,#2892,#2893,#2894,#2895,#2896,#2897,
#2898,#2899,#2900,#2901,#2902,#2903,#2904,#2905,#2906,#2907,#2908,#2909,
#2910,#2911,#2912,#2913,#2914,#2915,#2916,#2917,#2918,#2919,#2920,#2921,
#2922,#2923,#2924,#2925,#2926,#2927,#2928,#2929,#2930,#2931,#2932,#2933,
#2934,#2935,#2936,#2937,#2938,#2939,#2940,#2941,#2942,#2943,#2944,#2945,
#2946,#2947,#2948,#2949,#2950,#2951,#2952,#2953,#2954,#2955,#2956,#2957,
#2958,#2959,#2960,#2961),.UNSPECIFIED.,.F.,.F.,(4,3,3,3,3,3,3,3,3,3,3,3,
3,3,3,3,3,3,3,3,3,3,3,3,3,3,3,3,3,3,3,4),(-0.488732737312041,-0.466174522804744,
-0.443065121800203,-0.435689290019506,-0.431437322404349,-0.407856481438203,
-0.388702488838155,-0.383213515544684,-0.377686386702539,-0.353742142902526,
-0.328962742336348,-0.30511636512195,-0.292493409000916,-0.288520538404649,
-0.285032362883033,-0.260550375576728,-0.254624540637815,-0.230879329611628,
-0.206621968156357,-0.196699637510557,-0.191835832772398,-0.167382817948498,
-0.14250885655596,-0.117539125536819,-0.103690932605874,-0.0982671521365825,
-0.0946891922134161,-0.0693205581847506,-0.0440484782254221,-0.0194086943908334,
-0.00675358208925909,0.),.UNSPECIFIED.);
#271=B_SPLINE_CURVE_WITH_KNOTS('',3,(#2962,#2963,#2964,#2965,#2966,#2967,
#2968,#2969,#2970,#2971,#2972,#2973,#2974,#2975,#2976,#2977,#2978,#2979,
#2980,#2981,#2982,#2983),.UNSPECIFIED.,.F.,.F.,(4,3,3,3,3,3,3,4),(-60.4030835683506,
-59.8651110607456,-58.8673592097332,-57.8696073587208,-56.8718555077083,
-55.8741036566959,-54.8763518056835,-54.119898261171),.UNSPECIFIED.);
#272=B_SPLINE_CURVE_WITH_KNOTS('',3,(#3256,#3257,#3258,#3259,#3260,#3261,
#3262,#3263,#3264,#3265,#3266,#3267,#3268,#3269,#3270,#3271,#3272,#3273,
#3274,#3275,#3276,#3277,#3278,#3279,#3280,#3281,#3282,#3283,#3284,#3285,
#3286,#3287,#3288,#3289,#3290,#3291,#3292,#3293,#3294,#3295,#3296,#3297,
#3298,#3299,#3300,#3301,#3302,#3303,#3304,#3305,#3306,#3307,#3308,#3309,
#3310,#3311,#3312,#3313,#3314,#3315,#3316,#3317,#3318,#3319,#3320,#3321,
#3322,#3323,#3324,#3325,#3326,#3327,#3328,#3329,#3330,#3331,#3332,#3333,
#3334,#3335,#3336,#3337,#3338,#3339,#3340,#3341,#3342,#3343,#3344,#3345,
#3346),.UNSPECIFIED.,.F.,.F.,(4,3,3,3,3,3,3,3,3,3,3,3,3,3,3,3,3,3,3,3,3,
3,3,3,3,3,3,3,3,3,4),(0.,0.0222739037873567,0.0451581768194336,0.0687380890141195,
0.0795690766464803,0.0856149902093805,0.0892398145975345,0.0926458349215726,
0.11637287882274,0.140382621822412,0.16373633496104,0.173660283146726,0.178458421864677,
0.183122079966697,0.208459777171809,0.233797474376921,0.257690230606141,
0.271937792138655,0.276564918017369,0.300381025087913,0.325025270241066,
0.349851011402994,0.366220202796588,0.370109862328523,0.395220808476103,
0.416616741995013,0.426681381103406,0.431326384595998,0.456436039458946,
0.480804542551744,0.487541846182291),.UNSPECIFIED.);
#273=B_SPLINE_CURVE_WITH_KNOTS('',3,(#3347,#3348,#3349,#3350,#3351,#3352,
#3353,#3354,#3355,#3356,#3357,#3358,#3359,#3360,#3361,#3362,#3363,#3364,
#3365,#3366,#3367,#3368,#3369,#3370,#3371),.UNSPECIFIED.,.F.,.F.,(4,3,3,
3,3,3,3,3,4),(57.8578681457207,57.8696073587208,58.8673592097332,59.8651110607456,
60.862862911758,61.8606147627705,62.8583666137829,63.8561184647953,64.1410534529003),
 .UNSPECIFIED.);
#274=B_SPLINE_CURVE_WITH_KNOTS('',3,(#3372,#3373,#3374,#3375,#3376,#3377,
#3378,#3379,#3380,#3381,#3382,#3383,#3384,#3385,#3386,#3387,#3388,#3389,
#3390,#3391,#3392,#3393,#3394,#3395,#3396,#3397,#3398,#3399,#3400,#3401,
#3402,#3403,#3404,#3405,#3406,#3407,#3408,#3409,#3410,#3411,#3412,#3413,
#3414,#3415,#3416,#3417,#3418,#3419,#3420,#3421,#3422,#3423,#3424,#3425,
#3426,#3427,#3428,#3429,#3430,#3431,#3432,#3433,#3434,#3435,#3436,#3437,
#3438,#3439,#3440,#3441,#3442,#3443,#3444,#3445,#3446,#3447,#3448,#3449,
#3450,#3451,#3452,#3453,#3454,#3455,#3456,#3457,#3458,#3459,#3460,#3461,
#3462,#3463,#3464,#3465),.UNSPECIFIED.,.F.,.F.,(4,3,3,3,3,3,3,3,3,3,3,3,
3,3,3,3,3,3,3,3,3,3,3,3,3,3,3,3,3,3,3,4),(-0.487541846182125,-0.46272412920944,
-0.43745907186757,-0.430359706958032,-0.424837960101576,-0.39972231804205,
-0.379782496825459,-0.372477398973037,-0.366757470357219,-0.341965787992726,
-0.316525278071875,-0.29252818441841,-0.279447075391138,-0.274834743011222,
-0.271672062931451,-0.247703401706319,-0.240203748309321,-0.216074911566824,
-0.191660470357849,-0.182473108193132,-0.178183687714383,-0.154248511134229,
-0.130218614380298,-0.106470326795279,-0.0939146015788222,-0.0896935005690784,
-0.086004266254832,-0.0625558249380394,-0.0394521411005175,-0.0170801694976256,
-0.00602452506362163,0.),.UNSPECIFIED.);
#275=B_SPLINE_CURVE_WITH_KNOTS('',3,(#3534,#3535,#3536,#3537,#3538,#3539,
#3540,#3541,#3542,#3543),.UNSPECIFIED.,.F.,.F.,(4,3,3,4),(-4.09274904019436,
-3.99415504356179,-2.99561628267134,-2.07317267331995),.UNSPECIFIED.);
#276=B_SPLINE_CURVE_WITH_KNOTS('',3,(#3546,#3547,#3548,#3549,#3550,#3551,
#3552),.UNSPECIFIED.,.F.,.F.,(4,3,4),(0.,0.998538760890453,1.12201628671522),
 .UNSPECIFIED.);
#277=B_SPLINE_CURVE_WITH_KNOTS('',3,(#3557,#3558,#3559,#3560,#3561,#3562,
#3563,#3564,#3565,#3566,#3567,#3568,#3569,#3570,#3571,#3572,#3573,#3574,
#3575,#3576,#3577,#3578),.UNSPECIFIED.,.F.,.F.,(4,3,3,3,3,3,3,4),(-10.3759343473739,
-9.98538760890447,-8.98684884801402,-7.98831008712357,-6.98977132623313,
-5.99123256534268,-4.99269380445223,-4.09274904019436),.UNSPECIFIED.);
#278=B_SPLINE_CURVE_WITH_KNOTS('',3,(#3579,#3580,#3581,#3582,#3583,#3584,
#3585,#3586,#3587,#3588,#3589,#3590,#3591,#3592,#3593,#3594,#3595,#3596,
#3597,#3598,#3599,#3600),.UNSPECIFIED.,.F.,.F.,(4,3,3,3,3,3,3,4),(1.12201628671522,
1.9970775217809,2.99561628267134,3.99415504356179,4.99269380445223,5.99123256534268,
6.98977132623312,7.40520159389481),.UNSPECIFIED.);
#279=B_SPLINE_CURVE_WITH_KNOTS('',3,(#3605,#3606,#3607,#3608,#3609,#3610,
#3611,#3612,#3613,#3614,#3615,#3616,#3617,#3618,#3619,#3620,#3621,#3622,
#3623,#3624,#3625,#3626),.UNSPECIFIED.,.F.,.F.,(4,3,3,3,3,3,3,4),(-16.6591196545535,
-15.9766201742471,-14.9780814133567,-13.9795426524663,-12.9810038915758,
-11.9824651306854,-10.9839263697949,-10.3759343473739),.UNSPECIFIED.);
#280=B_SPLINE_CURVE_WITH_KNOTS('',3,(#3627,#3628,#3629,#3630,#3631,#3632,
#3633,#3634,#3635,#3636,#3637,#3638,#3639,#3640,#3641,#3642,#3643,#3644,
#3645,#3646,#3647,#3648),.UNSPECIFIED.,.F.,.F.,(4,3,3,3,3,3,3,4),(7.40520159389481,
7.98831008712356,8.98684884801401,9.98538760890445,10.9839263697949,11.9824651306853,
12.9810038915758,13.6883869010744),.UNSPECIFIED.);
#281=B_SPLINE_CURVE_WITH_KNOTS('',3,(#3653,#3654,#3655,#3656,#3657,#3658,
#3659,#3660,#3661,#3662,#3663,#3664,#3665,#3666,#3667,#3668,#3669,#3670,
#3671,#3672,#3673,#3674),.UNSPECIFIED.,.F.,.F.,(4,3,3,3,3,3,3,4),(-22.9423049617331,
-21.9678527395898,-20.9693139786994,-19.9707752178089,-18.9722364569185,
-17.973697696028,-16.9751589351376,-16.6591196545535),.UNSPECIFIED.);
#282=B_SPLINE_CURVE_WITH_KNOTS('',3,(#3675,#3676,#3677,#3678,#3679,#3680,
#3681,#3682,#3683,#3684,#3685,#3686,#3687,#3688,#3689,#3690,#3691,#3692,
#3693,#3694,#3695,#3696),.UNSPECIFIED.,.F.,.F.,(4,3,3,3,3,3,3,4),(13.6883869010744,
13.9795426524662,14.9780814133567,15.9766201742471,16.9751589351376,17.973697696028,
18.9722364569185,19.971572208254),.UNSPECIFIED.);
#283=B_SPLINE_CURVE_WITH_KNOTS('',3,(#3701,#3702,#3703,#3704,#3705,#3706,
#3707,#3708,#3709,#3710,#3711,#3712,#3713,#3714,#3715,#3716,#3717,#3718,
#3719,#3720,#3721,#3722,#3723,#3724,#3725),.UNSPECIFIED.,.F.,.F.,(4,3,3,
3,3,3,3,3,4),(-29.2254902689127,-28.9576240658229,-27.9590853049325,-26.960546544042,
-25.9620077831516,-24.9634690222612,-23.9649302613707,-22.9663915004803,
-22.9423049617331),.UNSPECIFIED.);
#284=B_SPLINE_CURVE_WITH_KNOTS('',3,(#3726,#3727,#3728,#3729,#3730,#3731,
#3732,#3733,#3734,#3735,#3736,#3737,#3738,#3739,#3740,#3741,#3742,#3743,
#3744,#3745,#3746,#3747),.UNSPECIFIED.,.F.,.F.,(4,3,3,3,3,3,3,4),(19.971572208254,
20.9693139786993,21.9678527395898,22.9663915004802,23.9649302613707,24.9634690222611,
25.9620077831516,26.2547575154336),.UNSPECIFIED.);
#285=B_SPLINE_CURVE_WITH_KNOTS('',3,(#3752,#3753,#3754,#3755,#3756,#3757,
#3758,#3759,#3760,#3761,#3762,#3763,#3764,#3765,#3766,#3767,#3768,#3769,
#3770,#3771,#3772,#3773),.UNSPECIFIED.,.F.,.F.,(4,3,3,3,3,3,3,4),(-35.5086755760923,
-34.9488566311656,-33.9503178702752,-32.9517791093847,-31.9532403484943,
-30.9547015876038,-29.9561628267134,-29.2254902689127),.UNSPECIFIED.);
#286=B_SPLINE_CURVE_WITH_KNOTS('',3,(#3774,#3775,#3776,#3777,#3778,#3779,
#3780,#3781,#3782,#3783,#3784,#3785,#3786,#3787,#3788,#3789,#3790,#3791,
#3792,#3793,#3794,#3795),.UNSPECIFIED.,.F.,.F.,(4,3,3,3,3,3,3,4),(26.2547575154336,
26.960546544042,27.9590853049325,28.9576240658229,29.9561628267134,30.9547015876038,
31.9532403484942,32.5379428226132),.UNSPECIFIED.);
#287=B_SPLINE_CURVE_WITH_KNOTS('',3,(#3800,#3801,#3802,#3803,#3804,#3805,
#3806,#3807,#3808,#3809,#3810,#3811,#3812,#3813,#3814,#3815,#3816,#3817,
#3818,#3819,#3820,#3821),.UNSPECIFIED.,.F.,.F.,(4,3,3,3,3,3,3,4),(-41.7918608832719,
-40.9400891965083,-39.9415504356179,-38.9430116747274,-37.944472913837,
-36.9459341529465,-35.9473953920561,-35.5086755760923),.UNSPECIFIED.);
#288=B_SPLINE_CURVE_WITH_KNOTS('',3,(#3822,#3823,#3824,#3825,#3826,#3827,
#3828,#3829,#3830,#3831,#3832,#3833,#3834,#3835,#3836,#3837,#3838,#3839,
#3840,#3841,#3842,#3843),.UNSPECIFIED.,.F.,.F.,(4,3,3,3,3,3,3,4),(32.5379428226132,
32.9517791093847,33.9503178702751,34.9488566311656,35.947395392056,36.9459341529465,
37.9444729138369,38.8211281297927),.UNSPECIFIED.);
#289=B_SPLINE_CURVE_WITH_KNOTS('',3,(#3848,#3849,#3850,#3851,#3852,#3853,
#3854,#3855,#3856,#3857,#3858,#3859,#3860,#3861,#3862,#3863,#3864,#3865,
#3866,#3867,#3868,#3869,#3870,#3871,#3872),.UNSPECIFIED.,.F.,.F.,(4,3,3,
3,3,3,3,3,4),(-48.0750461904515,-47.9298605227414,-46.931321761851,-45.9327830009605,
-44.9342442400701,-43.9357054791796,-42.9371667182892,-41.9386279573988,
-41.7918608832719),.UNSPECIFIED.);
#290=B_SPLINE_CURVE_WITH_KNOTS('',3,(#3873,#3874,#3875,#3876,#3877,#3878,
#3879,#3880,#3881,#3882,#3883,#3884,#3885,#3886,#3887,#3888,#3889,#3890,
#3891,#3892,#3893,#3894,#3895,#3896,#3897),.UNSPECIFIED.,.F.,.F.,(4,3,3,
3,3,3,3,3,4),(38.8211281297927,38.9430116747274,39.9415504356178,40.9400891965083,
41.9386279573987,42.9371667182891,43.9357054791796,44.93424424007,45.1043134369723),
 .UNSPECIFIED.);
#291=B_SPLINE_CURVE_WITH_KNOTS('',3,(#3902,#3903,#3904,#3905,#3906,#3907,
#3908,#3909,#3910,#3911,#3912,#3913,#3914,#3915,#3916,#3917,#3918,#3919,
#3920,#3921,#3922,#3923),.UNSPECIFIED.,.F.,.F.,(4,3,3,3,3,3,3,4),(-54.358231497631,
-53.9210930880841,-52.9225543271937,-51.9240155663032,-50.9254768054128,
-49.9269380445223,-48.9283992836319,-48.0750461904515),.UNSPECIFIED.);
#292=B_SPLINE_CURVE_WITH_KNOTS('',3,(#3924,#3925,#3926,#3927,#3928,#3929,
#3930,#3931,#3932,#3933,#3934,#3935,#3936,#3937,#3938,#3939,#3940,#3941,
#3942,#3943,#3944,#3945),.UNSPECIFIED.,.F.,.F.,(4,3,3,3,3,3,3,4),(45.1043134369723,
45.9327830009605,46.9313217618509,47.9298605227414,48.9283992836318,49.9269380445223,
50.9254768054127,51.3874987441521),.UNSPECIFIED.);
#293=B_SPLINE_CURVE_WITH_KNOTS('',3,(#3950,#3951,#3952,#3953,#3954,#3955,
#3956,#3957,#3958,#3959,#3960,#3961,#3962,#3963,#3964,#3965,#3966,#3967,
#3968,#3969,#3970,#3971),.UNSPECIFIED.,.F.,.F.,(4,3,3,3,3,3,3,4),(-60.6414168048106,
-59.9123256534268,-58.9137868925364,-57.9152481316459,-56.9167093707555,
-55.918170609865,-54.9196318489746,-54.358231497631),.UNSPECIFIED.);
#294=B_SPLINE_CURVE_WITH_KNOTS('',3,(#3972,#3973,#3974,#3975,#3976,#3977,
#3978,#3979,#3980,#3981,#3982,#3983,#3984,#3985,#3986,#3987,#3988,#3989,
#3990,#3991,#3992,#3993),.UNSPECIFIED.,.F.,.F.,(4,3,3,3,3,3,3,4),(51.3874987441521,
51.9240155663032,52.9225543271936,53.921093088084,54.9196318489745,55.918170609865,
56.9167093707554,57.6706840513317),.UNSPECIFIED.);
#295=B_SPLINE_CURVE_WITH_KNOTS('',3,(#3999,#4000,#4001,#4002,#4003,#4004),
 .UNSPECIFIED.,.F.,.F.,(4,1,1,4),(72.2566310325653,72.5260786420718,73.5246174029623,
74.4470610123139),.UNSPECIFIED.);
#296=B_SPLINE_CURVE_WITH_KNOTS('',3,(#4007,#4008,#4009,#4010),
 .UNSPECIFIED.,.F.,.F.,(4,4),(72.2566310325652,73.2077811319329),
 .UNSPECIFIED.);
#297=B_SPLINE_CURVE_WITH_KNOTS('',3,(#4015,#4016,#4017,#4018,#4019,#4020,
#4021,#4022,#4023,#4024),.UNSPECIFIED.,.F.,.F.,(4,1,1,1,1,1,1,4),(65.9734457253857,
66.5348460767292,67.5333848376196,68.5319235985101,69.5304623594005,70.529001120291,
71.5275398811814,72.2566310325653),.UNSPECIFIED.);
#298=B_SPLINE_CURVE_WITH_KNOTS('',3,(#4025,#4026,#4027,#4028,#4029,#4030,
#4031,#4032,#4033,#4034,#4035),.UNSPECIFIED.,.F.,.F.,(4,1,1,1,1,1,1,1,4),
(65.9734457253856,66.2180098056998,67.2165485665903,68.2150873274807,69.2136260883712,
70.2121648492616,71.2107036101521,72.2092423710425,72.2566310325652),
 .UNSPECIFIED.);
#299=B_SPLINE_CURVE_WITH_KNOTS('',3,(#4040,#4041,#4042,#4043,#4044,#4045,
#4046,#4047,#4048,#4049),.UNSPECIFIED.,.F.,.F.,(4,1,1,1,1,1,1,4),(59.6902604182062,
60.5436135113865,61.5421522722769,62.5406910331674,63.5392297940578,64.5377685549483,
65.5363073158387,65.9734457253857),.UNSPECIFIED.);
#300=B_SPLINE_CURVE_WITH_KNOTS('',3,(#4050,#4051,#4052,#4053,#4054,#4055,
#4056,#4057,#4058,#4059),.UNSPECIFIED.,.F.,.F.,(4,1,1,1,1,1,1,4),(59.6902604182061,
60.2267772403572,61.2253160012476,62.223854762138,63.2223935230285,64.2209322839189,
65.2194710448094,65.9734457253856),.UNSPECIFIED.);
#301=B_SPLINE_CURVE_WITH_KNOTS('',3,(#4064,#4065,#4066,#4067,#4068,#4069,
#4070,#4071,#4072,#4073,#4074),.UNSPECIFIED.,.F.,.F.,(4,1,1,1,1,1,1,1,4),
(53.4070751110264,53.5538421851534,54.5523809460438,55.5509197069343,56.5494584678247,
57.5479972287151,58.5465359896056,59.545074750496,59.6902604182062),
 .UNSPECIFIED.);
#302=B_SPLINE_CURVE_WITH_KNOTS('',3,(#4075,#4076,#4077,#4078,#4079,#4080,
#4081,#4082,#4083,#4084),.UNSPECIFIED.,.F.,.F.,(4,1,1,1,1,1,1,4),(53.4070751110265,
54.2355446750145,55.2340834359049,56.2326221967954,57.2311609576858,58.2296997185763,
59.2282384794667,59.6902604182061),.UNSPECIFIED.);
#303=B_SPLINE_CURVE_WITH_KNOTS('',3,(#4089,#4090,#4091,#4092,#4093,#4094,
#4095,#4096,#4097,#4098),.UNSPECIFIED.,.F.,.F.,(4,1,1,1,1,1,1,4),(47.1238898038468,
47.5626096198107,48.5611483807011,49.5596871415916,50.558225902482,51.5567646633725,
52.5553034242629,53.4070751110264),.UNSPECIFIED.);
#304=B_SPLINE_CURVE_WITH_KNOTS('',3,(#4099,#4100,#4101,#4102,#4103,#4104,
#4105,#4106,#4107,#4108,#4109),.UNSPECIFIED.,.F.,.F.,(4,1,1,1,1,1,1,1,4),
(47.1238898038469,47.2457733487814,48.2443121096718,49.2428508705623,50.2413896314527,
51.2399283923432,52.2384671532336,53.237005914124,53.4070751110265),
 .UNSPECIFIED.);
#305=B_SPLINE_CURVE_WITH_KNOTS('',3,(#4114,#4115,#4116,#4117,#4118,#4119,
#4120,#4121,#4122,#4123),.UNSPECIFIED.,.F.,.F.,(4,1,1,1,1,1,1,4),(40.8407044966672,
41.571377054468,42.5699158153584,43.5684545762489,44.5669933371393,45.5655320980298,
46.5640708589202,47.1238898038468),.UNSPECIFIED.);
#306=B_SPLINE_CURVE_WITH_KNOTS('',3,(#4124,#4125,#4126,#4127,#4128,#4129,
#4130,#4131,#4132,#4133),.UNSPECIFIED.,.F.,.F.,(4,1,1,1,1,1,1,4),(40.8407044966673,
41.2545407834387,42.2530795443291,43.2516183052196,44.25015706611,45.2486958270005,
46.2472345878909,47.1238898038469),.UNSPECIFIED.);
#307=B_SPLINE_CURVE_WITH_KNOTS('',3,(#4138,#4139,#4140,#4141,#4142,#4143,
#4144,#4145,#4146,#4147,#4148),.UNSPECIFIED.,.F.,.F.,(4,1,1,1,1,1,1,1,4),
(34.5575191894876,34.5816057282349,35.5801444891253,36.5786832500158,37.5772220109062,
38.5757607717967,39.5742995326871,40.5728382935776,40.8407044966672),
 .UNSPECIFIED.);
#308=B_SPLINE_CURVE_WITH_KNOTS('',3,(#4149,#4150,#4151,#4152,#4153,#4154,
#4155,#4156,#4157,#4158),.UNSPECIFIED.,.F.,.F.,(4,1,1,1,1,1,1,4),(34.5575191894877,
35.263308218096,36.2618469789865,37.2603857398769,38.2589245007674,39.2574632616578,
40.2560020225483,40.8407044966673),.UNSPECIFIED.);
#309=B_SPLINE_CURVE_WITH_KNOTS('',3,(#4163,#4164,#4165,#4166,#4167,#4168,
#4169,#4170,#4171,#4172),.UNSPECIFIED.,.F.,.F.,(4,1,1,1,1,1,1,4),(28.274333882308,
28.5903731628922,29.5889119237826,30.5874506846731,31.5859894455635,32.584528206454,
33.5830669673444,34.5575191894876),.UNSPECIFIED.);
#310=B_SPLINE_CURVE_WITH_KNOTS('',3,(#4173,#4174,#4175,#4176,#4177,#4178,
#4179,#4180,#4181,#4182),.UNSPECIFIED.,.F.,.F.,(4,1,1,1,1,1,1,4),(28.2743338823081,
29.2720756527534,30.2706144136438,31.2691531745342,32.2676919354247,33.2662306963151,
34.2647694572056,34.5575191894877),.UNSPECIFIED.);
#311=B_SPLINE_CURVE_WITH_KNOTS('',3,(#4187,#4188,#4189,#4190,#4191,#4192,
#4193,#4194,#4195,#4196),.UNSPECIFIED.,.F.,.F.,(4,1,1,1,1,1,1,4),(21.9911485751285,
22.5991405975495,23.59767935844,24.5962181193304,25.5947568802209,26.5932956411113,
27.5918344020018,28.274333882308),.UNSPECIFIED.);
#312=B_SPLINE_CURVE_WITH_KNOTS('',3,(#4197,#4198,#4199,#4200,#4201,#4202,
#4203,#4204,#4205,#4206,#4207),.UNSPECIFIED.,.F.,.F.,(4,1,1,1,1,1,1,1,4),
(21.9911485751286,22.2823043265202,23.2808430874107,24.2793818483011,25.2779206091916,
26.276459370082,27.2749981309725,28.2735368918629,28.2743338823081),
 .UNSPECIFIED.);
#313=B_SPLINE_CURVE_WITH_KNOTS('',3,(#4212,#4213,#4214,#4215,#4216,#4217,
#4218,#4219,#4220,#4221),.UNSPECIFIED.,.F.,.F.,(4,1,1,1,1,1,1,4),(15.7079632679489,
16.6079080322068,17.6064467930973,18.6049855539877,19.6035243148782,20.6020630757686,
21.6006018366591,21.9911485751285),.UNSPECIFIED.);
#314=B_SPLINE_CURVE_WITH_KNOTS('',3,(#4222,#4223,#4224,#4225,#4226,#4227,
#4228,#4229,#4230,#4231),.UNSPECIFIED.,.F.,.F.,(4,1,1,1,1,1,1,4),(15.707963267949,
16.2910717611776,17.289610522068,18.2881492829585,19.2866880438489,20.2852268047394,
21.2837655656298,21.9911485751286),.UNSPECIFIED.);
#315=B_SPLINE_CURVE_WITH_KNOTS('',3,(#4505,#4506,#4507,#4508,#4509,#4510,
#4511,#4512,#4513,#4514,#4515,#4516,#4517,#4518,#4519,#4520,#4521,#4522,
#4523,#4524,#4525,#4526,#4527,#4528,#4529,#4530,#4531,#4532,#4533,#4534,
#4535,#4536,#4537,#4538,#4539,#4540,#4541,#4542,#4543,#4544,#4545,#4546,
#4547,#4548,#4549,#4550,#4551,#4552,#4553,#4554,#4555,#4556,#4557,#4558,
#4559,#4560,#4561,#4562,#4563,#4564,#4565,#4566,#4567,#4568,#4569,#4570,
#4571,#4572,#4573,#4574,#4575,#4576,#4577,#4578,#4579,#4580,#4581,#4582,
#4583,#4584,#4585,#4586,#4587,#4588,#4589,#4590,#4591,#4592,#4593,#4594,
#4595,#4596,#4597,#4598),.UNSPECIFIED.,.F.,.F.,(4,3,3,3,3,3,3,3,3,3,3,3,
3,3,3,3,3,3,3,3,3,3,3,3,3,3,3,3,3,3,3,4),(0.,0.0187674853170025,0.0429558548656384,
0.0676307570141025,0.091454810200722,0.0948989596461028,0.0984742656106242,
0.122779898494685,0.147119885869857,0.171128511655412,0.182015345511868,
0.186427523397444,0.190600337270938,0.21436628001748,0.237501252042535,
0.258223182507059,0.272326875387484,0.277151901793211,0.281516572121868,
0.304495887137395,0.328037781309921,0.351475455738663,0.36208633494739,
0.367459827856046,0.371199800663726,0.394364708570361,0.416744098576235,
0.424905308542383,0.429161881903774,0.451717991825946,0.473639673681025,
0.483882268593858),.UNSPECIFIED.);
#316=B_SPLINE_CURVE_WITH_KNOTS('',3,(#4599,#4600,#4601,#4602,#4603,#4604,
#4605,#4606,#4607,#4608,#4609,#4610,#4611,#4612,#4613,#4614,#4615,#4616,
#4617),.UNSPECIFIED.,.F.,.F.,(4,3,3,3,3,3,4),(57.6706840513317,57.9152481316458,
58.9137868925363,59.9123256534267,60.9108644143171,61.9094031752076,62.8318467845593),
 .UNSPECIFIED.);
#317=B_SPLINE_CURVE_WITH_KNOTS('',3,(#4619,#4620,#4621,#4622,#4623,#4624,
#4625,#4626,#4627,#4628,#4629,#4630,#4631,#4632,#4633,#4634,#4635,#4636,
#4637,#4638,#4639,#4640,#4641,#4642,#4643,#4644,#4645,#4646,#4647,#4648,
#4649,#4650,#4651,#4652,#4653,#4654,#4655,#4656,#4657,#4658,#4659,#4660,
#4661,#4662,#4663,#4664,#4665,#4666,#4667,#4668,#4669,#4670,#4671,#4672,
#4673,#4674,#4675,#4676,#4677,#4678,#4679,#4680,#4681,#4682,#4683,#4684,
#4685,#4686,#4687,#4688,#4689,#4690,#4691,#4692,#4693,#4694,#4695,#4696,
#4697,#4698,#4699,#4700,#4701,#4702,#4703,#4704,#4705,#4706,#4707,#4708,
#4709),.UNSPECIFIED.,.F.,.F.,(4,3,3,3,3,3,3,3,3,3,3,3,3,3,3,3,3,3,3,3,3,
3,3,3,3,3,3,3,3,3,4),(-0.483882268593879,-0.467183738951251,-0.445091172368092,
-0.432300298098993,-0.426591415019393,-0.422403336067768,-0.399569452661529,
-0.379677919086652,-0.369654742218444,-0.365707927186048,-0.342435500524364,
-0.31887962474664,-0.295591197409172,-0.281802694072507,-0.276631064490845,
-0.252733417239974,-0.240437184062511,-0.217191980842432,-0.19350535917582,
-0.18890414111748,-0.185782323827836,-0.161978940905195,-0.137762445544029,
-0.11342439942589,-0.0992463494976537,-0.0954767067833873,-0.0916752106677288,
-0.0669404524279132,-0.0422715627636061,-0.0182120914930006,0.),
 .UNSPECIFIED.);
#318=B_SPLINE_CURVE_WITH_KNOTS('',3,(#4710,#4711,#4712,#4713,#4714,#4715,
#4716,#4717,#4718),.UNSPECIFIED.,.F.,.F.,(4,1,1,1,1,1,4),(10.3759343473737,
11.2983779567253,12.2969167176158,13.2954554785062,14.2939942393967,15.2925330002871,
15.707963267949),.UNSPECIFIED.);
#319=B_SPLINE_CURVE_WITH_KNOTS('',3,(#4722,#4723,#4724,#4725,#4726,#4727,
#4728,#4729),.UNSPECIFIED.,.F.,.F.,(4,1,1,1,1,4),(11.6152142277546,12.6137529886451,
13.6122917495355,14.6108305104259,15.6093692713164,15.7079632679489),
 .UNSPECIFIED.);
#320=B_SPLINE_CURVE_WITH_KNOTS('',3,(#5003,#5004,#5005,#5006,#5007,#5008,
#5009,#5010,#5011,#5012,#5013,#5014,#5015,#5016,#5017,#5018,#5019,#5020,
#5021,#5022,#5023,#5024,#5025,#5026,#5027,#5028,#5029,#5030,#5031,#5032,
#5033,#5034,#5035,#5036,#5037,#5038,#5039,#5040,#5041,#5042,#5043,#5044,
#5045,#5046,#5047,#5048,#5049,#5050,#5051,#5052,#5053,#5054,#5055,#5056,
#5057,#5058,#5059,#5060,#5061,#5062,#5063,#5064,#5065,#5066,#5067,#5068,
#5069,#5070,#5071,#5072,#5073,#5074,#5075,#5076,#5077,#5078,#5079,#5080,
#5081,#5082,#5083,#5084,#5085,#5086,#5087,#5088,#5089,#5090,#5091,#5092,
#5093),.UNSPECIFIED.,.F.,.F.,(4,3,3,3,3,3,3,3,3,3,3,3,3,3,3,3,3,3,3,3,3,
3,3,3,3,3,3,3,3,3,4),(0.,0.0166703600299449,0.0385387401335561,0.0609755559045339,
0.0837371239192557,0.0882926409536056,0.111204070687854,0.134494379719361,
0.157831596761139,0.168486159668785,0.172913922578184,0.176305536829416,
0.200053551493324,0.223529371522152,0.243068100022309,0.258040848471281,
0.262429162628434,0.266230425332517,0.289249059306654,0.313421936294055,
0.337477418814499,0.348352008748317,0.35402866879202,0.358740762528344,
0.383130839377146,0.408006148334325,0.41609763961479,0.421857360179823,
0.446562046710004,0.470805297055521,0.482632075205864),.UNSPECIFIED.);
#321=B_SPLINE_CURVE_WITH_KNOTS('',3,(#5094,#5095,#5096,#5097,#5098,#5099,
#5100,#5101,#5102,#5103,#5104,#5105,#5106,#5107,#5108,#5109,#5110,#5111,
#5112,#5113,#5114,#5115,#5116,#5117,#5118,#5119,#5120,#5121,#5122,#5123,
#5124,#5125,#5126,#5127,#5128,#5129,#5130,#5131,#5132,#5133,#5134,#5135,
#5136,#5137,#5138,#5139,#5140,#5141,#5142,#5143,#5144,#5145,#5146,#5147,
#5148,#5149,#5150,#5151,#5152,#5153,#5154,#5155,#5156,#5157,#5158,#5159,
#5160,#5161,#5162,#5163,#5164,#5165,#5166,#5167,#5168,#5169,#5170,#5171,
#5172,#5173,#5174,#5175,#5176,#5177,#5178,#5179,#5180,#5181,#5182,#5183,
#5184,#5185,#5186,#5187),.UNSPECIFIED.,.F.,.F.,(4,3,3,3,3,3,3,3,3,3,3,3,
3,3,3,3,3,3,3,3,3,3,3,3,3,3,3,3,3,3,3,4),(-0.482632075205683,-0.463920007775992,
-0.439492915497915,-0.426107597620742,-0.419525684251115,-0.415358885046695,
-0.390904492934916,-0.370207410000947,-0.361118506530256,-0.35684553526383,
-0.353105982009625,-0.328959819394109,-0.30491179559274,-0.281559313216381,
-0.267501442278076,-0.264080779249923,-0.260566688319017,-0.237277641673714,
-0.225327829463161,-0.201806652572707,-0.178081482518712,-0.174366137743742,
-0.170604098130301,-0.147369136708807,-0.124024004542822,-0.10092400795414,
-0.0876233838322696,-0.0834943061671411,-0.0606929063636133,-0.0381927731032926,
-0.0164141744849366,0.),.UNSPECIFIED.);
#322=B_SPLINE_CURVE_WITH_KNOTS('',3,(#5188,#5189,#5190,#5191,#5192,#5193,
#5194,#5195,#5196,#5197,#5198,#5199,#5200,#5201,#5202,#5203),
 .UNSPECIFIED.,.F.,.F.,(4,3,3,3,3,4),(-64.905019457879,-63.9064806969886,
-62.9079419360981,-61.9094031752077,-60.9108644143172,-60.6414168048106),
 .UNSPECIFIED.);
#323=LINE('',#1793,#412);
#324=LINE('',#1832,#413);
#325=LINE('',#1883,#414);
#326=LINE('',#1934,#415);
#327=LINE('',#1982,#416);
#328=LINE('',#2033,#417);
#329=LINE('',#2084,#418);
#330=LINE('',#2132,#419);
#331=LINE('',#2180,#420);
#332=LINE('',#2231,#421);
#333=LINE('',#2252,#422);
#334=LINE('',#2276,#423);
#335=LINE('',#2300,#424);
#336=LINE('',#2325,#425);
#337=LINE('',#2349,#426);
#338=LINE('',#2374,#427);
#339=LINE('',#2398,#428);
#340=LINE('',#2423,#429);
#341=LINE('',#2448,#430);
#342=LINE('',#2472,#431);
#343=LINE('',#3469,#432);
#344=LINE('',#3471,#433);
#345=LINE('',#3473,#434);
#346=LINE('',#3475,#435);
#347=LINE('',#3477,#436);
#348=LINE('',#3478,#437);
#349=LINE('',#3483,#438);
#350=LINE('',#3488,#439);
#351=LINE('',#3492,#440);
#352=LINE('',#3496,#441);
#353=LINE('',#3499,#442);
#354=LINE('',#3502,#443);
#355=LINE('',#3505,#444);
#356=LINE('',#3507,#445);
#357=LINE('',#3508,#446);
#358=LINE('',#3511,#447);
#359=LINE('',#3512,#448);
#360=LINE('',#3515,#449);
#361=LINE('',#3516,#450);
#362=LINE('',#3520,#451);
#363=LINE('',#3522,#452);
#364=LINE('',#3523,#453);
#365=LINE('',#3525,#454);
#366=LINE('',#3527,#455);
#367=LINE('',#3532,#456);
#368=LINE('',#3556,#457);
#369=LINE('',#3604,#458);
#370=LINE('',#3652,#459);
#371=LINE('',#3700,#460);
#372=LINE('',#3751,#461);
#373=LINE('',#3799,#462);
#374=LINE('',#3847,#463);
#375=LINE('',#3901,#464);
#376=LINE('',#3949,#465);
#377=LINE('',#3997,#466);
#378=LINE('',#4014,#467);
#379=LINE('',#4039,#468);
#380=LINE('',#4063,#469);
#381=LINE('',#4088,#470);
#382=LINE('',#4113,#471);
#383=LINE('',#4137,#472);
#384=LINE('',#4162,#473);
#385=LINE('',#4186,#474);
#386=LINE('',#4211,#475);
#387=LINE('',#5211,#476);
#388=LINE('',#5217,#477);
#389=LINE('',#5221,#478);
#390=LINE('',#5225,#479);
#391=LINE('',#5228,#480);
#392=LINE('',#5231,#481);
#393=LINE('',#5234,#482);
#394=LINE('',#5237,#483);
#395=LINE('',#5240,#484);
#396=LINE('',#5243,#485);
#397=LINE('',#5245,#486);
#398=LINE('',#5248,#487);
#399=LINE('',#5249,#488);
#400=LINE('',#5252,#489);
#401=LINE('',#5254,#490);
#402=LINE('',#5255,#491);
#403=LINE('',#5258,#492);
#404=LINE('',#5259,#493);
#405=LINE('',#5262,#494);
#406=LINE('',#5263,#495);
#407=LINE('',#5267,#496);
#408=LINE('',#5268,#497);
#409=LINE('',#5271,#498);
#410=LINE('',#5272,#499);
#411=LINE('',#5274,#500);
#412=VECTOR('',#1508,3.125);
#413=VECTOR('',#1513,3.125);
#414=VECTOR('',#1516,3.125);
#415=VECTOR('',#1519,3.125);
#416=VECTOR('',#1522,3.125);
#417=VECTOR('',#1525,3.125);
#418=VECTOR('',#1528,3.125);
#419=VECTOR('',#1531,3.125);
#420=VECTOR('',#1534,3.125);
#421=VECTOR('',#1537,3.125);
#422=VECTOR('',#1542,3.17881249999999);
#423=VECTOR('',#1547,3.17881249999999);
#424=VECTOR('',#1550,3.17881249999999);
#425=VECTOR('',#1553,3.17881249999999);
#426=VECTOR('',#1556,3.17881249999999);
#427=VECTOR('',#1559,3.17881249999999);
#428=VECTOR('',#1562,3.17881249999999);
#429=VECTOR('',#1565,3.17881249999999);
#430=VECTOR('',#1568,3.17881249999999);
#431=VECTOR('',#1571,3.17881249999999);
#432=VECTOR('',#1578,12.5);
#433=VECTOR('',#1579,12.5);
#434=VECTOR('',#1580,12.5);
#435=VECTOR('',#1581,12.5);
#436=VECTOR('',#1582,12.5);
#437=VECTOR('',#1583,12.5);
#438=VECTOR('',#1588,12.5);
#439=VECTOR('',#1595,12.5);
#440=VECTOR('',#1600,12.5);
#441=VECTOR('',#1605,12.5);
#442=VECTOR('',#1608,12.5);
#443=VECTOR('',#1613,12.5);
#444=VECTOR('',#1616,12.5);
#445=VECTOR('',#1617,12.5);
#446=VECTOR('',#1618,12.5);
#447=VECTOR('',#1621,12.5);
#448=VECTOR('',#1622,12.5);
#449=VECTOR('',#1625,12.5);
#450=VECTOR('',#1626,12.5);
#451=VECTOR('',#1631,12.5);
#452=VECTOR('',#1632,12.5);
#453=VECTOR('',#1633,12.5);
#454=VECTOR('',#1636,12.5);
#455=VECTOR('',#1639,12.5);
#456=VECTOR('',#1644,3.125);
#457=VECTOR('',#1649,3.125);
#458=VECTOR('',#1652,3.125);
#459=VECTOR('',#1655,3.125);
#460=VECTOR('',#1658,3.125);
#461=VECTOR('',#1661,3.125);
#462=VECTOR('',#1664,3.125);
#463=VECTOR('',#1667,3.125);
#464=VECTOR('',#1670,3.125);
#465=VECTOR('',#1673,3.125);
#466=VECTOR('',#1676,2.7221875);
#467=VECTOR('',#1681,2.7221875);
#468=VECTOR('',#1684,2.7221875);
#469=VECTOR('',#1687,2.7221875);
#470=VECTOR('',#1690,2.7221875);
#471=VECTOR('',#1693,2.7221875);
#472=VECTOR('',#1696,2.7221875);
#473=VECTOR('',#1699,2.7221875);
#474=VECTOR('',#1702,2.7221875);
#475=VECTOR('',#1705,2.7221875);
#476=VECTOR('',#1720,3.125);
#477=VECTOR('',#1727,12.5);
#478=VECTOR('',#1730,12.5);
#479=VECTOR('',#1735,12.5);
#480=VECTOR('',#1738,12.5);
#481=VECTOR('',#1741,12.5);
#482=VECTOR('',#1744,12.5);
#483=VECTOR('',#1747,12.5);
#484=VECTOR('',#1750,12.5);
#485=VECTOR('',#1753,12.5);
#486=VECTOR('',#1754,12.5);
#487=VECTOR('',#1759,12.5);
#488=VECTOR('',#1760,12.5);
#489=VECTOR('',#1763,12.5);
#490=VECTOR('',#1764,12.5);
#491=VECTOR('',#1765,12.5);
#492=VECTOR('',#1768,12.5);
#493=VECTOR('',#1769,12.5);
#494=VECTOR('',#1772,12.5);
#495=VECTOR('',#1773,12.5);
#496=VECTOR('',#1778,12.5);
#497=VECTOR('',#1779,12.5);
#498=VECTOR('',#1782,12.5);
#499=VECTOR('',#1783,12.5);
#500=VECTOR('',#1786,12.5);
#501=VERTEX_POINT('',#1791);
#502=VERTEX_POINT('',#1792);
#503=VERTEX_POINT('',#1794);
#504=VERTEX_POINT('',#1808);
#505=VERTEX_POINT('',#1830);
#506=VERTEX_POINT('',#1831);
#507=VERTEX_POINT('',#1881);
#508=VERTEX_POINT('',#1882);
#509=VERTEX_POINT('',#1932);
#510=VERTEX_POINT('',#1933);
#511=VERTEX_POINT('',#1980);
#512=VERTEX_POINT('',#1981);
#513=VERTEX_POINT('',#2031);
#514=VERTEX_POINT('',#2032);
#515=VERTEX_POINT('',#2082);
#516=VERTEX_POINT('',#2083);
#517=VERTEX_POINT('',#2130);
#518=VERTEX_POINT('',#2131);
#519=VERTEX_POINT('',#2178);
#520=VERTEX_POINT('',#2179);
#521=VERTEX_POINT('',#2229);
#522=VERTEX_POINT('',#2230);
#523=VERTEX_POINT('',#2232);
#524=VERTEX_POINT('',#2237);
#525=VERTEX_POINT('',#2250);
#526=VERTEX_POINT('',#2251);
#527=VERTEX_POINT('',#2253);
#528=VERTEX_POINT('',#2262);
#529=VERTEX_POINT('',#2274);
#530=VERTEX_POINT('',#2275);
#531=VERTEX_POINT('',#2298);
#532=VERTEX_POINT('',#2299);
#533=VERTEX_POINT('',#2323);
#534=VERTEX_POINT('',#2324);
#535=VERTEX_POINT('',#2347);
#536=VERTEX_POINT('',#2348);
#537=VERTEX_POINT('',#2372);
#538=VERTEX_POINT('',#2373);
#539=VERTEX_POINT('',#2396);
#540=VERTEX_POINT('',#2397);
#541=VERTEX_POINT('',#2421);
#542=VERTEX_POINT('',#2422);
#543=VERTEX_POINT('',#2446);
#544=VERTEX_POINT('',#2447);
#545=VERTEX_POINT('',#2470);
#546=VERTEX_POINT('',#2471);
#547=VERTEX_POINT('',#2473);
#548=VERTEX_POINT('',#2479);
#549=VERTEX_POINT('',#3467);
#550=VERTEX_POINT('',#3468);
#551=VERTEX_POINT('',#3470);
#552=VERTEX_POINT('',#3472);
#553=VERTEX_POINT('',#3474);
#554=VERTEX_POINT('',#3476);
#555=VERTEX_POINT('',#3480);
#556=VERTEX_POINT('',#3482);
#557=VERTEX_POINT('',#3486);
#558=VERTEX_POINT('',#3490);
#559=VERTEX_POINT('',#3494);
#560=VERTEX_POINT('',#3498);
#561=VERTEX_POINT('',#3504);
#562=VERTEX_POINT('',#3506);
#563=VERTEX_POINT('',#3510);
#564=VERTEX_POINT('',#3514);
#565=VERTEX_POINT('',#3519);
#566=VERTEX_POINT('',#3521);
#567=VERTEX_POINT('',#3530);
#568=VERTEX_POINT('',#3531);
#569=VERTEX_POINT('',#3533);
#570=VERTEX_POINT('',#3544);
#571=VERTEX_POINT('',#3554);
#572=VERTEX_POINT('',#3555);
#573=VERTEX_POINT('',#3602);
#574=VERTEX_POINT('',#3603);
#575=VERTEX_POINT('',#3650);
#576=VERTEX_POINT('',#3651);
#577=VERTEX_POINT('',#3698);
#578=VERTEX_POINT('',#3699);
#579=VERTEX_POINT('',#3749);
#580=VERTEX_POINT('',#3750);
#581=VERTEX_POINT('',#3797);
#582=VERTEX_POINT('',#3798);
#583=VERTEX_POINT('',#3845);
#584=VERTEX_POINT('',#3846);
#585=VERTEX_POINT('',#3899);
#586=VERTEX_POINT('',#3900);
#587=VERTEX_POINT('',#3947);
#588=VERTEX_POINT('',#3948);
#589=VERTEX_POINT('',#3995);
#590=VERTEX_POINT('',#3996);
#591=VERTEX_POINT('',#3998);
#592=VERTEX_POINT('',#4005);
#593=VERTEX_POINT('',#4012);
#594=VERTEX_POINT('',#4013);
#595=VERTEX_POINT('',#4037);
#596=VERTEX_POINT('',#4038);
#597=VERTEX_POINT('',#4061);
#598=VERTEX_POINT('',#4062);
#599=VERTEX_POINT('',#4086);
#600=VERTEX_POINT('',#4087);
#601=VERTEX_POINT('',#4111);
#602=VERTEX_POINT('',#4112);
#603=VERTEX_POINT('',#4135);
#604=VERTEX_POINT('',#4136);
#605=VERTEX_POINT('',#4160);
#606=VERTEX_POINT('',#4161);
#607=VERTEX_POINT('',#4184);
#608=VERTEX_POINT('',#4185);
#609=VERTEX_POINT('',#4209);
#610=VERTEX_POINT('',#4210);
#611=VERTEX_POINT('',#4504);
#612=VERTEX_POINT('',#4618);
#613=VERTEX_POINT('',#4720);
#614=VERTEX_POINT('',#5002);
#615=VERTEX_POINT('',#5208);
#616=VERTEX_POINT('',#5210);
#617=VERTEX_POINT('',#5215);
#618=VERTEX_POINT('',#5216);
#619=VERTEX_POINT('',#5218);
#620=VERTEX_POINT('',#5220);
#621=VERTEX_POINT('',#5224);
#622=VERTEX_POINT('',#5226);
#623=VERTEX_POINT('',#5230);
#624=VERTEX_POINT('',#5232);
#625=VERTEX_POINT('',#5236);
#626=VERTEX_POINT('',#5238);
#627=VERTEX_POINT('',#5242);
#628=VERTEX_POINT('',#5244);
#629=VERTEX_POINT('',#5251);
#630=VERTEX_POINT('',#5253);
#631=VERTEX_POINT('',#5257);
#632=VERTEX_POINT('',#5261);
#633=VERTEX_POINT('',#5266);
#634=VERTEX_POINT('',#5270);
#635=EDGE_CURVE('',#501,#502,#323,.T.);
#636=EDGE_CURVE('',#502,#503,#227,.T.);
#637=EDGE_CURVE('',#503,#504,#217,.T.);
#638=EDGE_CURVE('',#504,#501,#228,.T.);
#639=EDGE_CURVE('',#505,#506,#324,.T.);
#640=EDGE_CURVE('',#506,#502,#229,.T.);
#641=EDGE_CURVE('',#501,#505,#230,.T.);
#642=EDGE_CURVE('',#507,#508,#325,.T.);
#643=EDGE_CURVE('',#508,#506,#231,.T.);
#644=EDGE_CURVE('',#505,#507,#232,.T.);
#645=EDGE_CURVE('',#509,#510,#326,.T.);
#646=EDGE_CURVE('',#510,#508,#233,.T.);
#647=EDGE_CURVE('',#507,#509,#234,.T.);
#648=EDGE_CURVE('',#511,#512,#327,.T.);
#649=EDGE_CURVE('',#512,#510,#235,.T.);
#650=EDGE_CURVE('',#509,#511,#236,.T.);
#651=EDGE_CURVE('',#513,#514,#328,.T.);
#652=EDGE_CURVE('',#514,#512,#237,.T.);
#653=EDGE_CURVE('',#511,#513,#238,.T.);
#654=EDGE_CURVE('',#515,#516,#329,.T.);
#655=EDGE_CURVE('',#516,#514,#239,.T.);
#656=EDGE_CURVE('',#513,#515,#240,.T.);
#657=EDGE_CURVE('',#517,#518,#330,.T.);
#658=EDGE_CURVE('',#518,#516,#241,.T.);
#659=EDGE_CURVE('',#515,#517,#242,.T.);
#660=EDGE_CURVE('',#519,#520,#331,.T.);
#661=EDGE_CURVE('',#520,#518,#243,.T.);
#662=EDGE_CURVE('',#517,#519,#244,.T.);
#663=EDGE_CURVE('',#521,#522,#332,.T.);
#664=EDGE_CURVE('',#521,#523,#245,.T.);
#665=EDGE_CURVE('',#524,#523,#218,.T.);
#666=EDGE_CURVE('',#524,#522,#246,.T.);
#667=EDGE_CURVE('',#525,#526,#333,.T.);
#668=EDGE_CURVE('',#526,#527,#247,.T.);
#669=EDGE_CURVE('',#528,#527,#219,.T.);
#670=EDGE_CURVE('',#525,#528,#248,.T.);
#671=EDGE_CURVE('',#529,#530,#334,.T.);
#672=EDGE_CURVE('',#530,#526,#249,.T.);
#673=EDGE_CURVE('',#529,#525,#250,.T.);
#674=EDGE_CURVE('',#531,#532,#335,.T.);
#675=EDGE_CURVE('',#532,#530,#251,.T.);
#676=EDGE_CURVE('',#531,#529,#252,.T.);
#677=EDGE_CURVE('',#533,#534,#336,.T.);
#678=EDGE_CURVE('',#534,#532,#253,.T.);
#679=EDGE_CURVE('',#533,#531,#254,.T.);
#680=EDGE_CURVE('',#535,#536,#337,.T.);
#681=EDGE_CURVE('',#536,#534,#255,.T.);
#682=EDGE_CURVE('',#535,#533,#256,.T.);
#683=EDGE_CURVE('',#537,#538,#338,.T.);
#684=EDGE_CURVE('',#538,#536,#257,.T.);
#685=EDGE_CURVE('',#537,#535,#258,.T.);
#686=EDGE_CURVE('',#539,#540,#339,.T.);
#687=EDGE_CURVE('',#540,#538,#259,.T.);
#688=EDGE_CURVE('',#539,#537,#260,.T.);
#689=EDGE_CURVE('',#541,#542,#340,.T.);
#690=EDGE_CURVE('',#542,#540,#261,.T.);
#691=EDGE_CURVE('',#541,#539,#262,.T.);
#692=EDGE_CURVE('',#543,#544,#341,.T.);
#693=EDGE_CURVE('',#544,#542,#263,.T.);
#694=EDGE_CURVE('',#543,#541,#264,.T.);
#695=EDGE_CURVE('',#545,#546,#342,.T.);
#696=EDGE_CURVE('',#547,#545,#265,.T.);
#697=EDGE_CURVE('',#548,#547,#220,.T.);
#698=EDGE_CURVE('',#548,#546,#266,.T.);
#699=EDGE_CURVE('',#546,#544,#267,.T.);
#700=EDGE_CURVE('',#545,#543,#268,.T.);
#701=EDGE_CURVE('',#527,#524,#269,.T.);
#702=EDGE_CURVE('',#503,#548,#270,.T.);
#703=EDGE_CURVE('',#522,#520,#271,.T.);
#704=EDGE_CURVE('',#523,#528,#272,.T.);
#705=EDGE_CURVE('',#519,#521,#273,.T.);
#706=EDGE_CURVE('',#547,#504,#274,.T.);
#707=EDGE_CURVE('',#549,#550,#343,.T.);
#708=EDGE_CURVE('',#551,#549,#344,.T.);
#709=EDGE_CURVE('',#552,#551,#345,.T.);
#710=EDGE_CURVE('',#553,#552,#346,.T.);
#711=EDGE_CURVE('',#554,#553,#347,.T.);
#712=EDGE_CURVE('',#550,#554,#348,.T.);
#713=EDGE_CURVE('',#550,#555,#17,.T.);
#714=EDGE_CURVE('',#555,#556,#349,.T.);
#715=EDGE_CURVE('',#549,#556,#18,.T.);
#716=EDGE_CURVE('',#554,#557,#19,.T.);
#717=EDGE_CURVE('',#557,#555,#350,.T.);
#718=EDGE_CURVE('',#553,#558,#20,.T.);
#719=EDGE_CURVE('',#558,#557,#351,.T.);
#720=EDGE_CURVE('',#552,#559,#21,.T.);
#721=EDGE_CURVE('',#559,#558,#352,.T.);
#722=EDGE_CURVE('',#560,#559,#353,.T.);
#723=EDGE_CURVE('',#551,#560,#22,.T.);
#724=EDGE_CURVE('',#556,#560,#354,.T.);
#725=EDGE_CURVE('',#561,#560,#355,.T.);
#726=EDGE_CURVE('',#562,#561,#356,.T.);
#727=EDGE_CURVE('',#562,#559,#357,.T.);
#728=EDGE_CURVE('',#563,#556,#358,.T.);
#729=EDGE_CURVE('',#561,#563,#359,.T.);
#730=EDGE_CURVE('',#564,#555,#360,.T.);
#731=EDGE_CURVE('',#563,#564,#361,.T.);
#732=EDGE_CURVE('',#565,#558,#362,.T.);
#733=EDGE_CURVE('',#566,#565,#363,.T.);
#734=EDGE_CURVE('',#566,#557,#364,.T.);
#735=EDGE_CURVE('',#565,#562,#365,.T.);
#736=EDGE_CURVE('',#564,#566,#366,.T.);
#737=EDGE_CURVE('',#567,#568,#367,.T.);
#738=EDGE_CURVE('',#567,#569,#275,.T.);
#739=EDGE_CURVE('',#570,#569,#221,.T.);
#740=EDGE_CURVE('',#570,#568,#276,.T.);
#741=EDGE_CURVE('',#571,#572,#368,.T.);
#742=EDGE_CURVE('',#571,#567,#277,.T.);
#743=EDGE_CURVE('',#568,#572,#278,.T.);
#744=EDGE_CURVE('',#573,#574,#369,.T.);
#745=EDGE_CURVE('',#573,#571,#279,.T.);
#746=EDGE_CURVE('',#572,#574,#280,.T.);
#747=EDGE_CURVE('',#575,#576,#370,.T.);
#748=EDGE_CURVE('',#575,#573,#281,.T.);
#749=EDGE_CURVE('',#574,#576,#282,.T.);
#750=EDGE_CURVE('',#577,#578,#371,.T.);
#751=EDGE_CURVE('',#577,#575,#283,.T.);
#752=EDGE_CURVE('',#576,#578,#284,.T.);
#753=EDGE_CURVE('',#579,#580,#372,.T.);
#754=EDGE_CURVE('',#579,#577,#285,.T.);
#755=EDGE_CURVE('',#578,#580,#286,.T.);
#756=EDGE_CURVE('',#581,#582,#373,.T.);
#757=EDGE_CURVE('',#581,#579,#287,.T.);
#758=EDGE_CURVE('',#580,#582,#288,.T.);
#759=EDGE_CURVE('',#583,#584,#374,.T.);
#760=EDGE_CURVE('',#583,#581,#289,.T.);
#761=EDGE_CURVE('',#582,#584,#290,.T.);
#762=EDGE_CURVE('',#585,#586,#375,.T.);
#763=EDGE_CURVE('',#585,#583,#291,.T.);
#764=EDGE_CURVE('',#584,#586,#292,.T.);
#765=EDGE_CURVE('',#587,#588,#376,.T.);
#766=EDGE_CURVE('',#587,#585,#293,.T.);
#767=EDGE_CURVE('',#586,#588,#294,.T.);
#768=EDGE_CURVE('',#589,#590,#377,.T.);
#769=EDGE_CURVE('',#589,#591,#295,.T.);
#770=EDGE_CURVE('',#592,#591,#222,.T.);
#771=EDGE_CURVE('',#590,#592,#296,.T.);
#772=EDGE_CURVE('',#593,#594,#378,.T.);
#773=EDGE_CURVE('',#593,#589,#297,.T.);
#774=EDGE_CURVE('',#594,#590,#298,.T.);
#775=EDGE_CURVE('',#595,#596,#379,.T.);
#776=EDGE_CURVE('',#595,#593,#299,.T.);
#777=EDGE_CURVE('',#596,#594,#300,.T.);
#778=EDGE_CURVE('',#597,#598,#380,.T.);
#779=EDGE_CURVE('',#597,#595,#301,.T.);
#780=EDGE_CURVE('',#598,#596,#302,.T.);
#781=EDGE_CURVE('',#599,#600,#381,.T.);
#782=EDGE_CURVE('',#599,#597,#303,.T.);
#783=EDGE_CURVE('',#600,#598,#304,.T.);
#784=EDGE_CURVE('',#601,#602,#382,.T.);
#785=EDGE_CURVE('',#601,#599,#305,.T.);
#786=EDGE_CURVE('',#602,#600,#306,.T.);
#787=EDGE_CURVE('',#603,#604,#383,.T.);
#788=EDGE_CURVE('',#603,#601,#307,.T.);
#789=EDGE_CURVE('',#604,#602,#308,.T.);
#790=EDGE_CURVE('',#605,#606,#384,.T.);
#791=EDGE_CURVE('',#605,#603,#309,.T.);
#792=EDGE_CURVE('',#606,#604,#310,.T.);
#793=EDGE_CURVE('',#607,#608,#385,.T.);
#794=EDGE_CURVE('',#607,#605,#311,.T.);
#795=EDGE_CURVE('',#608,#606,#312,.T.);
#796=EDGE_CURVE('',#609,#610,#386,.T.);
#797=EDGE_CURVE('',#609,#607,#313,.T.);
#798=EDGE_CURVE('',#610,#608,#314,.T.);
#799=EDGE_CURVE('',#611,#592,#315,.T.);
#800=EDGE_CURVE('',#588,#611,#316,.T.);
#801=EDGE_CURVE('',#612,#570,#317,.T.);
#802=EDGE_CURVE('',#612,#610,#318,.T.);
#803=EDGE_CURVE('',#613,#612,#223,.T.);
#804=EDGE_CURVE('',#613,#609,#319,.T.);
#805=EDGE_CURVE('',#591,#614,#320,.T.);
#806=EDGE_CURVE('',#569,#613,#321,.T.);
#807=EDGE_CURVE('',#614,#587,#322,.T.);
#808=EDGE_CURVE('',#614,#611,#224,.T.);
#809=EDGE_CURVE('',#615,#615,#225,.T.);
#810=EDGE_CURVE('',#615,#616,#387,.T.);
#811=EDGE_CURVE('',#616,#616,#226,.T.);
#812=EDGE_CURVE('',#617,#618,#388,.T.);
#813=EDGE_CURVE('',#618,#619,#23,.T.);
#814=EDGE_CURVE('',#619,#620,#389,.T.);
#815=EDGE_CURVE('',#617,#620,#24,.T.);
#816=EDGE_CURVE('',#618,#621,#390,.T.);
#817=EDGE_CURVE('',#621,#622,#25,.T.);
#818=EDGE_CURVE('',#622,#619,#391,.T.);
#819=EDGE_CURVE('',#621,#623,#392,.T.);
#820=EDGE_CURVE('',#623,#624,#26,.T.);
#821=EDGE_CURVE('',#624,#622,#393,.T.);
#822=EDGE_CURVE('',#623,#625,#394,.T.);
#823=EDGE_CURVE('',#625,#626,#27,.T.);
#824=EDGE_CURVE('',#626,#624,#395,.T.);
#825=EDGE_CURVE('',#627,#626,#396,.T.);
#826=EDGE_CURVE('',#625,#628,#397,.T.);
#827=EDGE_CURVE('',#628,#627,#28,.T.);
#828=EDGE_CURVE('',#620,#627,#398,.T.);
#829=EDGE_CURVE('',#628,#617,#399,.T.);
#830=EDGE_CURVE('',#629,#627,#400,.T.);
#831=EDGE_CURVE('',#629,#630,#401,.T.);
#832=EDGE_CURVE('',#630,#626,#402,.T.);
#833=EDGE_CURVE('',#631,#620,#403,.T.);
#834=EDGE_CURVE('',#631,#629,#404,.T.);
#835=EDGE_CURVE('',#632,#619,#405,.T.);
#836=EDGE_CURVE('',#632,#631,#406,.T.);
#837=EDGE_CURVE('',#633,#622,#407,.T.);
#838=EDGE_CURVE('',#633,#632,#408,.T.);
#839=EDGE_CURVE('',#634,#624,#409,.T.);
#840=EDGE_CURVE('',#634,#633,#410,.T.);
#841=EDGE_CURVE('',#630,#634,#411,.T.);
#842=ORIENTED_EDGE('',*,*,#635,.T.);
#843=ORIENTED_EDGE('',*,*,#636,.T.);
#844=ORIENTED_EDGE('',*,*,#637,.T.);
#845=ORIENTED_EDGE('',*,*,#638,.T.);
#846=ORIENTED_EDGE('',*,*,#639,.T.);
#847=ORIENTED_EDGE('',*,*,#640,.T.);
#848=ORIENTED_EDGE('',*,*,#635,.F.);
#849=ORIENTED_EDGE('',*,*,#641,.T.);
#850=ORIENTED_EDGE('',*,*,#642,.T.);
#851=ORIENTED_EDGE('',*,*,#643,.T.);
#852=ORIENTED_EDGE('',*,*,#639,.F.);
#853=ORIENTED_EDGE('',*,*,#644,.T.);
#854=ORIENTED_EDGE('',*,*,#645,.T.);
#855=ORIENTED_EDGE('',*,*,#646,.T.);
#856=ORIENTED_EDGE('',*,*,#642,.F.);
#857=ORIENTED_EDGE('',*,*,#647,.T.);
#858=ORIENTED_EDGE('',*,*,#648,.T.);
#859=ORIENTED_EDGE('',*,*,#649,.T.);
#860=ORIENTED_EDGE('',*,*,#645,.F.);
#861=ORIENTED_EDGE('',*,*,#650,.T.);
#862=ORIENTED_EDGE('',*,*,#651,.T.);
#863=ORIENTED_EDGE('',*,*,#652,.T.);
#864=ORIENTED_EDGE('',*,*,#648,.F.);
#865=ORIENTED_EDGE('',*,*,#653,.T.);
#866=ORIENTED_EDGE('',*,*,#654,.T.);
#867=ORIENTED_EDGE('',*,*,#655,.T.);
#868=ORIENTED_EDGE('',*,*,#651,.F.);
#869=ORIENTED_EDGE('',*,*,#656,.T.);
#870=ORIENTED_EDGE('',*,*,#657,.T.);
#871=ORIENTED_EDGE('',*,*,#658,.T.);
#872=ORIENTED_EDGE('',*,*,#654,.F.);
#873=ORIENTED_EDGE('',*,*,#659,.T.);
#874=ORIENTED_EDGE('',*,*,#660,.T.);
#875=ORIENTED_EDGE('',*,*,#661,.T.);
#876=ORIENTED_EDGE('',*,*,#657,.F.);
#877=ORIENTED_EDGE('',*,*,#662,.T.);
#878=ORIENTED_EDGE('',*,*,#663,.F.);
#879=ORIENTED_EDGE('',*,*,#664,.T.);
#880=ORIENTED_EDGE('',*,*,#665,.F.);
#881=ORIENTED_EDGE('',*,*,#666,.T.);
#882=ORIENTED_EDGE('',*,*,#667,.T.);
#883=ORIENTED_EDGE('',*,*,#668,.T.);
#884=ORIENTED_EDGE('',*,*,#669,.F.);
#885=ORIENTED_EDGE('',*,*,#670,.F.);
#886=ORIENTED_EDGE('',*,*,#671,.T.);
#887=ORIENTED_EDGE('',*,*,#672,.T.);
#888=ORIENTED_EDGE('',*,*,#667,.F.);
#889=ORIENTED_EDGE('',*,*,#673,.F.);
#890=ORIENTED_EDGE('',*,*,#674,.T.);
#891=ORIENTED_EDGE('',*,*,#675,.T.);
#892=ORIENTED_EDGE('',*,*,#671,.F.);
#893=ORIENTED_EDGE('',*,*,#676,.F.);
#894=ORIENTED_EDGE('',*,*,#677,.T.);
#895=ORIENTED_EDGE('',*,*,#678,.T.);
#896=ORIENTED_EDGE('',*,*,#674,.F.);
#897=ORIENTED_EDGE('',*,*,#679,.F.);
#898=ORIENTED_EDGE('',*,*,#680,.T.);
#899=ORIENTED_EDGE('',*,*,#681,.T.);
#900=ORIENTED_EDGE('',*,*,#677,.F.);
#901=ORIENTED_EDGE('',*,*,#682,.F.);
#902=ORIENTED_EDGE('',*,*,#683,.T.);
#903=ORIENTED_EDGE('',*,*,#684,.T.);
#904=ORIENTED_EDGE('',*,*,#680,.F.);
#905=ORIENTED_EDGE('',*,*,#685,.F.);
#906=ORIENTED_EDGE('',*,*,#686,.T.);
#907=ORIENTED_EDGE('',*,*,#687,.T.);
#908=ORIENTED_EDGE('',*,*,#683,.F.);
#909=ORIENTED_EDGE('',*,*,#688,.F.);
#910=ORIENTED_EDGE('',*,*,#689,.T.);
#911=ORIENTED_EDGE('',*,*,#690,.T.);
#912=ORIENTED_EDGE('',*,*,#686,.F.);
#913=ORIENTED_EDGE('',*,*,#691,.F.);
#914=ORIENTED_EDGE('',*,*,#692,.T.);
#915=ORIENTED_EDGE('',*,*,#693,.T.);
#916=ORIENTED_EDGE('',*,*,#689,.F.);
#917=ORIENTED_EDGE('',*,*,#694,.F.);
#918=ORIENTED_EDGE('',*,*,#695,.F.);
#919=ORIENTED_EDGE('',*,*,#696,.F.);
#920=ORIENTED_EDGE('',*,*,#697,.F.);
#921=ORIENTED_EDGE('',*,*,#698,.T.);
#922=ORIENTED_EDGE('',*,*,#695,.T.);
#923=ORIENTED_EDGE('',*,*,#699,.T.);
#924=ORIENTED_EDGE('',*,*,#692,.F.);
#925=ORIENTED_EDGE('',*,*,#700,.F.);
#926=ORIENTED_EDGE('',*,*,#701,.F.);
#927=ORIENTED_EDGE('',*,*,#668,.F.);
#928=ORIENTED_EDGE('',*,*,#672,.F.);
#929=ORIENTED_EDGE('',*,*,#675,.F.);
#930=ORIENTED_EDGE('',*,*,#678,.F.);
#931=ORIENTED_EDGE('',*,*,#681,.F.);
#932=ORIENTED_EDGE('',*,*,#684,.F.);
#933=ORIENTED_EDGE('',*,*,#687,.F.);
#934=ORIENTED_EDGE('',*,*,#690,.F.);
#935=ORIENTED_EDGE('',*,*,#693,.F.);
#936=ORIENTED_EDGE('',*,*,#699,.F.);
#937=ORIENTED_EDGE('',*,*,#698,.F.);
#938=ORIENTED_EDGE('',*,*,#702,.F.);
#939=ORIENTED_EDGE('',*,*,#636,.F.);
#940=ORIENTED_EDGE('',*,*,#640,.F.);
#941=ORIENTED_EDGE('',*,*,#643,.F.);
#942=ORIENTED_EDGE('',*,*,#646,.F.);
#943=ORIENTED_EDGE('',*,*,#649,.F.);
#944=ORIENTED_EDGE('',*,*,#652,.F.);
#945=ORIENTED_EDGE('',*,*,#655,.F.);
#946=ORIENTED_EDGE('',*,*,#658,.F.);
#947=ORIENTED_EDGE('',*,*,#661,.F.);
#948=ORIENTED_EDGE('',*,*,#703,.F.);
#949=ORIENTED_EDGE('',*,*,#666,.F.);
#950=ORIENTED_EDGE('',*,*,#704,.F.);
#951=ORIENTED_EDGE('',*,*,#664,.F.);
#952=ORIENTED_EDGE('',*,*,#705,.F.);
#953=ORIENTED_EDGE('',*,*,#662,.F.);
#954=ORIENTED_EDGE('',*,*,#659,.F.);
#955=ORIENTED_EDGE('',*,*,#656,.F.);
#956=ORIENTED_EDGE('',*,*,#653,.F.);
#957=ORIENTED_EDGE('',*,*,#650,.F.);
#958=ORIENTED_EDGE('',*,*,#647,.F.);
#959=ORIENTED_EDGE('',*,*,#644,.F.);
#960=ORIENTED_EDGE('',*,*,#641,.F.);
#961=ORIENTED_EDGE('',*,*,#638,.F.);
#962=ORIENTED_EDGE('',*,*,#706,.F.);
#963=ORIENTED_EDGE('',*,*,#696,.T.);
#964=ORIENTED_EDGE('',*,*,#700,.T.);
#965=ORIENTED_EDGE('',*,*,#694,.T.);
#966=ORIENTED_EDGE('',*,*,#691,.T.);
#967=ORIENTED_EDGE('',*,*,#688,.T.);
#968=ORIENTED_EDGE('',*,*,#685,.T.);
#969=ORIENTED_EDGE('',*,*,#682,.T.);
#970=ORIENTED_EDGE('',*,*,#679,.T.);
#971=ORIENTED_EDGE('',*,*,#676,.T.);
#972=ORIENTED_EDGE('',*,*,#673,.T.);
#973=ORIENTED_EDGE('',*,*,#670,.T.);
#974=ORIENTED_EDGE('',*,*,#707,.F.);
#975=ORIENTED_EDGE('',*,*,#708,.F.);
#976=ORIENTED_EDGE('',*,*,#709,.F.);
#977=ORIENTED_EDGE('',*,*,#710,.F.);
#978=ORIENTED_EDGE('',*,*,#711,.F.);
#979=ORIENTED_EDGE('',*,*,#712,.F.);
#980=ORIENTED_EDGE('',*,*,#704,.T.);
#981=ORIENTED_EDGE('',*,*,#669,.T.);
#982=ORIENTED_EDGE('',*,*,#701,.T.);
#983=ORIENTED_EDGE('',*,*,#665,.T.);
#984=ORIENTED_EDGE('',*,*,#707,.T.);
#985=ORIENTED_EDGE('',*,*,#713,.T.);
#986=ORIENTED_EDGE('',*,*,#714,.T.);
#987=ORIENTED_EDGE('',*,*,#715,.F.);
#988=ORIENTED_EDGE('',*,*,#712,.T.);
#989=ORIENTED_EDGE('',*,*,#716,.T.);
#990=ORIENTED_EDGE('',*,*,#717,.T.);
#991=ORIENTED_EDGE('',*,*,#713,.F.);
#992=ORIENTED_EDGE('',*,*,#711,.T.);
#993=ORIENTED_EDGE('',*,*,#718,.T.);
#994=ORIENTED_EDGE('',*,*,#719,.T.);
#995=ORIENTED_EDGE('',*,*,#716,.F.);
#996=ORIENTED_EDGE('',*,*,#710,.T.);
#997=ORIENTED_EDGE('',*,*,#720,.T.);
#998=ORIENTED_EDGE('',*,*,#721,.T.);
#999=ORIENTED_EDGE('',*,*,#718,.F.);
#1000=ORIENTED_EDGE('',*,*,#722,.T.);
#1001=ORIENTED_EDGE('',*,*,#720,.F.);
#1002=ORIENTED_EDGE('',*,*,#709,.T.);
#1003=ORIENTED_EDGE('',*,*,#723,.T.);
#1004=ORIENTED_EDGE('',*,*,#724,.T.);
#1005=ORIENTED_EDGE('',*,*,#723,.F.);
#1006=ORIENTED_EDGE('',*,*,#708,.T.);
#1007=ORIENTED_EDGE('',*,*,#715,.T.);
#1008=ORIENTED_EDGE('',*,*,#722,.F.);
#1009=ORIENTED_EDGE('',*,*,#725,.F.);
#1010=ORIENTED_EDGE('',*,*,#726,.F.);
#1011=ORIENTED_EDGE('',*,*,#727,.T.);
#1012=ORIENTED_EDGE('',*,*,#724,.F.);
#1013=ORIENTED_EDGE('',*,*,#728,.F.);
#1014=ORIENTED_EDGE('',*,*,#729,.F.);
#1015=ORIENTED_EDGE('',*,*,#725,.T.);
#1016=ORIENTED_EDGE('',*,*,#714,.F.);
#1017=ORIENTED_EDGE('',*,*,#730,.F.);
#1018=ORIENTED_EDGE('',*,*,#731,.F.);
#1019=ORIENTED_EDGE('',*,*,#728,.T.);
#1020=ORIENTED_EDGE('',*,*,#663,.T.);
#1021=ORIENTED_EDGE('',*,*,#703,.T.);
#1022=ORIENTED_EDGE('',*,*,#660,.F.);
#1023=ORIENTED_EDGE('',*,*,#705,.T.);
#1024=ORIENTED_EDGE('',*,*,#719,.F.);
#1025=ORIENTED_EDGE('',*,*,#732,.F.);
#1026=ORIENTED_EDGE('',*,*,#733,.F.);
#1027=ORIENTED_EDGE('',*,*,#734,.T.);
#1028=ORIENTED_EDGE('',*,*,#721,.F.);
#1029=ORIENTED_EDGE('',*,*,#727,.F.);
#1030=ORIENTED_EDGE('',*,*,#735,.F.);
#1031=ORIENTED_EDGE('',*,*,#732,.T.);
#1032=ORIENTED_EDGE('',*,*,#717,.F.);
#1033=ORIENTED_EDGE('',*,*,#734,.F.);
#1034=ORIENTED_EDGE('',*,*,#736,.F.);
#1035=ORIENTED_EDGE('',*,*,#730,.T.);
#1036=ORIENTED_EDGE('',*,*,#736,.T.);
#1037=ORIENTED_EDGE('',*,*,#733,.T.);
#1038=ORIENTED_EDGE('',*,*,#735,.T.);
#1039=ORIENTED_EDGE('',*,*,#726,.T.);
#1040=ORIENTED_EDGE('',*,*,#729,.T.);
#1041=ORIENTED_EDGE('',*,*,#731,.T.);
#1042=ORIENTED_EDGE('',*,*,#706,.T.);
#1043=ORIENTED_EDGE('',*,*,#637,.F.);
#1044=ORIENTED_EDGE('',*,*,#702,.T.);
#1045=ORIENTED_EDGE('',*,*,#697,.T.);
#1046=ORIENTED_EDGE('',*,*,#737,.F.);
#1047=ORIENTED_EDGE('',*,*,#738,.T.);
#1048=ORIENTED_EDGE('',*,*,#739,.F.);
#1049=ORIENTED_EDGE('',*,*,#740,.T.);
#1050=ORIENTED_EDGE('',*,*,#741,.F.);
#1051=ORIENTED_EDGE('',*,*,#742,.T.);
#1052=ORIENTED_EDGE('',*,*,#737,.T.);
#1053=ORIENTED_EDGE('',*,*,#743,.T.);
#1054=ORIENTED_EDGE('',*,*,#744,.F.);
#1055=ORIENTED_EDGE('',*,*,#745,.T.);
#1056=ORIENTED_EDGE('',*,*,#741,.T.);
#1057=ORIENTED_EDGE('',*,*,#746,.T.);
#1058=ORIENTED_EDGE('',*,*,#747,.F.);
#1059=ORIENTED_EDGE('',*,*,#748,.T.);
#1060=ORIENTED_EDGE('',*,*,#744,.T.);
#1061=ORIENTED_EDGE('',*,*,#749,.T.);
#1062=ORIENTED_EDGE('',*,*,#750,.F.);
#1063=ORIENTED_EDGE('',*,*,#751,.T.);
#1064=ORIENTED_EDGE('',*,*,#747,.T.);
#1065=ORIENTED_EDGE('',*,*,#752,.T.);
#1066=ORIENTED_EDGE('',*,*,#753,.F.);
#1067=ORIENTED_EDGE('',*,*,#754,.T.);
#1068=ORIENTED_EDGE('',*,*,#750,.T.);
#1069=ORIENTED_EDGE('',*,*,#755,.T.);
#1070=ORIENTED_EDGE('',*,*,#756,.F.);
#1071=ORIENTED_EDGE('',*,*,#757,.T.);
#1072=ORIENTED_EDGE('',*,*,#753,.T.);
#1073=ORIENTED_EDGE('',*,*,#758,.T.);
#1074=ORIENTED_EDGE('',*,*,#759,.F.);
#1075=ORIENTED_EDGE('',*,*,#760,.T.);
#1076=ORIENTED_EDGE('',*,*,#756,.T.);
#1077=ORIENTED_EDGE('',*,*,#761,.T.);
#1078=ORIENTED_EDGE('',*,*,#762,.F.);
#1079=ORIENTED_EDGE('',*,*,#763,.T.);
#1080=ORIENTED_EDGE('',*,*,#759,.T.);
#1081=ORIENTED_EDGE('',*,*,#764,.T.);
#1082=ORIENTED_EDGE('',*,*,#765,.F.);
#1083=ORIENTED_EDGE('',*,*,#766,.T.);
#1084=ORIENTED_EDGE('',*,*,#762,.T.);
#1085=ORIENTED_EDGE('',*,*,#767,.T.);
#1086=ORIENTED_EDGE('',*,*,#768,.F.);
#1087=ORIENTED_EDGE('',*,*,#769,.T.);
#1088=ORIENTED_EDGE('',*,*,#770,.F.);
#1089=ORIENTED_EDGE('',*,*,#771,.F.);
#1090=ORIENTED_EDGE('',*,*,#772,.F.);
#1091=ORIENTED_EDGE('',*,*,#773,.T.);
#1092=ORIENTED_EDGE('',*,*,#768,.T.);
#1093=ORIENTED_EDGE('',*,*,#774,.F.);
#1094=ORIENTED_EDGE('',*,*,#775,.F.);
#1095=ORIENTED_EDGE('',*,*,#776,.T.);
#1096=ORIENTED_EDGE('',*,*,#772,.T.);
#1097=ORIENTED_EDGE('',*,*,#777,.F.);
#1098=ORIENTED_EDGE('',*,*,#778,.F.);
#1099=ORIENTED_EDGE('',*,*,#779,.T.);
#1100=ORIENTED_EDGE('',*,*,#775,.T.);
#1101=ORIENTED_EDGE('',*,*,#780,.F.);
#1102=ORIENTED_EDGE('',*,*,#781,.F.);
#1103=ORIENTED_EDGE('',*,*,#782,.T.);
#1104=ORIENTED_EDGE('',*,*,#778,.T.);
#1105=ORIENTED_EDGE('',*,*,#783,.F.);
#1106=ORIENTED_EDGE('',*,*,#784,.F.);
#1107=ORIENTED_EDGE('',*,*,#785,.T.);
#1108=ORIENTED_EDGE('',*,*,#781,.T.);
#1109=ORIENTED_EDGE('',*,*,#786,.F.);
#1110=ORIENTED_EDGE('',*,*,#787,.F.);
#1111=ORIENTED_EDGE('',*,*,#788,.T.);
#1112=ORIENTED_EDGE('',*,*,#784,.T.);
#1113=ORIENTED_EDGE('',*,*,#789,.F.);
#1114=ORIENTED_EDGE('',*,*,#790,.F.);
#1115=ORIENTED_EDGE('',*,*,#791,.T.);
#1116=ORIENTED_EDGE('',*,*,#787,.T.);
#1117=ORIENTED_EDGE('',*,*,#792,.F.);
#1118=ORIENTED_EDGE('',*,*,#793,.F.);
#1119=ORIENTED_EDGE('',*,*,#794,.T.);
#1120=ORIENTED_EDGE('',*,*,#790,.T.);
#1121=ORIENTED_EDGE('',*,*,#795,.F.);
#1122=ORIENTED_EDGE('',*,*,#796,.F.);
#1123=ORIENTED_EDGE('',*,*,#797,.T.);
#1124=ORIENTED_EDGE('',*,*,#793,.T.);
#1125=ORIENTED_EDGE('',*,*,#798,.F.);
#1126=ORIENTED_EDGE('',*,*,#799,.F.);
#1127=ORIENTED_EDGE('',*,*,#800,.F.);
#1128=ORIENTED_EDGE('',*,*,#767,.F.);
#1129=ORIENTED_EDGE('',*,*,#764,.F.);
#1130=ORIENTED_EDGE('',*,*,#761,.F.);
#1131=ORIENTED_EDGE('',*,*,#758,.F.);
#1132=ORIENTED_EDGE('',*,*,#755,.F.);
#1133=ORIENTED_EDGE('',*,*,#752,.F.);
#1134=ORIENTED_EDGE('',*,*,#749,.F.);
#1135=ORIENTED_EDGE('',*,*,#746,.F.);
#1136=ORIENTED_EDGE('',*,*,#743,.F.);
#1137=ORIENTED_EDGE('',*,*,#740,.F.);
#1138=ORIENTED_EDGE('',*,*,#801,.F.);
#1139=ORIENTED_EDGE('',*,*,#802,.T.);
#1140=ORIENTED_EDGE('',*,*,#798,.T.);
#1141=ORIENTED_EDGE('',*,*,#795,.T.);
#1142=ORIENTED_EDGE('',*,*,#792,.T.);
#1143=ORIENTED_EDGE('',*,*,#789,.T.);
#1144=ORIENTED_EDGE('',*,*,#786,.T.);
#1145=ORIENTED_EDGE('',*,*,#783,.T.);
#1146=ORIENTED_EDGE('',*,*,#780,.T.);
#1147=ORIENTED_EDGE('',*,*,#777,.T.);
#1148=ORIENTED_EDGE('',*,*,#774,.T.);
#1149=ORIENTED_EDGE('',*,*,#771,.T.);
#1150=ORIENTED_EDGE('',*,*,#796,.T.);
#1151=ORIENTED_EDGE('',*,*,#802,.F.);
#1152=ORIENTED_EDGE('',*,*,#803,.F.);
#1153=ORIENTED_EDGE('',*,*,#804,.T.);
#1154=ORIENTED_EDGE('',*,*,#805,.F.);
#1155=ORIENTED_EDGE('',*,*,#769,.F.);
#1156=ORIENTED_EDGE('',*,*,#773,.F.);
#1157=ORIENTED_EDGE('',*,*,#776,.F.);
#1158=ORIENTED_EDGE('',*,*,#779,.F.);
#1159=ORIENTED_EDGE('',*,*,#782,.F.);
#1160=ORIENTED_EDGE('',*,*,#785,.F.);
#1161=ORIENTED_EDGE('',*,*,#788,.F.);
#1162=ORIENTED_EDGE('',*,*,#791,.F.);
#1163=ORIENTED_EDGE('',*,*,#794,.F.);
#1164=ORIENTED_EDGE('',*,*,#797,.F.);
#1165=ORIENTED_EDGE('',*,*,#804,.F.);
#1166=ORIENTED_EDGE('',*,*,#806,.F.);
#1167=ORIENTED_EDGE('',*,*,#738,.F.);
#1168=ORIENTED_EDGE('',*,*,#742,.F.);
#1169=ORIENTED_EDGE('',*,*,#745,.F.);
#1170=ORIENTED_EDGE('',*,*,#748,.F.);
#1171=ORIENTED_EDGE('',*,*,#751,.F.);
#1172=ORIENTED_EDGE('',*,*,#754,.F.);
#1173=ORIENTED_EDGE('',*,*,#757,.F.);
#1174=ORIENTED_EDGE('',*,*,#760,.F.);
#1175=ORIENTED_EDGE('',*,*,#763,.F.);
#1176=ORIENTED_EDGE('',*,*,#766,.F.);
#1177=ORIENTED_EDGE('',*,*,#807,.F.);
#1178=ORIENTED_EDGE('',*,*,#799,.T.);
#1179=ORIENTED_EDGE('',*,*,#770,.T.);
#1180=ORIENTED_EDGE('',*,*,#805,.T.);
#1181=ORIENTED_EDGE('',*,*,#808,.T.);
#1182=ORIENTED_EDGE('',*,*,#765,.T.);
#1183=ORIENTED_EDGE('',*,*,#800,.T.);
#1184=ORIENTED_EDGE('',*,*,#808,.F.);
#1185=ORIENTED_EDGE('',*,*,#807,.T.);
#1186=ORIENTED_EDGE('',*,*,#809,.F.);
#1187=ORIENTED_EDGE('',*,*,#810,.T.);
#1188=ORIENTED_EDGE('',*,*,#811,.F.);
#1189=ORIENTED_EDGE('',*,*,#810,.F.);
#1190=ORIENTED_EDGE('',*,*,#809,.T.);
#1191=ORIENTED_EDGE('',*,*,#801,.T.);
#1192=ORIENTED_EDGE('',*,*,#739,.T.);
#1193=ORIENTED_EDGE('',*,*,#806,.T.);
#1194=ORIENTED_EDGE('',*,*,#803,.T.);
#1195=ORIENTED_EDGE('',*,*,#812,.T.);
#1196=ORIENTED_EDGE('',*,*,#813,.T.);
#1197=ORIENTED_EDGE('',*,*,#814,.T.);
#1198=ORIENTED_EDGE('',*,*,#815,.F.);
#1199=ORIENTED_EDGE('',*,*,#816,.T.);
#1200=ORIENTED_EDGE('',*,*,#817,.T.);
#1201=ORIENTED_EDGE('',*,*,#818,.T.);
#1202=ORIENTED_EDGE('',*,*,#813,.F.);
#1203=ORIENTED_EDGE('',*,*,#819,.T.);
#1204=ORIENTED_EDGE('',*,*,#820,.T.);
#1205=ORIENTED_EDGE('',*,*,#821,.T.);
#1206=ORIENTED_EDGE('',*,*,#817,.F.);
#1207=ORIENTED_EDGE('',*,*,#822,.T.);
#1208=ORIENTED_EDGE('',*,*,#823,.T.);
#1209=ORIENTED_EDGE('',*,*,#824,.T.);
#1210=ORIENTED_EDGE('',*,*,#820,.F.);
#1211=ORIENTED_EDGE('',*,*,#825,.T.);
#1212=ORIENTED_EDGE('',*,*,#823,.F.);
#1213=ORIENTED_EDGE('',*,*,#826,.T.);
#1214=ORIENTED_EDGE('',*,*,#827,.T.);
#1215=ORIENTED_EDGE('',*,*,#828,.T.);
#1216=ORIENTED_EDGE('',*,*,#827,.F.);
#1217=ORIENTED_EDGE('',*,*,#829,.T.);
#1218=ORIENTED_EDGE('',*,*,#815,.T.);
#1219=ORIENTED_EDGE('',*,*,#825,.F.);
#1220=ORIENTED_EDGE('',*,*,#830,.F.);
#1221=ORIENTED_EDGE('',*,*,#831,.T.);
#1222=ORIENTED_EDGE('',*,*,#832,.T.);
#1223=ORIENTED_EDGE('',*,*,#828,.F.);
#1224=ORIENTED_EDGE('',*,*,#833,.F.);
#1225=ORIENTED_EDGE('',*,*,#834,.T.);
#1226=ORIENTED_EDGE('',*,*,#830,.T.);
#1227=ORIENTED_EDGE('',*,*,#814,.F.);
#1228=ORIENTED_EDGE('',*,*,#835,.F.);
#1229=ORIENTED_EDGE('',*,*,#836,.T.);
#1230=ORIENTED_EDGE('',*,*,#833,.T.);
#1231=ORIENTED_EDGE('',*,*,#812,.F.);
#1232=ORIENTED_EDGE('',*,*,#829,.F.);
#1233=ORIENTED_EDGE('',*,*,#826,.F.);
#1234=ORIENTED_EDGE('',*,*,#822,.F.);
#1235=ORIENTED_EDGE('',*,*,#819,.F.);
#1236=ORIENTED_EDGE('',*,*,#816,.F.);
#1237=ORIENTED_EDGE('',*,*,#818,.F.);
#1238=ORIENTED_EDGE('',*,*,#837,.F.);
#1239=ORIENTED_EDGE('',*,*,#838,.T.);
#1240=ORIENTED_EDGE('',*,*,#835,.T.);
#1241=ORIENTED_EDGE('',*,*,#821,.F.);
#1242=ORIENTED_EDGE('',*,*,#839,.F.);
#1243=ORIENTED_EDGE('',*,*,#840,.T.);
#1244=ORIENTED_EDGE('',*,*,#837,.T.);
#1245=ORIENTED_EDGE('',*,*,#824,.F.);
#1246=ORIENTED_EDGE('',*,*,#832,.F.);
#1247=ORIENTED_EDGE('',*,*,#841,.T.);
#1248=ORIENTED_EDGE('',*,*,#839,.T.);
#1249=ORIENTED_EDGE('',*,*,#841,.F.);
#1250=ORIENTED_EDGE('',*,*,#831,.F.);
#1251=ORIENTED_EDGE('',*,*,#834,.F.);
#1252=ORIENTED_EDGE('',*,*,#836,.F.);
#1253=ORIENTED_EDGE('',*,*,#838,.F.);
#1254=ORIENTED_EDGE('',*,*,#840,.F.);
#1255=ORIENTED_EDGE('',*,*,#811,.T.);
#1256=CYLINDRICAL_SURFACE('',#1407,2.8304375);
#1257=CYLINDRICAL_SURFACE('',#1409,2.8304375);
#1258=CYLINDRICAL_SURFACE('',#1410,2.8304375);
#1259=CYLINDRICAL_SURFACE('',#1411,2.8304375);
#1260=CYLINDRICAL_SURFACE('',#1412,2.8304375);
#1261=CYLINDRICAL_SURFACE('',#1413,2.8304375);
#1262=CYLINDRICAL_SURFACE('',#1414,2.8304375);
#1263=CYLINDRICAL_SURFACE('',#1415,2.8304375);
#1264=CYLINDRICAL_SURFACE('',#1416,2.8304375);
#1265=CYLINDRICAL_SURFACE('',#1417,2.8304375);
#1266=CYLINDRICAL_SURFACE('',#1419,3.17881249999999);
#1267=CYLINDRICAL_SURFACE('',#1421,3.17881249999999);
#1268=CYLINDRICAL_SURFACE('',#1422,3.17881249999999);
#1269=CYLINDRICAL_SURFACE('',#1423,3.17881249999999);
#1270=CYLINDRICAL_SURFACE('',#1424,3.17881249999999);
#1271=CYLINDRICAL_SURFACE('',#1425,3.17881249999999);
#1272=CYLINDRICAL_SURFACE('',#1426,3.17881249999999);
#1273=CYLINDRICAL_SURFACE('',#1427,3.17881249999999);
#1274=CYLINDRICAL_SURFACE('',#1428,3.17881249999999);
#1275=CYLINDRICAL_SURFACE('',#1429,3.17881249999999);
#1276=CYLINDRICAL_SURFACE('',#1431,3.17881249999999);
#1277=CYLINDRICAL_SURFACE('',#1433,1.25);
#1278=CYLINDRICAL_SURFACE('',#1436,1.25);
#1279=CYLINDRICAL_SURFACE('',#1438,1.25);
#1280=CYLINDRICAL_SURFACE('',#1440,1.25);
#1281=CYLINDRICAL_SURFACE('',#1442,1.25);
#1282=CYLINDRICAL_SURFACE('',#1444,1.25);
#1283=CYLINDRICAL_SURFACE('',#1448,2.8304375);
#1284=CYLINDRICAL_SURFACE('',#1453,3.079375);
#1285=CYLINDRICAL_SURFACE('',#1455,3.079375);
#1286=CYLINDRICAL_SURFACE('',#1456,3.079375);
#1287=CYLINDRICAL_SURFACE('',#1457,3.079375);
#1288=CYLINDRICAL_SURFACE('',#1458,3.079375);
#1289=CYLINDRICAL_SURFACE('',#1459,3.079375);
#1290=CYLINDRICAL_SURFACE('',#1460,3.079375);
#1291=CYLINDRICAL_SURFACE('',#1461,3.079375);
#1292=CYLINDRICAL_SURFACE('',#1462,3.079375);
#1293=CYLINDRICAL_SURFACE('',#1463,3.079375);
#1294=CYLINDRICAL_SURFACE('',#1464,2.7221875);
#1295=CYLINDRICAL_SURFACE('',#1466,2.7221875);
#1296=CYLINDRICAL_SURFACE('',#1467,2.7221875);
#1297=CYLINDRICAL_SURFACE('',#1468,2.7221875);
#1298=CYLINDRICAL_SURFACE('',#1469,2.7221875);
#1299=CYLINDRICAL_SURFACE('',#1470,2.7221875);
#1300=CYLINDRICAL_SURFACE('',#1471,2.7221875);
#1301=CYLINDRICAL_SURFACE('',#1472,2.7221875);
#1302=CYLINDRICAL_SURFACE('',#1473,2.7221875);
#1303=CYLINDRICAL_SURFACE('',#1474,2.7221875);
#1304=CYLINDRICAL_SURFACE('',#1475,2.7221875);
#1305=CYLINDRICAL_SURFACE('',#1479,3.079375);
#1306=CYLINDRICAL_SURFACE('',#1480,3.125);
#1307=CYLINDRICAL_SURFACE('',#1484,1.25);
#1308=CYLINDRICAL_SURFACE('',#1487,1.25);
#1309=CYLINDRICAL_SURFACE('',#1489,1.25);
#1310=CYLINDRICAL_SURFACE('',#1491,1.25);
#1311=CYLINDRICAL_SURFACE('',#1493,1.25);
#1312=CYLINDRICAL_SURFACE('',#1495,1.25);
#1313=ADVANCED_FACE('',(#55),#1256,.F.);
#1314=ADVANCED_FACE('',(#56),#1257,.F.);
#1315=ADVANCED_FACE('',(#57),#1258,.F.);
#1316=ADVANCED_FACE('',(#58),#1259,.F.);
#1317=ADVANCED_FACE('',(#59),#1260,.F.);
#1318=ADVANCED_FACE('',(#60),#1261,.F.);
#1319=ADVANCED_FACE('',(#61),#1262,.F.);
#1320=ADVANCED_FACE('',(#62),#1263,.F.);
#1321=ADVANCED_FACE('',(#63),#1264,.F.);
#1322=ADVANCED_FACE('',(#64),#1265,.F.);
#1323=ADVANCED_FACE('',(#65),#1266,.F.);
#1324=ADVANCED_FACE('',(#66),#1267,.F.);
#1325=ADVANCED_FACE('',(#67),#1268,.F.);
#1326=ADVANCED_FACE('',(#68),#1269,.F.);
#1327=ADVANCED_FACE('',(#69),#1270,.F.);
#1328=ADVANCED_FACE('',(#70),#1271,.F.);
#1329=ADVANCED_FACE('',(#71),#1272,.F.);
#1330=ADVANCED_FACE('',(#72),#1273,.F.);
#1331=ADVANCED_FACE('',(#73),#1274,.F.);
#1332=ADVANCED_FACE('',(#74),#1275,.F.);
#1333=ADVANCED_FACE('',(#75),#1276,.F.);
#1334=ADVANCED_FACE('',(#76),#51,.F.);
#1335=ADVANCED_FACE('',(#77),#52,.F.);
#1336=ADVANCED_FACE('',(#78,#29),#33,.F.);
#1337=ADVANCED_FACE('',(#79),#1277,.T.);
#1338=ADVANCED_FACE('',(#80),#1278,.T.);
#1339=ADVANCED_FACE('',(#81),#1279,.T.);
#1340=ADVANCED_FACE('',(#82),#1280,.T.);
#1341=ADVANCED_FACE('',(#83),#1281,.T.);
#1342=ADVANCED_FACE('',(#84),#1282,.T.);
#1343=ADVANCED_FACE('',(#85),#34,.T.);
#1344=ADVANCED_FACE('',(#86),#35,.T.);
#1345=ADVANCED_FACE('',(#87),#36,.T.);
#1346=ADVANCED_FACE('',(#88),#1283,.F.);
#1347=ADVANCED_FACE('',(#89),#37,.T.);
#1348=ADVANCED_FACE('',(#90),#38,.T.);
#1349=ADVANCED_FACE('',(#91),#39,.T.);
#1350=ADVANCED_FACE('',(#92,#30),#40,.T.);
#1351=ADVANCED_FACE('',(#93),#1284,.T.);
#1352=ADVANCED_FACE('',(#94),#1285,.T.);
#1353=ADVANCED_FACE('',(#95),#1286,.T.);
#1354=ADVANCED_FACE('',(#96),#1287,.T.);
#1355=ADVANCED_FACE('',(#97),#1288,.T.);
#1356=ADVANCED_FACE('',(#98),#1289,.T.);
#1357=ADVANCED_FACE('',(#99),#1290,.T.);
#1358=ADVANCED_FACE('',(#100),#1291,.T.);
#1359=ADVANCED_FACE('',(#101),#1292,.T.);
#1360=ADVANCED_FACE('',(#102),#1293,.T.);
#1361=ADVANCED_FACE('',(#103),#1294,.T.);
#1362=ADVANCED_FACE('',(#104),#1295,.T.);
#1363=ADVANCED_FACE('',(#105),#1296,.T.);
#1364=ADVANCED_FACE('',(#106),#1297,.T.);
#1365=ADVANCED_FACE('',(#107),#1298,.T.);
#1366=ADVANCED_FACE('',(#108),#1299,.T.);
#1367=ADVANCED_FACE('',(#109),#1300,.T.);
#1368=ADVANCED_FACE('',(#110),#1301,.T.);
#1369=ADVANCED_FACE('',(#111),#1302,.T.);
#1370=ADVANCED_FACE('',(#112),#1303,.T.);
#1371=ADVANCED_FACE('',(#113),#53,.F.);
#1372=ADVANCED_FACE('',(#114),#1304,.T.);
#1373=ADVANCED_FACE('',(#115),#54,.F.);
#1374=ADVANCED_FACE('',(#116),#41,.F.);
#1375=ADVANCED_FACE('',(#117),#1305,.T.);
#1376=ADVANCED_FACE('',(#118),#1306,.T.);
#1377=ADVANCED_FACE('',(#119,#31),#42,.F.);
#1378=ADVANCED_FACE('',(#120),#1307,.T.);
#1379=ADVANCED_FACE('',(#121),#1308,.T.);
#1380=ADVANCED_FACE('',(#122),#1309,.T.);
#1381=ADVANCED_FACE('',(#123),#1310,.T.);
#1382=ADVANCED_FACE('',(#124),#1311,.T.);
#1383=ADVANCED_FACE('',(#125),#1312,.T.);
#1384=ADVANCED_FACE('',(#126),#43,.T.);
#1385=ADVANCED_FACE('',(#127),#44,.T.);
#1386=ADVANCED_FACE('',(#128),#45,.T.);
#1387=ADVANCED_FACE('',(#129),#46,.T.);
#1388=ADVANCED_FACE('',(#130),#47,.T.);
#1389=ADVANCED_FACE('',(#131),#48,.T.);
#1390=ADVANCED_FACE('',(#132),#49,.T.);
#1391=ADVANCED_FACE('',(#133,#32),#50,.F.);
#1392=CLOSED_SHELL('',(#1313,#1314,#1315,#1316,#1317,#1318,#1319,#1320,
#1321,#1322,#1323,#1324,#1325,#1326,#1327,#1328,#1329,#1330,#1331,#1332,
#1333,#1334,#1335,#1336,#1337,#1338,#1339,#1340,#1341,#1342,#1343,#1344,
#1345,#1346,#1347,#1348,#1349,#1350));
#1393=CLOSED_SHELL('',(#1351,#1352,#1353,#1354,#1355,#1356,#1357,#1358,
#1359,#1360,#1361,#1362,#1363,#1364,#1365,#1366,#1367,#1368,#1369,#1370,
#1371,#1372,#1373,#1374,#1375,#1376,#1377,#1378,#1379,#1380,#1381,#1382,
#1383,#1384,#1385,#1386,#1387,#1388,#1389,#1390,#1391));
#1394=DERIVED_UNIT_ELEMENT(#1396,1.);
#1395=DERIVED_UNIT_ELEMENT(#5281,-3.);
#1396=(
MASS_UNIT()
NAMED_UNIT(*)
SI_UNIT(.KILO.,.GRAM.)
);
#1397=DERIVED_UNIT((#1394,#1395));
#1398=MEASURE_REPRESENTATION_ITEM('density measure',
POSITIVE_RATIO_MEASURE(7850.),#1397);
#1399=PROPERTY_DEFINITION_REPRESENTATION(#1404,#1401);
#1400=PROPERTY_DEFINITION_REPRESENTATION(#1405,#1402);
#1401=REPRESENTATION('material name',(#1403),#5278);
#1402=REPRESENTATION('density',(#1398),#5278);
#1403=DESCRIPTIVE_REPRESENTATION_ITEM('Steel','Steel');
#1404=PROPERTY_DEFINITION('material property','material name',#5288);
#1405=PROPERTY_DEFINITION('material property','density of part',#5288);
#1406=AXIS2_PLACEMENT_3D('',#1789,#1504,#1505);
#1407=AXIS2_PLACEMENT_3D('',#1790,#1506,#1507);
#1408=AXIS2_PLACEMENT_3D('',#1809,#1509,#1510);
#1409=AXIS2_PLACEMENT_3D('',#1829,#1511,#1512);
#1410=AXIS2_PLACEMENT_3D('',#1880,#1514,#1515);
#1411=AXIS2_PLACEMENT_3D('',#1931,#1517,#1518);
#1412=AXIS2_PLACEMENT_3D('',#1979,#1520,#1521);
#1413=AXIS2_PLACEMENT_3D('',#2030,#1523,#1524);
#1414=AXIS2_PLACEMENT_3D('',#2081,#1526,#1527);
#1415=AXIS2_PLACEMENT_3D('',#2129,#1529,#1530);
#1416=AXIS2_PLACEMENT_3D('',#2177,#1532,#1533);
#1417=AXIS2_PLACEMENT_3D('',#2228,#1535,#1536);
#1418=AXIS2_PLACEMENT_3D('',#2238,#1538,#1539);
#1419=AXIS2_PLACEMENT_3D('',#2249,#1540,#1541);
#1420=AXIS2_PLACEMENT_3D('',#2263,#1543,#1544);
#1421=AXIS2_PLACEMENT_3D('',#2273,#1545,#1546);
#1422=AXIS2_PLACEMENT_3D('',#2297,#1548,#1549);
#1423=AXIS2_PLACEMENT_3D('',#2322,#1551,#1552);
#1424=AXIS2_PLACEMENT_3D('',#2346,#1554,#1555);
#1425=AXIS2_PLACEMENT_3D('',#2371,#1557,#1558);
#1426=AXIS2_PLACEMENT_3D('',#2395,#1560,#1561);
#1427=AXIS2_PLACEMENT_3D('',#2420,#1563,#1564);
#1428=AXIS2_PLACEMENT_3D('',#2445,#1566,#1567);
#1429=AXIS2_PLACEMENT_3D('',#2469,#1569,#1570);
#1430=AXIS2_PLACEMENT_3D('',#2480,#1572,#1573);
#1431=AXIS2_PLACEMENT_3D('',#2486,#1574,#1575);
#1432=AXIS2_PLACEMENT_3D('',#3466,#1576,#1577);
#1433=AXIS2_PLACEMENT_3D('',#3479,#1584,#1585);
#1434=AXIS2_PLACEMENT_3D('',#3481,#1586,#1587);
#1435=AXIS2_PLACEMENT_3D('',#3484,#1589,#1590);
#1436=AXIS2_PLACEMENT_3D('',#3485,#1591,#1592);
#1437=AXIS2_PLACEMENT_3D('',#3487,#1593,#1594);
#1438=AXIS2_PLACEMENT_3D('',#3489,#1596,#1597);
#1439=AXIS2_PLACEMENT_3D('',#3491,#1598,#1599);
#1440=AXIS2_PLACEMENT_3D('',#3493,#1601,#1602);
#1441=AXIS2_PLACEMENT_3D('',#3495,#1603,#1604);
#1442=AXIS2_PLACEMENT_3D('',#3497,#1606,#1607);
#1443=AXIS2_PLACEMENT_3D('',#3500,#1609,#1610);
#1444=AXIS2_PLACEMENT_3D('',#3501,#1611,#1612);
#1445=AXIS2_PLACEMENT_3D('',#3503,#1614,#1615);
#1446=AXIS2_PLACEMENT_3D('',#3509,#1619,#1620);
#1447=AXIS2_PLACEMENT_3D('',#3513,#1623,#1624);
#1448=AXIS2_PLACEMENT_3D('',#3517,#1627,#1628);
#1449=AXIS2_PLACEMENT_3D('',#3518,#1629,#1630);
#1450=AXIS2_PLACEMENT_3D('',#3524,#1634,#1635);
#1451=AXIS2_PLACEMENT_3D('',#3526,#1637,#1638);
#1452=AXIS2_PLACEMENT_3D('',#3528,#1640,#1641);
#1453=AXIS2_PLACEMENT_3D('',#3529,#1642,#1643);
#1454=AXIS2_PLACEMENT_3D('',#3545,#1645,#1646);
#1455=AXIS2_PLACEMENT_3D('',#3553,#1647,#1648);
#1456=AXIS2_PLACEMENT_3D('',#3601,#1650,#1651);
#1457=AXIS2_PLACEMENT_3D('',#3649,#1653,#1654);
#1458=AXIS2_PLACEMENT_3D('',#3697,#1656,#1657);
#1459=AXIS2_PLACEMENT_3D('',#3748,#1659,#1660);
#1460=AXIS2_PLACEMENT_3D('',#3796,#1662,#1663);
#1461=AXIS2_PLACEMENT_3D('',#3844,#1665,#1666);
#1462=AXIS2_PLACEMENT_3D('',#3898,#1668,#1669);
#1463=AXIS2_PLACEMENT_3D('',#3946,#1671,#1672);
#1464=AXIS2_PLACEMENT_3D('',#3994,#1674,#1675);
#1465=AXIS2_PLACEMENT_3D('',#4006,#1677,#1678);
#1466=AXIS2_PLACEMENT_3D('',#4011,#1679,#1680);
#1467=AXIS2_PLACEMENT_3D('',#4036,#1682,#1683);
#1468=AXIS2_PLACEMENT_3D('',#4060,#1685,#1686);
#1469=AXIS2_PLACEMENT_3D('',#4085,#1688,#1689);
#1470=AXIS2_PLACEMENT_3D('',#4110,#1691,#1692);
#1471=AXIS2_PLACEMENT_3D('',#4134,#1694,#1695);
#1472=AXIS2_PLACEMENT_3D('',#4159,#1697,#1698);
#1473=AXIS2_PLACEMENT_3D('',#4183,#1700,#1701);
#1474=AXIS2_PLACEMENT_3D('',#4208,#1703,#1704);
#1475=AXIS2_PLACEMENT_3D('',#4719,#1706,#1707);
#1476=AXIS2_PLACEMENT_3D('',#4721,#1708,#1709);
#1477=AXIS2_PLACEMENT_3D('',#5204,#1710,#1711);
#1478=AXIS2_PLACEMENT_3D('',#5205,#1712,#1713);
#1479=AXIS2_PLACEMENT_3D('',#5206,#1714,#1715);
#1480=AXIS2_PLACEMENT_3D('',#5207,#1716,#1717);
#1481=AXIS2_PLACEMENT_3D('',#5209,#1718,#1719);
#1482=AXIS2_PLACEMENT_3D('',#5212,#1721,#1722);
#1483=AXIS2_PLACEMENT_3D('',#5213,#1723,#1724);
#1484=AXIS2_PLACEMENT_3D('',#5214,#1725,#1726);
#1485=AXIS2_PLACEMENT_3D('',#5219,#1728,#1729);
#1486=AXIS2_PLACEMENT_3D('',#5222,#1731,#1732);
#1487=AXIS2_PLACEMENT_3D('',#5223,#1733,#1734);
#1488=AXIS2_PLACEMENT_3D('',#5227,#1736,#1737);
#1489=AXIS2_PLACEMENT_3D('',#5229,#1739,#1740);
#1490=AXIS2_PLACEMENT_3D('',#5233,#1742,#1743);
#1491=AXIS2_PLACEMENT_3D('',#5235,#1745,#1746);
#1492=AXIS2_PLACEMENT_3D('',#5239,#1748,#1749);
#1493=AXIS2_PLACEMENT_3D('',#5241,#1751,#1752);
#1494=AXIS2_PLACEMENT_3D('',#5246,#1755,#1756);
#1495=AXIS2_PLACEMENT_3D('',#5247,#1757,#1758);
#1496=AXIS2_PLACEMENT_3D('',#5250,#1761,#1762);
#1497=AXIS2_PLACEMENT_3D('',#5256,#1766,#1767);
#1498=AXIS2_PLACEMENT_3D('',#5260,#1770,#1771);
#1499=AXIS2_PLACEMENT_3D('',#5264,#1774,#1775);
#1500=AXIS2_PLACEMENT_3D('',#5265,#1776,#1777);
#1501=AXIS2_PLACEMENT_3D('',#5269,#1780,#1781);
#1502=AXIS2_PLACEMENT_3D('',#5273,#1784,#1785);
#1503=AXIS2_PLACEMENT_3D('',#5275,#1787,#1788);
#1504=DIRECTION('axis',(0.,0.,1.));
#1505=DIRECTION('refdir',(1.,0.,0.));
#1506=DIRECTION('center_axis',(-1.,0.,0.));
#1507=DIRECTION('ref_axis',(0.,-0.349181276818754,-0.937055193635479));
#1508=DIRECTION('',(1.,0.,0.));
#1509=DIRECTION('center_axis',(1.,8.32667268468869E-17,1.2490008974512E-16));
#1510=DIRECTION('ref_axis',(0.,-5.38531417902989E-24,-1.));
#1511=DIRECTION('center_axis',(-1.,0.,0.));
#1512=DIRECTION('ref_axis',(0.,-5.38531417902989E-24,-1.));
#1513=DIRECTION('',(1.,0.,0.));
#1514=DIRECTION('center_axis',(-1.,0.,0.));
#1515=DIRECTION('ref_axis',(0.,-5.38531417902989E-24,-1.));
#1516=DIRECTION('',(1.,0.,0.));
#1517=DIRECTION('center_axis',(-1.,0.,0.));
#1518=DIRECTION('ref_axis',(0.,-5.38531417902989E-24,-1.));
#1519=DIRECTION('',(1.,0.,0.));
#1520=DIRECTION('center_axis',(-1.,0.,0.));
#1521=DIRECTION('ref_axis',(0.,-5.38531417902989E-24,-1.));
#1522=DIRECTION('',(1.,0.,0.));
#1523=DIRECTION('center_axis',(-1.,0.,0.));
#1524=DIRECTION('ref_axis',(0.,-5.38531417902989E-24,-1.));
#1525=DIRECTION('',(1.,0.,0.));
#1526=DIRECTION('center_axis',(-1.,0.,0.));
#1527=DIRECTION('ref_axis',(0.,-5.38531417902989E-24,-1.));
#1528=DIRECTION('',(1.,0.,0.));
#1529=DIRECTION('center_axis',(-1.,0.,0.));
#1530=DIRECTION('ref_axis',(0.,-5.38531417902989E-24,-1.));
#1531=DIRECTION('',(1.,0.,0.));
#1532=DIRECTION('center_axis',(-1.,0.,0.));
#1533=DIRECTION('ref_axis',(0.,-5.38531417902989E-24,-1.));
#1534=DIRECTION('',(1.,0.,0.));
#1535=DIRECTION('center_axis',(-1.,0.,0.));
#1536=DIRECTION('ref_axis',(0.,0.936910471248797,0.349569404931778));
#1537=DIRECTION('',(1.,0.,0.));
#1538=DIRECTION('center_axis',(1.,8.32667268468869E-17,1.2490008974512E-16));
#1539=DIRECTION('ref_axis',(0.,-5.38531417902989E-24,-1.));
#1540=DIRECTION('center_axis',(-1.,0.,0.));
#1541=DIRECTION('ref_axis',(0.,-4.19108591510254E-14,-1.));
#1542=DIRECTION('',(-1.,-5.1475975487085E-30,-1.22464679914735E-16));
#1543=DIRECTION('center_axis',(1.,8.32667268468869E-17,1.2490008974512E-16));
#1544=DIRECTION('ref_axis',(0.,-4.19108591510254E-14,-1.));
#1545=DIRECTION('center_axis',(-1.,0.,0.));
#1546=DIRECTION('ref_axis',(0.,-4.19108591510254E-14,-1.));
#1547=DIRECTION('',(-1.,-5.1475975487085E-30,-1.22464679914735E-16));
#1548=DIRECTION('center_axis',(-1.,0.,0.));
#1549=DIRECTION('ref_axis',(0.,-4.19108591510254E-14,-1.));
#1550=DIRECTION('',(-1.,-5.1475975487085E-30,-1.22464679914735E-16));
#1551=DIRECTION('center_axis',(-1.,0.,0.));
#1552=DIRECTION('ref_axis',(0.,-4.19108591510254E-14,-1.));
#1553=DIRECTION('',(-1.,-5.1475975487085E-30,-1.22464679914735E-16));
#1554=DIRECTION('center_axis',(-1.,0.,0.));
#1555=DIRECTION('ref_axis',(0.,-4.19108591510254E-14,-1.));
#1556=DIRECTION('',(-1.,-5.1475975487085E-30,-1.22464679914735E-16));
#1557=DIRECTION('center_axis',(-1.,0.,0.));
#1558=DIRECTION('ref_axis',(0.,-4.19108591510254E-14,-1.));
#1559=DIRECTION('',(-1.,-5.1475975487085E-30,-1.22464679914735E-16));
#1560=DIRECTION('center_axis',(-1.,0.,0.));
#1561=DIRECTION('ref_axis',(0.,-4.19108591510254E-14,-1.));
#1562=DIRECTION('',(-1.,-5.1475975487085E-30,-1.22464679914735E-16));
#1563=DIRECTION('center_axis',(-1.,0.,0.));
#1564=DIRECTION('ref_axis',(0.,-4.19108591510254E-14,-1.));
#1565=DIRECTION('',(-1.,-5.1475975487085E-30,-1.22464679914735E-16));
#1566=DIRECTION('center_axis',(-1.,0.,0.));
#1567=DIRECTION('ref_axis',(0.,-4.19108591510254E-14,-1.));
#1568=DIRECTION('',(-1.,-5.1475975487085E-30,-1.22464679914735E-16));
#1569=DIRECTION('center_axis',(-1.,0.,0.));
#1570=DIRECTION('ref_axis',(0.,-0.793117476166837,0.609068689885424));
#1571=DIRECTION('',(-1.,-5.1475975487085E-30,-1.22464679914735E-16));
#1572=DIRECTION('center_axis',(-1.,-8.32667268468869E-17,-1.2490008974512E-16));
#1573=DIRECTION('ref_axis',(0.,-4.19108591510254E-14,-1.));
#1574=DIRECTION('center_axis',(-1.,0.,0.));
#1575=DIRECTION('ref_axis',(0.,-4.19108591510254E-14,-1.));
#1576=DIRECTION('center_axis',(1.,8.32667268468869E-17,1.2490008974512E-16));
#1577=DIRECTION('ref_axis',(1.2490008974512E-16,-5.38531417787433E-24,-1.));
#1578=DIRECTION('',(-9.66105586682356E-18,0.866025403784438,-0.5));
#1579=DIRECTION('',(1.2490008974512E-16,-5.38531417787433E-24,-1.));
#1580=DIRECTION('',(1.34561145611944E-16,-0.866025403784438,-0.5));
#1581=DIRECTION('',(9.66105586682356E-18,-0.866025403784438,0.5));
#1582=DIRECTION('',(-1.2490008974512E-16,5.38531417787433E-24,1.));
#1583=DIRECTION('',(-1.34561145611944E-16,0.866025403784438,0.5));
#1584=DIRECTION('center_axis',(9.66105586682356E-18,-0.866025403784438,
0.5));
#1585=DIRECTION('ref_axis',(-0.707106781186546,-0.353553390593279,-0.612372435695792));
#1586=DIRECTION('center_axis',(1.77635683940026E-14,-1.,0.));
#1587=DIRECTION('ref_axis',(3.07480808704035E-14,5.46195637525734E-28,-1.));
#1588=DIRECTION('',(9.66105586682356E-18,-0.866025403784438,0.5));
#1589=DIRECTION('center_axis',(0.,-0.500000000000005,0.866025403784436));
#1590=DIRECTION('ref_axis',(2.49800179490238E-16,-0.866025403784436,-0.500000000000005));
#1591=DIRECTION('center_axis',(1.34561145611944E-16,-0.866025403784438,
-0.5));
#1592=DIRECTION('ref_axis',(-0.707106781186546,0.353553390593279,-0.612372435695792));
#1593=DIRECTION('center_axis',(0.,-0.500000000000005,-0.866025403784436));
#1594=DIRECTION('ref_axis',(-2.69122291223891E-16,0.866025403784436,-0.500000000000005));
#1595=DIRECTION('',(1.34561145611944E-16,-0.866025403784438,-0.5));
#1596=DIRECTION('center_axis',(1.2490008974512E-16,-5.38531417787433E-24,
-1.));
#1597=DIRECTION('ref_axis',(-0.707106781186541,0.707106781186554,0.));
#1598=DIRECTION('center_axis',(0.,0.500000000000005,-0.866025403784436));
#1599=DIRECTION('ref_axis',(-2.49800179490238E-16,0.866025403784436,0.500000000000005));
#1600=DIRECTION('',(1.2490008974512E-16,-5.38531417787433E-24,-1.));
#1601=DIRECTION('center_axis',(-9.66105586682356E-18,0.866025403784438,
-0.5));
#1602=DIRECTION('ref_axis',(-0.707106781186546,0.353553390593279,0.612372435695792));
#1603=DIRECTION('center_axis',(0.,1.,0.));
#1604=DIRECTION('ref_axis',(1.93221117336471E-17,0.,1.));
#1605=DIRECTION('',(-9.66105586682356E-18,0.866025403784438,-0.5));
#1606=DIRECTION('center_axis',(-1.34561145611944E-16,0.866025403784438,
0.5));
#1607=DIRECTION('ref_axis',(-0.707106781186546,-0.353553390593279,0.612372435695792));
#1608=DIRECTION('',(-1.34561145611944E-16,0.866025403784438,0.5));
#1609=DIRECTION('center_axis',(0.,0.500000000000005,0.866025403784436));
#1610=DIRECTION('ref_axis',(2.69122291223891E-16,-0.866025403784436,0.500000000000005));
#1611=DIRECTION('center_axis',(-1.2490008974512E-16,5.38531417787433E-24,
1.));
#1612=DIRECTION('ref_axis',(-0.707106781186541,-0.707106781186554,0.));
#1613=DIRECTION('',(-1.2490008974512E-16,5.38531417787433E-24,1.));
#1614=DIRECTION('center_axis',(0.,-0.5,0.866025403784438));
#1615=DIRECTION('ref_axis',(-1.34561145611944E-16,0.866025403784438,0.5));
#1616=DIRECTION('',(-1.,0.,0.));
#1617=DIRECTION('',(1.34561145611944E-16,-0.866025403784438,-0.5));
#1618=DIRECTION('',(-1.,0.,0.));
#1619=DIRECTION('center_axis',(0.,-1.,5.38531417787433E-24));
#1620=DIRECTION('ref_axis',(-1.2490008974512E-16,5.38531417787433E-24,1.));
#1621=DIRECTION('',(-1.,0.,0.));
#1622=DIRECTION('',(1.2490008974512E-16,-5.38531417787433E-24,-1.));
#1623=DIRECTION('center_axis',(0.,-0.5,-0.866025403784438));
#1624=DIRECTION('ref_axis',(9.66105586682356E-18,-0.866025403784438,0.5));
#1625=DIRECTION('',(-1.,0.,0.));
#1626=DIRECTION('',(-9.66105586682356E-18,0.866025403784438,-0.5));
#1627=DIRECTION('center_axis',(-1.,0.,0.));
#1628=DIRECTION('ref_axis',(0.,-5.38531417902989E-24,-1.));
#1629=DIRECTION('center_axis',(0.,1.,-5.38531417787433E-24));
#1630=DIRECTION('ref_axis',(1.2490008974512E-16,-5.38531417787433E-24,-1.));
#1631=DIRECTION('',(-1.,0.,0.));
#1632=DIRECTION('',(-1.2490008974512E-16,5.38531417787433E-24,1.));
#1633=DIRECTION('',(-1.,0.,0.));
#1634=DIRECTION('center_axis',(0.,0.5,0.866025403784438));
#1635=DIRECTION('ref_axis',(-9.66105586682356E-18,0.866025403784438,-0.5));
#1636=DIRECTION('',(9.66105586682356E-18,-0.866025403784438,0.5));
#1637=DIRECTION('center_axis',(0.,0.5,-0.866025403784438));
#1638=DIRECTION('ref_axis',(1.34561145611944E-16,-0.866025403784438,-0.5));
#1639=DIRECTION('',(-1.34561145611944E-16,0.866025403784438,0.5));
#1640=DIRECTION('center_axis',(1.,8.32667268468869E-17,1.2490008974512E-16));
#1641=DIRECTION('ref_axis',(1.2490008974512E-16,-5.38531417787433E-24,-1.));
#1642=DIRECTION('center_axis',(-1.,0.,0.));
#1643=DIRECTION('ref_axis',(0.,-5.38531417902989E-24,-1.));
#1644=DIRECTION('',(1.,0.,0.));
#1645=DIRECTION('center_axis',(1.,8.32667268468869E-17,1.2490008974512E-16));
#1646=DIRECTION('ref_axis',(0.,-5.38531417902989E-24,-1.));
#1647=DIRECTION('center_axis',(-1.,0.,0.));
#1648=DIRECTION('ref_axis',(0.,-5.38531417902989E-24,-1.));
#1649=DIRECTION('',(1.,0.,0.));
#1650=DIRECTION('center_axis',(-1.,0.,0.));
#1651=DIRECTION('ref_axis',(0.,-5.38531417902989E-24,-1.));
#1652=DIRECTION('',(1.,0.,0.));
#1653=DIRECTION('center_axis',(-1.,0.,0.));
#1654=DIRECTION('ref_axis',(0.,-5.38531417902989E-24,-1.));
#1655=DIRECTION('',(1.,0.,0.));
#1656=DIRECTION('center_axis',(-1.,0.,0.));
#1657=DIRECTION('ref_axis',(0.,-5.38531417902989E-24,-1.));
#1658=DIRECTION('',(1.,0.,0.));
#1659=DIRECTION('center_axis',(-1.,0.,0.));
#1660=DIRECTION('ref_axis',(0.,-5.38531417902989E-24,-1.));
#1661=DIRECTION('',(1.,0.,0.));
#1662=DIRECTION('center_axis',(-1.,0.,0.));
#1663=DIRECTION('ref_axis',(0.,-5.38531417902989E-24,-1.));
#1664=DIRECTION('',(1.,0.,0.));
#1665=DIRECTION('center_axis',(-1.,0.,0.));
#1666=DIRECTION('ref_axis',(0.,-5.38531417902989E-24,-1.));
#1667=DIRECTION('',(1.,0.,0.));
#1668=DIRECTION('center_axis',(-1.,0.,0.));
#1669=DIRECTION('ref_axis',(0.,-5.38531417902989E-24,-1.));
#1670=DIRECTION('',(1.,0.,0.));
#1671=DIRECTION('center_axis',(-1.,0.,0.));
#1672=DIRECTION('ref_axis',(0.,-5.38531417902989E-24,-1.));
#1673=DIRECTION('',(1.,0.,0.));
#1674=DIRECTION('center_axis',(-1.,0.,0.));
#1675=DIRECTION('ref_axis',(0.,0.889027557881249,0.457853689870141));
#1676=DIRECTION('',(-1.,0.,0.));
#1677=DIRECTION('center_axis',(-1.,-8.32667268468869E-17,-1.2490008974512E-16));
#1678=DIRECTION('ref_axis',(0.,-5.70979124132787E-14,-1.));
#1679=DIRECTION('center_axis',(-1.,0.,0.));
#1680=DIRECTION('ref_axis',(0.,-5.70979124132787E-14,-1.));
#1681=DIRECTION('',(-1.,0.,0.));
#1682=DIRECTION('center_axis',(-1.,0.,0.));
#1683=DIRECTION('ref_axis',(0.,-5.70979124132787E-14,-1.));
#1684=DIRECTION('',(-1.,0.,0.));
#1685=DIRECTION('center_axis',(-1.,0.,0.));
#1686=DIRECTION('ref_axis',(0.,-5.70979124132787E-14,-1.));
#1687=DIRECTION('',(-1.,0.,0.));
#1688=DIRECTION('center_axis',(-1.,0.,0.));
#1689=DIRECTION('ref_axis',(0.,-5.70979124132787E-14,-1.));
#1690=DIRECTION('',(-1.,0.,0.));
#1691=DIRECTION('center_axis',(-1.,0.,0.));
#1692=DIRECTION('ref_axis',(0.,-5.70979124132787E-14,-1.));
#1693=DIRECTION('',(-1.,0.,0.));
#1694=DIRECTION('center_axis',(-1.,0.,0.));
#1695=DIRECTION('ref_axis',(0.,-5.70979124132787E-14,-1.));
#1696=DIRECTION('',(-1.,0.,0.));
#1697=DIRECTION('center_axis',(-1.,0.,0.));
#1698=DIRECTION('ref_axis',(0.,-5.70979124132787E-14,-1.));
#1699=DIRECTION('',(-1.,0.,0.));
#1700=DIRECTION('center_axis',(-1.,0.,0.));
#1701=DIRECTION('ref_axis',(0.,-5.70979124132787E-14,-1.));
#1702=DIRECTION('',(-1.,0.,0.));
#1703=DIRECTION('center_axis',(-1.,0.,0.));
#1704=DIRECTION('ref_axis',(0.,-5.70979124132787E-14,-1.));
#1705=DIRECTION('',(-1.,0.,0.));
#1706=DIRECTION('center_axis',(-1.,0.,0.));
#1707=DIRECTION('ref_axis',(0.,-5.70979124132787E-14,-1.));
#1708=DIRECTION('center_axis',(1.,8.32667268468869E-17,1.2490008974512E-16));
#1709=DIRECTION('ref_axis',(0.,-5.70979124132787E-14,-1.));
#1710=DIRECTION('center_axis',(1.,8.32667268468869E-17,1.2490008974512E-16));
#1711=DIRECTION('ref_axis',(1.2490008974512E-16,-5.38531417787433E-24,-1.));
#1712=DIRECTION('center_axis',(-1.,-8.32667268468869E-17,-1.2490008974512E-16));
#1713=DIRECTION('ref_axis',(0.,-5.38531417902989E-24,-1.));
#1714=DIRECTION('center_axis',(-1.,0.,0.));
#1715=DIRECTION('ref_axis',(0.,-5.38531417902989E-24,-1.));
#1716=DIRECTION('center_axis',(-1.,0.,-2.22044604925031E-16));
#1717=DIRECTION('ref_axis',(2.22044604925031E-16,-5.38531417902989E-24,
-1.));
#1718=DIRECTION('center_axis',(-1.,-8.32667268468866E-17,-1.11022301937306E-16));
#1719=DIRECTION('ref_axis',(1.11022301937306E-16,-5.38531417902989E-24,
-1.));
#1720=DIRECTION('',(1.,0.,2.22044604925031E-16));
#1721=DIRECTION('center_axis',(1.,8.32667268468869E-17,1.2490008974512E-16));
#1722=DIRECTION('ref_axis',(2.22044604925031E-16,-5.38531417902989E-24,
-1.));
#1723=DIRECTION('center_axis',(1.,8.32667268468869E-17,1.2490008974512E-16));
#1724=DIRECTION('ref_axis',(1.2490008974512E-16,-5.38531417787433E-24,-1.));
#1725=DIRECTION('center_axis',(0.,-0.866025403784438,0.5));
#1726=DIRECTION('ref_axis',(0.707106781186546,0.353553390593279,0.612372435695792));
#1727=DIRECTION('',(0.,0.866025403784438,-0.5));
#1728=DIRECTION('center_axis',(0.,-0.499999999999999,0.866025403784439));
#1729=DIRECTION('ref_axis',(0.,0.866025403784439,0.499999999999999));
#1730=DIRECTION('',(0.,-0.866025403784438,0.5));
#1731=DIRECTION('center_axis',(0.,-1.,-1.53837014910685E-14));
#1732=DIRECTION('ref_axis',(0.,-1.53837014910685E-14,1.));
#1733=DIRECTION('center_axis',(0.,5.38531417787433E-24,1.));
#1734=DIRECTION('ref_axis',(0.707106781186541,0.707106781186554,0.));
#1735=DIRECTION('',(0.,-5.38531417787433E-24,-1.));
#1736=DIRECTION('center_axis',(0.,0.500000000000005,0.866025403784436));
#1737=DIRECTION('ref_axis',(0.,0.866025403784436,-0.500000000000005));
#1738=DIRECTION('',(0.,5.38531417787433E-24,1.));
#1739=DIRECTION('center_axis',(0.,0.866025403784438,0.5));
#1740=DIRECTION('ref_axis',(0.707106781186546,0.353553390593279,-0.612372435695792));
#1741=DIRECTION('',(0.,-0.866025403784438,-0.5));
#1742=DIRECTION('center_axis',(0.,1.,1.53837014910685E-14));
#1743=DIRECTION('ref_axis',(0.,1.53837014910685E-14,-1.));
#1744=DIRECTION('',(0.,0.866025403784438,0.5));
#1745=DIRECTION('center_axis',(0.,0.866025403784438,-0.5));
#1746=DIRECTION('ref_axis',(0.707106781186546,-0.353553390593279,-0.612372435695792));
#1747=DIRECTION('',(0.,-0.866025403784438,0.5));
#1748=DIRECTION('center_axis',(0.,0.499999999999999,-0.866025403784439));
#1749=DIRECTION('ref_axis',(0.,-0.866025403784439,-0.499999999999999));
#1750=DIRECTION('',(0.,0.866025403784438,-0.5));
#1751=DIRECTION('center_axis',(0.,-5.38531417787433E-24,-1.));
#1752=DIRECTION('ref_axis',(0.707106781186541,-0.707106781186554,0.));
#1753=DIRECTION('',(0.,-5.38531417787433E-24,-1.));
#1754=DIRECTION('',(0.,5.38531417787433E-24,1.));
#1755=DIRECTION('center_axis',(-7.69185074553426E-15,-0.500000000000005,
-0.866025403784436));
#1756=DIRECTION('ref_axis',(-1.33226762955017E-14,-0.866025403784436,0.500000000000005));
#1757=DIRECTION('center_axis',(0.,-0.866025403784438,-0.5));
#1758=DIRECTION('ref_axis',(0.707106781186546,-0.353553390593279,0.612372435695792));
#1759=DIRECTION('',(0.,-0.866025403784438,-0.5));
#1760=DIRECTION('',(0.,0.866025403784438,0.5));
#1761=DIRECTION('center_axis',(0.,-1.,5.38531417787433E-24));
#1762=DIRECTION('ref_axis',(1.2490008974512E-16,-5.38531417787433E-24,-1.));
#1763=DIRECTION('',(1.,0.,0.));
#1764=DIRECTION('',(1.2490008974512E-16,-5.38531417787433E-24,-1.));
#1765=DIRECTION('',(1.,0.,0.));
#1766=DIRECTION('center_axis',(0.,-0.5,0.866025403784438));
#1767=DIRECTION('ref_axis',(1.34561145611944E-16,-0.866025403784438,-0.5));
#1768=DIRECTION('',(1.,0.,0.));
#1769=DIRECTION('',(1.34561145611944E-16,-0.866025403784438,-0.5));
#1770=DIRECTION('center_axis',(0.,0.5,0.866025403784438));
#1771=DIRECTION('ref_axis',(9.66105586682356E-18,-0.866025403784438,0.5));
#1772=DIRECTION('',(1.,0.,0.));
#1773=DIRECTION('',(9.66105586682356E-18,-0.866025403784438,0.5));
#1774=DIRECTION('center_axis',(1.,0.,0.));
#1775=DIRECTION('ref_axis',(0.,0.,-1.));
#1776=DIRECTION('center_axis',(0.,1.,-5.38531417787433E-24));
#1777=DIRECTION('ref_axis',(-1.2490008974512E-16,5.38531417787433E-24,1.));
#1778=DIRECTION('',(1.,0.,0.));
#1779=DIRECTION('',(-1.2490008974512E-16,5.38531417787433E-24,1.));
#1780=DIRECTION('center_axis',(0.,0.5,-0.866025403784438));
#1781=DIRECTION('ref_axis',(-1.34561145611944E-16,0.866025403784438,0.5));
#1782=DIRECTION('',(1.,0.,0.));
#1783=DIRECTION('',(-1.34561145611944E-16,0.866025403784438,0.5));
#1784=DIRECTION('center_axis',(0.,-0.5,-0.866025403784438));
#1785=DIRECTION('ref_axis',(-9.66105586682356E-18,0.866025403784438,-0.5));
#1786=DIRECTION('',(-9.66105586682356E-18,0.866025403784438,-0.5));
#1787=DIRECTION('center_axis',(1.,8.32667268468869E-17,1.2490008974512E-16));
#1788=DIRECTION('ref_axis',(1.2490008974512E-16,-5.38531417787433E-24,-1.));
#1789=CARTESIAN_POINT('',(0.,0.,0.));
#1790=CARTESIAN_POINT('Origin',(-80.0509029333281,112.391155613357,87.8896607750357));
#1791=CARTESIAN_POINT('',(-80.6049971033932,112.392735498536,90.7165138416406));
#1792=CARTESIAN_POINT('',(-80.4343087632629,112.393165129885,90.7229069068475));
#1793=CARTESIAN_POINT('',(-80.0509029333281,112.391155613357,90.7200982750357));
#1794=CARTESIAN_POINT('',(-80.050902933328,114.242182882379,85.7483820704428));
#1795=CARTESIAN_POINT('Ctrl Pts',(-80.4343087632629,112.393165129885,90.7229069068475));
#1796=CARTESIAN_POINT('Ctrl Pts',(-80.4057550318686,111.582973955144,90.7163499758689));
#1797=CARTESIAN_POINT('Ctrl Pts',(-80.3772013004743,110.767704175463,90.3506758147573));
#1798=CARTESIAN_POINT('Ctrl Pts',(-80.34864756908,110.240515996177,89.7370528916455));
#1799=CARTESIAN_POINT('Ctrl Pts',(-80.3155648317742,109.629708679781,89.0261011183106));
#1800=CARTESIAN_POINT('Ctrl Pts',(-80.2824820944685,109.405617820489,87.9823066134267));
#1801=CARTESIAN_POINT('Ctrl Pts',(-80.2493993571627,109.672313368661,87.083991411465));
#1802=CARTESIAN_POINT('Ctrl Pts',(-80.2163166198569,109.939008916833,86.1856762095032));
#1803=CARTESIAN_POINT('Ctrl Pts',(-80.1832338825511,110.696490872469,85.4328403104635));
#1804=CARTESIAN_POINT('Ctrl Pts',(-80.1501511452454,111.594245631268,85.16961128537));
#1805=CARTESIAN_POINT('Ctrl Pts',(-80.1170684079396,112.492000390068,84.9063822602765));
#1806=CARTESIAN_POINT('Ctrl Pts',(-80.0839856706338,113.530027952032,85.1327601091291));
#1807=CARTESIAN_POINT('Ctrl Pts',(-80.050902933328,114.242182882379,85.7483820704428));
#1808=CARTESIAN_POINT('',(-80.0509029324513,114.245287887369,90.0351285930116));
#1809=CARTESIAN_POINT('Origin',(-80.0509023079251,112.391155613357,87.8896607750357));
#1810=CARTESIAN_POINT('Ctrl Pts',(-80.0509029333281,114.245292246654,90.0351344743343));
#1811=CARTESIAN_POINT('Ctrl Pts',(-80.0831063452357,114.934301894873,89.4372733468836));
#1812=CARTESIAN_POINT('Ctrl Pts',(-80.1153097571434,115.311371561649,88.4756078096405));
#1813=CARTESIAN_POINT('Ctrl Pts',(-80.1475131690511,115.20812869951,87.5690773851645));
#1814=CARTESIAN_POINT('Ctrl Pts',(-80.1805959063568,115.102066755,86.6377938311544));
#1815=CARTESIAN_POINT('Ctrl Pts',(-80.2136786436626,114.489103966789,85.7646974646455));
#1816=CARTESIAN_POINT('Ctrl Pts',(-80.2467613809684,113.64937619821,85.3489282048488));
#1817=CARTESIAN_POINT('Ctrl Pts',(-80.2798441182742,112.809648429632,84.933158945052));
#1818=CARTESIAN_POINT('Ctrl Pts',(-80.3129268555799,111.743155680685,84.9747167919675));
#1819=CARTESIAN_POINT('Ctrl Pts',(-80.3460095928857,110.938371684869,85.4548477533436));
#1820=CARTESIAN_POINT('Ctrl Pts',(-80.3790923301915,110.133587689054,85.9349787147198));
#1821=CARTESIAN_POINT('Ctrl Pts',(-80.4121750674973,109.590512446369,86.8536827905568));
#1822=CARTESIAN_POINT('Ctrl Pts',(-80.4452578048031,109.557662151661,87.7902416091783));
#1823=CARTESIAN_POINT('Ctrl Pts',(-80.4783405421088,109.524811856953,88.7268004277998));
#1824=CARTESIAN_POINT('Ctrl Pts',(-80.5114232794146,110.002186510221,89.6812139892057));
#1825=CARTESIAN_POINT('Ctrl Pts',(-80.5445060167204,110.771291596991,90.2166060708365));
#1826=CARTESIAN_POINT('Ctrl Pts',(-80.564669712278,111.240055734557,90.5429237765989));
#1827=CARTESIAN_POINT('Ctrl Pts',(-80.5848334078356,111.817192381028,90.7135826828903));
#1828=CARTESIAN_POINT('Ctrl Pts',(-80.6049971033932,112.392735498536,90.7165138416406));
#1829=CARTESIAN_POINT('Origin',(-80.0509029333281,112.391155613357,87.8896607750357));
#1830=CARTESIAN_POINT('',(-81.2299971033932,112.392668767346,90.7239014939817));
#1831=CARTESIAN_POINT('',(-81.059308763263,112.388893103324,90.7223037022769));
#1832=CARTESIAN_POINT('',(-80.0509029333281,112.391155613357,90.7200982750357));
#1833=CARTESIAN_POINT('Ctrl Pts',(-81.059308763263,112.388893103324,90.7223037022769));
#1834=CARTESIAN_POINT('Ctrl Pts',(-81.0540008596758,112.238174466025,90.7236174500307));
#1835=CARTESIAN_POINT('Ctrl Pts',(-81.0486929560885,112.087647815066,90.7126264586166));
#1836=CARTESIAN_POINT('Ctrl Pts',(-81.0433850525013,111.939216309957,90.6886601059997));
#1837=CARTESIAN_POINT('Ctrl Pts',(-81.0103023151955,111.014082608723,90.5392842677287));
#1838=CARTESIAN_POINT('Ctrl Pts',(-80.9772195778897,110.170338913819,89.8858553437317));
#1839=CARTESIAN_POINT('Ctrl Pts',(-80.9441368405839,109.794249016502,89.0275155110874));
#1840=CARTESIAN_POINT('Ctrl Pts',(-80.9110541032781,109.418159119185,88.1691756784431));
#1841=CARTESIAN_POINT('Ctrl Pts',(-80.8779713659724,109.509723019455,87.1059249371515));
#1842=CARTESIAN_POINT('Ctrl Pts',(-80.8448886286667,110.027039430231,86.3245322140652));
#1843=CARTESIAN_POINT('Ctrl Pts',(-80.8118058913609,110.544355841007,85.543139490979));
#1844=CARTESIAN_POINT('Ctrl Pts',(-80.7787231540551,111.487424762289,85.043604786098));
#1845=CARTESIAN_POINT('Ctrl Pts',(-80.7456404167493,112.424465872303,85.0546082902308));
#1846=CARTESIAN_POINT('Ctrl Pts',(-80.7125576794435,113.361506982316,85.0656117943634));
#1847=CARTESIAN_POINT('Ctrl Pts',(-80.6794749421378,114.292520281061,85.5871535075098));
#1848=CARTESIAN_POINT('Ctrl Pts',(-80.646392204832,114.791357816118,86.3804898146324));
#1849=CARTESIAN_POINT('Ctrl Pts',(-80.6133094675262,115.290195351175,87.1738261217551));
#1850=CARTESIAN_POINT('Ctrl Pts',(-80.5802267302204,115.356857122543,88.238957022854));
#1851=CARTESIAN_POINT('Ctrl Pts',(-80.5471439929146,114.960663335838,89.0882116108366));
#1852=CARTESIAN_POINT('Ctrl Pts',(-80.5140612556089,114.564469549132,89.9374661988193));
#1853=CARTESIAN_POINT('Ctrl Pts',(-80.4809785183031,113.705420204353,90.5708444736856));
#1854=CARTESIAN_POINT('Ctrl Pts',(-80.4478957809974,112.777133645213,90.6984790902259));
#1855=CARTESIAN_POINT('Ctrl Pts',(-80.4433667750859,112.650051799627,90.7159521888838));
#1856=CARTESIAN_POINT('Ctrl Pts',(-80.4388377691744,112.521672349104,90.7239469243062));
#1857=CARTESIAN_POINT('Ctrl Pts',(-80.4343087632629,112.393165129885,90.7229069068475));
#1858=CARTESIAN_POINT('Ctrl Pts',(-80.6049971033932,112.392735498536,90.7165138416406));
#1859=CARTESIAN_POINT('Ctrl Pts',(-80.6179161451414,112.761490598101,90.7183918586022));
#1860=CARTESIAN_POINT('Ctrl Pts',(-80.6308351868895,113.129591543214,90.6514164970949));
#1861=CARTESIAN_POINT('Ctrl Pts',(-80.6437542286376,113.468115616907,90.5124134427948));
#1862=CARTESIAN_POINT('Ctrl Pts',(-80.6768369659434,114.334999029778,90.1564581312667));
#1863=CARTESIAN_POINT('Ctrl Pts',(-80.7099197032492,115.007930335246,89.3281769063549));
#1864=CARTESIAN_POINT('Ctrl Pts',(-80.743002440555,115.178848203921,88.4067768062273));
#1865=CARTESIAN_POINT('Ctrl Pts',(-80.7760851778608,115.349766072596,87.4853767060997));
#1866=CARTESIAN_POINT('Ctrl Pts',(-80.8091679151666,115.018670504479,86.4708577307562));
#1867=CARTESIAN_POINT('Ctrl Pts',(-80.8422506524723,114.33713398607,85.8276675052888));
#1868=CARTESIAN_POINT('Ctrl Pts',(-80.8753333897781,113.655597467661,85.1844772798215));
#1869=CARTESIAN_POINT('Ctrl Pts',(-80.9084161270839,112.623619998961,84.9126158042303));
#1870=CARTESIAN_POINT('Ctrl Pts',(-80.9414988643897,111.713651014239,85.1365463746055));
#1871=CARTESIAN_POINT('Ctrl Pts',(-80.9745816016954,110.803682029517,85.3604769449807));
#1872=CARTESIAN_POINT('Ctrl Pts',(-81.0076643390013,110.015721528773,86.0801995613224));
#1873=CARTESIAN_POINT('Ctrl Pts',(-81.040747076307,109.710502349793,86.9662184640931));
#1874=CARTESIAN_POINT('Ctrl Pts',(-81.0738298136128,109.405283170812,87.8522373668638));
#1875=CARTESIAN_POINT('Ctrl Pts',(-81.1069125509185,109.582805313595,88.9045525560636));
#1876=CARTESIAN_POINT('Ctrl Pts',(-81.1399952882243,110.161798432306,89.6414071526102));
#1877=CARTESIAN_POINT('Ctrl Pts',(-81.1699958932805,110.686850024144,90.3096131577723));
#1878=CARTESIAN_POINT('Ctrl Pts',(-81.1999964983369,111.542051621087,90.7183998710816));
#1879=CARTESIAN_POINT('Ctrl Pts',(-81.2299971033932,112.392668767346,90.7239014939817));
#1880=CARTESIAN_POINT('Origin',(-80.0509029333281,112.391155613357,87.8896607750357));
#1881=CARTESIAN_POINT('',(-81.8549971033932,112.388634064755,90.7210860653588));
#1882=CARTESIAN_POINT('',(-81.6843087632629,112.390507002589,90.7157553288552));
#1883=CARTESIAN_POINT('',(-80.0509029333281,112.391155613357,90.7200982750357));
#1884=CARTESIAN_POINT('Ctrl Pts',(-81.6843087632629,112.390507002589,90.7157553288552));
#1885=CARTESIAN_POINT('Ctrl Pts',(-81.669163950177,111.95793181165,90.71664158161));
#1886=CARTESIAN_POINT('Ctrl Pts',(-81.6540191370911,111.525718618748,90.6234687376651));
#1887=CARTESIAN_POINT('Ctrl Pts',(-81.6388743240052,111.140697434201,90.4342631925948));
#1888=CARTESIAN_POINT('Ctrl Pts',(-81.6057915866995,110.299646796385,90.0209575077473));
#1889=CARTESIAN_POINT('Ctrl Pts',(-81.5727088493936,109.683783253069,89.1494105719466));
#1890=CARTESIAN_POINT('Ctrl Pts',(-81.5396261120879,109.575053540759,88.2186229153143));
#1891=CARTESIAN_POINT('Ctrl Pts',(-81.5065433747821,109.46632382845,87.287835258682));
#1892=CARTESIAN_POINT('Ctrl Pts',(-81.4734606374763,109.864727947147,86.2978068812181));
#1893=CARTESIAN_POINT('Ctrl Pts',(-81.4403779001706,110.587873779177,85.7017800674496));
#1894=CARTESIAN_POINT('Ctrl Pts',(-81.4072951628648,111.311019611207,85.1057532536812));
#1895=CARTESIAN_POINT('Ctrl Pts',(-81.374212425559,112.358907156571,84.9037280036082));
#1896=CARTESIAN_POINT('Ctrl Pts',(-81.3411296882532,113.251805417642,85.1881928328881));
#1897=CARTESIAN_POINT('Ctrl Pts',(-81.3080469509475,114.144703678714,85.472657662168));
#1898=CARTESIAN_POINT('Ctrl Pts',(-81.2749642136417,114.882612655494,86.2436125708008));
#1899=CARTESIAN_POINT('Ctrl Pts',(-81.2418814763359,115.127713109558,87.1481090201051));
#1900=CARTESIAN_POINT('Ctrl Pts',(-81.2087987390301,115.372813563621,88.0526054694093));
#1901=CARTESIAN_POINT('Ctrl Pts',(-81.1757160017244,115.125105494968,89.0906434593848));
#1902=CARTESIAN_POINT('Ctrl Pts',(-81.1426332644186,114.49798960686,89.7870010781002));
#1903=CARTESIAN_POINT('Ctrl Pts',(-81.1148584307001,113.971490262097,90.3716327816289));
#1904=CARTESIAN_POINT('Ctrl Pts',(-81.0870835969815,113.177563247851,90.7154292131659));
#1905=CARTESIAN_POINT('Ctrl Pts',(-81.059308763263,112.388893103324,90.7223037022769));
#1906=CARTESIAN_POINT('Ctrl Pts',(-81.2299971033932,112.392668767346,90.7239014939817));
#1907=CARTESIAN_POINT('Ctrl Pts',(-81.2330792356427,112.480057489457,90.7244667068943));
#1908=CARTESIAN_POINT('Ctrl Pts',(-81.2361613678922,112.567397824444,90.7207753998082));
#1909=CARTESIAN_POINT('Ctrl Pts',(-81.2392435001416,112.654326807776,90.712671573898));
#1910=CARTESIAN_POINT('Ctrl Pts',(-81.2723262374474,113.587397969895,90.6256873947458));
#1911=CARTESIAN_POINT('Ctrl Pts',(-81.3054089747532,114.473076199495,90.0303250325479));
#1912=CARTESIAN_POINT('Ctrl Pts',(-81.338491712059,114.905891662605,89.1991458876225));
#1913=CARTESIAN_POINT('Ctrl Pts',(-81.3715744493647,115.338707125714,88.3679667426972));
#1914=CARTESIAN_POINT('Ctrl Pts',(-81.4046571866705,115.318659822334,87.3009708150446));
#1915=CARTESIAN_POINT('Ctrl Pts',(-81.4377399239763,114.854927491299,86.4866365632292));
#1916=CARTESIAN_POINT('Ctrl Pts',(-81.4708226612821,114.391195160265,85.6723023114139));
#1917=CARTESIAN_POINT('Ctrl Pts',(-81.5039053985878,113.483777801577,85.1106297354359));
#1918=CARTESIAN_POINT('Ctrl Pts',(-81.5369881358936,112.548097744355,85.0587566818307));
#1919=CARTESIAN_POINT('Ctrl Pts',(-81.5700708731993,111.612417687133,85.0068836282255));
#1920=CARTESIAN_POINT('Ctrl Pts',(-81.6031536105051,110.648474931377,85.4648100969931));
#1921=CARTESIAN_POINT('Ctrl Pts',(-81.6362363478109,110.097569501836,86.2228939866498));
#1922=CARTESIAN_POINT('Ctrl Pts',(-81.6693190851167,109.546664072295,86.9809778763066));
#1923=CARTESIAN_POINT('Ctrl Pts',(-81.7024018224225,109.408795968969,88.0392191868524));
#1924=CARTESIAN_POINT('Ctrl Pts',(-81.7354845597282,109.747082224015,88.9131473197931));
#1925=CARTESIAN_POINT('Ctrl Pts',(-81.768567297034,110.085368479062,89.7870754527338));
#1926=CARTESIAN_POINT('Ctrl Pts',(-81.8016500343398,110.89980909248,90.4766904080693));
#1927=CARTESIAN_POINT('Ctrl Pts',(-81.8347327716456,111.817547195501,90.6662814150059));
#1928=CARTESIAN_POINT('Ctrl Pts',(-81.8414875488948,112.004929406403,90.7049917855679));
#1929=CARTESIAN_POINT('Ctrl Pts',(-81.848242326144,112.196617963674,90.7228567675021));
#1930=CARTESIAN_POINT('Ctrl Pts',(-81.8549971033932,112.388634064755,90.7210860653588));
#1931=CARTESIAN_POINT('Origin',(-80.0509029333281,112.391155613357,87.8896607750357));
#1932=CARTESIAN_POINT('',(-82.4799971033932,112.391179225281,90.7156190192927));
#1933=CARTESIAN_POINT('',(-82.3093087632629,112.393746019353,90.719924141341));
#1934=CARTESIAN_POINT('',(-80.0509029333281,112.391155613357,90.7200982750357));
#1935=CARTESIAN_POINT('Ctrl Pts',(-82.3093087632629,112.393746019353,90.719924141341));
#1936=CARTESIAN_POINT('Ctrl Pts',(-82.2843270406783,111.682851137792,90.7134566831605));
#1937=CARTESIAN_POINT('Ctrl Pts',(-82.2593453180937,110.96754947384,90.4416702322454));
#1938=CARTESIAN_POINT('Ctrl Pts',(-82.2343635955091,110.451432472152,89.9575392155481));
#1939=CARTESIAN_POINT('Ctrl Pts',(-82.2012808582034,109.76795025318,89.3164153221599));
#1940=CARTESIAN_POINT('Ctrl Pts',(-82.1681981208976,109.433780435121,88.3029003558319));
#1941=CARTESIAN_POINT('Ctrl Pts',(-82.1351153835918,109.601908402026,87.3809888755891));
#1942=CARTESIAN_POINT('Ctrl Pts',(-82.102032646286,109.770036368931,86.4590773953462));
#1943=CARTESIAN_POINT('Ctrl Pts',(-82.0689499089803,110.4404621208,85.6287694011887));
#1944=CARTESIAN_POINT('Ctrl Pts',(-82.0358671716745,111.306259850607,85.2701859622001));
#1945=CARTESIAN_POINT('Ctrl Pts',(-82.0027844343687,112.172057580413,84.9116025232115));
#1946=CARTESIAN_POINT('Ctrl Pts',(-81.9697016970629,113.233227288157,85.024743639392));
#1947=CARTESIAN_POINT('Ctrl Pts',(-81.9366189597572,114.003957720727,85.5578124794208));
#1948=CARTESIAN_POINT('Ctrl Pts',(-81.9035362224514,114.774688153297,86.0908813194496));
#1949=CARTESIAN_POINT('Ctrl Pts',(-81.8704534851456,115.254979310694,87.0438778833267));
#1950=CARTESIAN_POINT('Ctrl Pts',(-81.8373707478398,115.224950400819,87.9805133816032));
#1951=CARTESIAN_POINT('Ctrl Pts',(-81.8042880105341,115.194921490945,88.9171488798796));
#1952=CARTESIAN_POINT('Ctrl Pts',(-81.7712052732283,114.654572513799,89.8374233125552));
#1953=CARTESIAN_POINT('Ctrl Pts',(-81.7381225359225,113.851279159067,90.3200283119459));
#1954=CARTESIAN_POINT('Ctrl Pts',(-81.7201846117026,113.415722234309,90.5817035121322));
#1955=CARTESIAN_POINT('Ctrl Pts',(-81.7022466874828,112.902860700878,90.7147056272401));
#1956=CARTESIAN_POINT('Ctrl Pts',(-81.6843087632629,112.390507002589,90.7157553288552));
#1957=CARTESIAN_POINT('Ctrl Pts',(-81.8549971033932,112.388634064755,90.7210860653588));
#1958=CARTESIAN_POINT('Ctrl Pts',(-81.8813250634498,113.137051377857,90.7141844350637));
#1959=CARTESIAN_POINT('Ctrl Pts',(-81.9076530235063,113.89044470678,90.4089792745971));
#1960=CARTESIAN_POINT('Ctrl Pts',(-81.9339809835629,114.413216417878,89.8771010620023));
#1961=CARTESIAN_POINT('Ctrl Pts',(-81.9670637208686,115.070111944611,89.2087626435247));
#1962=CARTESIAN_POINT('Ctrl Pts',(-82.0001464581744,115.362867405453,88.182518748032));
#1963=CARTESIAN_POINT('Ctrl Pts',(-82.0332291954802,115.15745720996,87.2681913307971));
#1964=CARTESIAN_POINT('Ctrl Pts',(-82.066311932786,114.952047014468,86.3538639135622));
#1965=CARTESIAN_POINT('Ctrl Pts',(-82.0993946700918,114.248471162642,85.5514529745851));
#1966=CARTESIAN_POINT('Ctrl Pts',(-82.1324774073975,113.368831822211,85.2283081069443));
#1967=CARTESIAN_POINT('Ctrl Pts',(-82.1655601447033,112.48919248178,84.9051632393035));
#1968=CARTESIAN_POINT('Ctrl Pts',(-82.198642882009,111.433489652744,85.061284442999));
#1969=CARTESIAN_POINT('Ctrl Pts',(-82.2317256193148,110.685031806175,85.6251982896963));
#1970=CARTESIAN_POINT('Ctrl Pts',(-82.2648083566206,109.936573959606,86.1891121363935));
#1971=CARTESIAN_POINT('Ctrl Pts',(-82.2978910939264,109.495361095504,87.1608186260924));
#1972=CARTESIAN_POINT('Ctrl Pts',(-82.3309738312322,109.563383687946,88.0954634257259));
#1973=CARTESIAN_POINT('Ctrl Pts',(-82.364056568538,109.631406280388,89.0301082253593));
#1974=CARTESIAN_POINT('Ctrl Pts',(-82.3971393058437,110.208664329374,89.9276913349273));
#1975=CARTESIAN_POINT('Ctrl Pts',(-82.4302220431495,111.030884880877,90.3772926464143));
#1976=CARTESIAN_POINT('Ctrl Pts',(-82.4468137298974,111.443245735487,90.6027771355813));
#1977=CARTESIAN_POINT('Ctrl Pts',(-82.4634054166453,111.91722036484,90.7155837686991));
#1978=CARTESIAN_POINT('Ctrl Pts',(-82.4799971033932,112.391179225281,90.7156190192927));
#1979=CARTESIAN_POINT('Origin',(-80.0509029333281,112.391155613357,87.8896607750357));
#1980=CARTESIAN_POINT('',(-83.1049971033932,112.393665256296,90.721172786762));
#1981=CARTESIAN_POINT('',(-82.9343087632629,112.390258684243,90.7245653146769));
#1982=CARTESIAN_POINT('',(-80.0509029333281,112.391155613357,90.7200982750357));
#1983=CARTESIAN_POINT('Ctrl Pts',(-82.9343087632629,112.390258684243,90.7245653146769));
#1984=CARTESIAN_POINT('Ctrl Pts',(-82.9325728684854,112.34107084256,90.7247693634434));
#1985=CARTESIAN_POINT('Ctrl Pts',(-82.9308369737079,112.291892902398,90.7236000623216));
#1986=CARTESIAN_POINT('Ctrl Pts',(-82.9291010789304,112.242788524613,90.7210269321886));
#1987=CARTESIAN_POINT('Ctrl Pts',(-82.8960183416246,111.306955747256,90.6719881371255));
#1988=CARTESIAN_POINT('Ctrl Pts',(-82.8629356043188,110.397841455036,90.1130666232186));
#1989=CARTESIAN_POINT('Ctrl Pts',(-82.8298528670131,109.93164481563,89.3001407446786));
#1990=CARTESIAN_POINT('Ctrl Pts',(-82.7967701297073,109.465448176224,88.4872148661386));
#1991=CARTESIAN_POINT('Ctrl Pts',(-82.7636873924015,109.442169189632,87.4202846229654));
#1992=CARTESIAN_POINT('Ctrl Pts',(-82.7306046550957,109.872465146049,86.5877984786447));
#1993=CARTESIAN_POINT('Ctrl Pts',(-82.69752191779,110.302761102465,85.755312334324));
#1994=CARTESIAN_POINT('Ctrl Pts',(-82.6644391804842,111.18663200189,85.1572702888558));
#1995=CARTESIAN_POINT('Ctrl Pts',(-82.6313564431784,112.119435286405,85.0674603617362));
#1996=CARTESIAN_POINT('Ctrl Pts',(-82.5982737058727,113.052238570919,84.9776504346165));
#1997=CARTESIAN_POINT('Ctrl Pts',(-82.5651909685669,114.033974240523,85.3960726258455));
#1998=CARTESIAN_POINT('Ctrl Pts',(-82.5321082312611,114.615196530137,86.131170198026));
#1999=CARTESIAN_POINT('Ctrl Pts',(-82.4990254939553,115.19641881975,86.8662677702065));
#2000=CARTESIAN_POINT('Ctrl Pts',(-82.4659427566496,115.377127729373,87.9180407233385));
#2001=CARTESIAN_POINT('Ctrl Pts',(-82.4328600193438,115.074593399501,88.8049797121314));
#2002=CARTESIAN_POINT('Ctrl Pts',(-82.399777282038,114.772059069629,89.6919187009244));
#2003=CARTESIAN_POINT('Ctrl Pts',(-82.3666945447323,113.986281500261,90.4140237253784));
#2004=CARTESIAN_POINT('Ctrl Pts',(-82.3336118074265,113.076995405635,90.6407098273813));
#2005=CARTESIAN_POINT('Ctrl Pts',(-82.3255107927053,112.854337287286,90.696218760407));
#2006=CARTESIAN_POINT('Ctrl Pts',(-82.3174097779841,112.624273353136,90.7220213935922));
#2007=CARTESIAN_POINT('Ctrl Pts',(-82.3093087632629,112.393746019353,90.719924141341));
#2008=CARTESIAN_POINT('Ctrl Pts',(-82.4799971033932,112.391179225281,90.7156190192927));
#2009=CARTESIAN_POINT('Ctrl Pts',(-82.496488153951,112.862263307849,90.7156540560753));
#2010=CARTESIAN_POINT('Ctrl Pts',(-82.5129792045089,113.333331812216,90.6042815818153));
#2011=CARTESIAN_POINT('Ctrl Pts',(-82.5294702550668,113.743869840815,90.381409761579));
#2012=CARTESIAN_POINT('Ctrl Pts',(-82.5625529923726,114.567451195228,89.9343060518508));
#2013=CARTESIAN_POINT('Ctrl Pts',(-82.5956357296783,115.147430850033,89.0384791189885));
#2014=CARTESIAN_POINT('Ctrl Pts',(-82.6287184669841,115.218289880196,88.1040450804214));
#2015=CARTESIAN_POINT('Ctrl Pts',(-82.6618012042899,115.289148910359,87.1696110418544));
#2016=CARTESIAN_POINT('Ctrl Pts',(-82.6948839415957,114.850887315881,86.1965698975825));
#2017=CARTESIAN_POINT('Ctrl Pts',(-82.7279666789015,114.104144457959,85.6303869953899));
#2018=CARTESIAN_POINT('Ctrl Pts',(-82.7610494162072,113.357401600037,85.0642040931972));
#2019=CARTESIAN_POINT('Ctrl Pts',(-82.794132153513,112.302177478672,84.9048794330838));
#2020=CARTESIAN_POINT('Ctrl Pts',(-82.8272148908188,111.421561409227,85.225353008947));
#2021=CARTESIAN_POINT('Ctrl Pts',(-82.8602976281246,110.540945339782,85.5458265848101));
#2022=CARTESIAN_POINT('Ctrl Pts',(-82.8933803654303,109.834937322258,86.3460983966499));
#2023=CARTESIAN_POINT('Ctrl Pts',(-82.9264631027361,109.626752987272,87.2597981598418));
#2024=CARTESIAN_POINT('Ctrl Pts',(-82.9595458400419,109.418568652285,88.1734979230337));
#2025=CARTESIAN_POINT('Ctrl Pts',(-82.9926285773477,109.708207999837,89.2006256375778));
#2026=CARTESIAN_POINT('Ctrl Pts',(-83.0257113146534,110.36307201965,89.8709547285065));
#2027=CARTESIAN_POINT('Ctrl Pts',(-83.0521399109,110.886219080188,90.4064562721895));
#2028=CARTESIAN_POINT('Ctrl Pts',(-83.0785685071466,111.642446365175,90.7142549535212));
#2029=CARTESIAN_POINT('Ctrl Pts',(-83.1049971033932,112.393665256296,90.721172786762));
#2030=CARTESIAN_POINT('Origin',(-80.0509029333281,112.391155613357,87.8896607750357));
#2031=CARTESIAN_POINT('',(-83.7299971033933,112.389600677128,90.7238408304834));
#2032=CARTESIAN_POINT('',(-83.5593087632629,112.389119912145,90.7172704895359));
#2033=CARTESIAN_POINT('',(-80.0509029333281,112.391155613357,90.7200982750357));
#2034=CARTESIAN_POINT('Ctrl Pts',(-83.5593087632629,112.389119912145,90.7172704895359));
#2035=CARTESIAN_POINT('Ctrl Pts',(-83.5477359589867,112.059014047927,90.7194656090252));
#2036=CARTESIAN_POINT('Ctrl Pts',(-83.5361631547106,111.729595841862,90.6660702306161));
#2037=CARTESIAN_POINT('Ctrl Pts',(-83.5245903504344,111.421544759687,90.553962165895));
#2038=CARTESIAN_POINT('Ctrl Pts',(-83.4915076131286,110.540930797405,90.2334830869691));
#2039=CARTESIAN_POINT('Ctrl Pts',(-83.4584248758228,109.834927885353,89.4332069201411));
#2040=CARTESIAN_POINT('Ctrl Pts',(-83.425342138517,109.626749316826,88.5195059437809));
#2041=CARTESIAN_POINT('Ctrl Pts',(-83.3922594012112,109.418570748299,87.6058049674207));
#2042=CARTESIAN_POINT('Ctrl Pts',(-83.3591766639055,109.708216523297,86.5786791815282));
#2043=CARTESIAN_POINT('Ctrl Pts',(-83.3260939265997,110.363084689012,85.9083542781203));
#2044=CARTESIAN_POINT('Ctrl Pts',(-83.2930111892939,111.017952854727,85.2380293747124));
#2045=CARTESIAN_POINT('Ctrl Pts',(-83.2599284519881,112.03804341116,84.9245053537891));
#2046=CARTESIAN_POINT('Ctrl Pts',(-83.2268457146824,112.95635144576,85.1113158036676));
#2047=CARTESIAN_POINT('Ctrl Pts',(-83.1937629773766,113.874659480361,85.2981262535461));
#2048=CARTESIAN_POINT('Ctrl Pts',(-83.1606802400708,114.69118499313,85.9852711742264));
#2049=CARTESIAN_POINT('Ctrl Pts',(-83.127597502765,115.032116636358,86.8581705986972));
#2050=CARTESIAN_POINT('Ctrl Pts',(-83.0945147654593,115.373048279586,87.731070023168));
#2051=CARTESIAN_POINT('Ctrl Pts',(-83.0614320281535,115.238386053273,88.7897239514292));
#2052=CARTESIAN_POINT('Ctrl Pts',(-83.0283492908477,114.689779308869,89.5494728774502));
#2053=CARTESIAN_POINT('Ctrl Pts',(-82.9970024483195,114.169958682546,90.2693567771672));
#2054=CARTESIAN_POINT('Ctrl Pts',(-82.9656556057912,113.278494277506,90.7208805956298));
#2055=CARTESIAN_POINT('Ctrl Pts',(-82.9343087632629,112.390258684243,90.7245653146769));
#2056=CARTESIAN_POINT('Ctrl Pts',(-83.1049971033932,112.393665256296,90.721172786762));
#2057=CARTESIAN_POINT('Ctrl Pts',(-83.1116512444524,112.582805701789,90.722914545491));
#2058=CARTESIAN_POINT('Ctrl Pts',(-83.1183053855116,112.771628654184,90.705582805772));
#2059=CARTESIAN_POINT('Ctrl Pts',(-83.1249595265707,112.956334036843,90.6680095909246));
#2060=CARTESIAN_POINT('Ctrl Pts',(-83.1580422638765,113.874643342148,90.4812048951007));
#2061=CARTESIAN_POINT('Ctrl Pts',(-83.1911250011823,114.691173260682,89.7940650361398));
#2062=CARTESIAN_POINT('Ctrl Pts',(-83.2242077384881,115.032110427745,88.9211676637609));
#2063=CARTESIAN_POINT('Ctrl Pts',(-83.2572904757939,115.373047594808,88.0482702913821));
#2064=CARTESIAN_POINT('Ctrl Pts',(-83.2903732130997,115.238392010399,86.9896154055854));
#2065=CARTESIAN_POINT('Ctrl Pts',(-83.3234559504054,114.689789985257,86.2298629507684));
#2066=CARTESIAN_POINT('Ctrl Pts',(-83.3565386877112,114.141187960115,85.4701104959513));
#2067=CARTESIAN_POINT('Ctrl Pts',(-83.3896214250169,113.178639494239,85.0092604721138));
#2068=CARTESIAN_POINT('Ctrl Pts',(-83.4227041623227,112.242806310545,85.05829338851));
#2069=CARTESIAN_POINT('Ctrl Pts',(-83.4557868996285,111.306973126851,85.1073263049063));
#2070=CARTESIAN_POINT('Ctrl Pts',(-83.4888696369343,110.39785522534,85.6662421615362));
#2071=CARTESIAN_POINT('Ctrl Pts',(-83.5219523742401,109.931653426047,86.4791651941319));
#2072=CARTESIAN_POINT('Ctrl Pts',(-83.5550351115459,109.465451626754,87.2920882267276));
#2073=CARTESIAN_POINT('Ctrl Pts',(-83.5881178488516,109.44216592968,88.3590184352891));
#2074=CARTESIAN_POINT('Ctrl Pts',(-83.6212005861574,109.872456697127,89.1915073721763));
#2075=CARTESIAN_POINT('Ctrl Pts',(-83.6542833234631,110.302747464574,90.0239963090635));
#2076=CARTESIAN_POINT('Ctrl Pts',(-83.687366060769,111.186614696542,90.6220439742764));
#2077=CARTESIAN_POINT('Ctrl Pts',(-83.7204487980747,112.1194175141,90.7118597755586));
#2078=CARTESIAN_POINT('Ctrl Pts',(-83.7236315665142,112.209159041247,90.7205006233532));
#2079=CARTESIAN_POINT('Ctrl Pts',(-83.7268143349537,112.299353499348,90.7244374517609));
#2080=CARTESIAN_POINT('Ctrl Pts',(-83.7299971033933,112.389600677128,90.7238408304834));
#2081=CARTESIAN_POINT('Origin',(-80.0509029333281,112.391155613357,87.8896607750357));
#2082=CARTESIAN_POINT('',(-84.3549971033932,112.389609917005,90.7164702667914));
#2083=CARTESIAN_POINT('',(-84.1843087632629,112.393161502608,90.7172078093084));
#2084=CARTESIAN_POINT('',(-80.0509029333281,112.391155613357,90.7200982750357));
#2085=CARTESIAN_POINT('Ctrl Pts',(-84.1843087632629,112.393161502608,90.7172078093084));
#2086=CARTESIAN_POINT('Ctrl Pts',(-84.162899049488,111.782430884169,90.713211993063));
#2087=CARTESIAN_POINT('Ctrl Pts',(-84.1414893357131,111.169384882565,90.5190559049081));
#2088=CARTESIAN_POINT('Ctrl Pts',(-84.1200796219383,110.685017747729,90.1541122963051));
#2089=CARTESIAN_POINT('Ctrl Pts',(-84.0869968846325,109.936563525041,89.5901938029623));
#2090=CARTESIAN_POINT('Ctrl Pts',(-84.0539141473267,109.495356816517,88.6184846410675));
#2091=CARTESIAN_POINT('Ctrl Pts',(-84.0208314100209,109.563385278165,87.6838403670386));
#2092=CARTESIAN_POINT('Ctrl Pts',(-83.9877486727151,109.631413739812,86.7491960930096));
#2093=CARTESIAN_POINT('Ctrl Pts',(-83.9546659354094,110.208677371631,85.8516167068466));
#2094=CARTESIAN_POINT('Ctrl Pts',(-83.9215831981036,111.030900663734,85.4020206119631));
#2095=CARTESIAN_POINT('Ctrl Pts',(-83.8885004607979,111.853123955836,84.9524245170795));
#2096=CARTESIAN_POINT('Ctrl Pts',(-83.8554177234921,112.920306908222,84.9508117134754));
#2097=CARTESIAN_POINT('Ctrl Pts',(-83.8223349861863,113.743885365295,85.3979205544075));
#2098=CARTESIAN_POINT('Ctrl Pts',(-83.7892522488805,114.567463822368,85.8450293953397));
#2099=CARTESIAN_POINT('Ctrl Pts',(-83.7561695115748,115.147437784128,86.740859880808));
#2100=CARTESIAN_POINT('Ctrl Pts',(-83.723086774269,115.218290931859,87.6752942669742));
#2101=CARTESIAN_POINT('Ctrl Pts',(-83.6900040369632,115.28914407959,88.6097286531405));
#2102=CARTESIAN_POINT('Ctrl Pts',(-83.6569212996574,114.850876413292,89.5827669400046));
#2103=CARTESIAN_POINT('Ctrl Pts',(-83.6238385623516,114.104130073887,90.1489450879247));
#2104=CARTESIAN_POINT('Ctrl Pts',(-83.602328629322,113.618606049613,90.5170661999116));
#2105=CARTESIAN_POINT('Ctrl Pts',(-83.5808186962925,113.002675180387,90.7131905040734));
#2106=CARTESIAN_POINT('Ctrl Pts',(-83.5593087632629,112.389119912145,90.7172704895359));
#2107=CARTESIAN_POINT('Ctrl Pts',(-83.7299971033933,112.389600677128,90.7238408304834));
#2108=CARTESIAN_POINT('Ctrl Pts',(-83.7598970722595,113.237412215151,90.7182359748478));
#2109=CARTESIAN_POINT('Ctrl Pts',(-83.7897970411257,114.089876443379,90.3125388254722));
#2110=CARTESIAN_POINT('Ctrl Pts',(-83.819697009992,114.615185707032,89.6481655193013));
#2111=CARTESIAN_POINT('Ctrl Pts',(-83.8527797472978,115.196412679255,88.9130715244104));
#2112=CARTESIAN_POINT('Ctrl Pts',(-83.8858624846036,115.377128220552,87.861299597277));
#2113=CARTESIAN_POINT('Ctrl Pts',(-83.9189452219094,115.074599435388,86.974358613482));
#2114=CARTESIAN_POINT('Ctrl Pts',(-83.9520279592152,114.772070650225,86.0874176296869));
#2115=CARTESIAN_POINT('Ctrl Pts',(-83.9851106965209,113.986297538602,85.3653075892302));
#2116=CARTESIAN_POINT('Ctrl Pts',(-84.0181934338266,113.077012773968,85.1386157465867));
#2117=CARTESIAN_POINT('Ctrl Pts',(-84.0512761711324,112.167728009334,84.9119239039431));
#2118=CARTESIAN_POINT('Ctrl Pts',(-84.0843589084382,111.13493159169,85.1806502591126));
#2119=CARTESIAN_POINT('Ctrl Pts',(-84.117441645744,110.451445270232,85.821769922436));
#2120=CARTESIAN_POINT('Ctrl Pts',(-84.1505243830498,109.767958948774,86.4628895857594));
#2121=CARTESIAN_POINT('Ctrl Pts',(-84.1836071203555,109.433782723504,87.4764025572366));
#2122=CARTESIAN_POINT('Ctrl Pts',(-84.2166898576613,109.601904911742,88.3983151910997));
#2123=CARTESIAN_POINT('Ctrl Pts',(-84.2497725949671,109.770027099981,89.3202278249628));
#2124=CARTESIAN_POINT('Ctrl Pts',(-84.2828553322729,110.440447701728,90.1505401212116));
#2125=CARTESIAN_POINT('Ctrl Pts',(-84.3159380695787,111.306243267716,90.5091290412339));
#2126=CARTESIAN_POINT('Ctrl Pts',(-84.3289577475169,111.646976240484,90.6502513494561));
#2127=CARTESIAN_POINT('Ctrl Pts',(-84.3419774254551,112.01796904588,90.7183127592827));
#2128=CARTESIAN_POINT('Ctrl Pts',(-84.3549971033932,112.389609917005,90.7164702667914));
#2129=CARTESIAN_POINT('Origin',(-80.0509029333281,112.391155613357,87.8896607750357));
#2130=CARTESIAN_POINT('',(-84.9799971033932,112.393522714037,90.7182025876306));
#2131=CARTESIAN_POINT('',(-84.8093087632629,112.39210158494,90.7245263417338));
#2132=CARTESIAN_POINT('',(-80.0509029333281,112.391155613357,90.7200982750357));
#2133=CARTESIAN_POINT('Ctrl Pts',(-84.8093087632629,112.39210158494,90.7245263417338));
#2134=CARTESIAN_POINT('Ctrl Pts',(-84.7780621399893,111.506673334912,90.7206770320564));
#2135=CARTESIAN_POINT('Ctrl Pts',(-84.7468155167158,110.617884516545,90.2724258919719));
#2136=CARTESIAN_POINT('Ctrl Pts',(-84.7155688934422,110.097559262801,89.5564129684597));
#2137=CARTESIAN_POINT('Ctrl Pts',(-84.6824861561364,109.546658657239,88.7983256945581));
#2138=CARTESIAN_POINT('Ctrl Pts',(-84.6494034188306,109.408797221764,87.7400836280894));
#2139=CARTESIAN_POINT('Ctrl Pts',(-84.6163206815249,109.747088935957,86.8661577136044));
#2140=CARTESIAN_POINT('Ctrl Pts',(-84.5832379442191,110.085380650149,85.9922317991195));
#2141=CARTESIAN_POINT('Ctrl Pts',(-84.5501552069133,110.899825514008,85.3026220366183));
#2142=CARTESIAN_POINT('Ctrl Pts',(-84.5170724696075,111.817564712874,85.1130368195824));
#2143=CARTESIAN_POINT('Ctrl Pts',(-84.4839897323018,112.735303911741,84.9234516025466));
#2144=CARTESIAN_POINT('Ctrl Pts',(-84.450906994996,113.756337445615,85.2338909309761));
#2145=CARTESIAN_POINT('Ctrl Pts',(-84.4178242576902,114.413228701517,85.9022334094842));
#2146=CARTESIAN_POINT('Ctrl Pts',(-84.3847415203845,115.070119957419,86.5705758879924));
#2147=CARTESIAN_POINT('Ctrl Pts',(-84.3516587830787,115.362868935349,87.5968215165792));
#2148=CARTESIAN_POINT('Ctrl Pts',(-84.3185760457729,115.157453012787,88.5111475465498));
#2149=CARTESIAN_POINT('Ctrl Pts',(-84.2854933084671,114.952037090225,89.4254735765205));
#2150=CARTESIAN_POINT('Ctrl Pts',(-84.2524105711614,114.248456267171,90.227880007875));
#2151=CARTESIAN_POINT('Ctrl Pts',(-84.2193278338556,113.368814987218,90.5510193111568));
#2152=CARTESIAN_POINT('Ctrl Pts',(-84.2076548103247,113.058439419903,90.665036862247));
#2153=CARTESIAN_POINT('Ctrl Pts',(-84.1959817867938,112.726144603411,90.71938641186));
#2154=CARTESIAN_POINT('Ctrl Pts',(-84.1843087632629,112.393161502608,90.7172078093084));
#2155=CARTESIAN_POINT('Ctrl Pts',(-84.3549971033932,112.389609917005,90.7164702667914));
#2156=CARTESIAN_POINT('Ctrl Pts',(-84.3750601627608,112.96230095408,90.7136310232701));
#2157=CARTESIAN_POINT('Ctrl Pts',(-84.3951232221284,113.536530899978,90.5447966851607));
#2158=CARTESIAN_POINT('Ctrl Pts',(-84.4151862814959,114.003943228763,90.2215194549558));
#2159=CARTESIAN_POINT('Ctrl Pts',(-84.4482690188017,114.774677093591,89.6884554048594));
#2160=CARTESIAN_POINT('Ctrl Pts',(-84.4813517561076,115.254974293018,88.7354617608707));
#2161=CARTESIAN_POINT('Ctrl Pts',(-84.5144344934133,115.224951268844,87.7988259756936));
#2162=CARTESIAN_POINT('Ctrl Pts',(-84.5475172307191,115.19492824467,86.8621901905165));
#2163=CARTESIAN_POINT('Ctrl Pts',(-84.5805999680248,114.654584996894,85.941912264151));
#2164=CARTESIAN_POINT('Ctrl Pts',(-84.6136827053306,113.851294592288,85.4593021637164));
#2165=CARTESIAN_POINT('Ctrl Pts',(-84.6467654426363,113.048004187682,84.9766920632818));
#2166=CARTESIAN_POINT('Ctrl Pts',(-84.6798481799421,111.981766626247,84.931749788778));
#2167=CARTESIAN_POINT('Ctrl Pts',(-84.7129309172479,111.140713301769,85.3450502290295));
#2168=CARTESIAN_POINT('Ctrl Pts',(-84.7460136545537,110.299659977292,85.7583506692811));
#2169=CARTESIAN_POINT('Ctrl Pts',(-84.7790963918595,109.683790889774,86.6298938242879));
#2170=CARTESIAN_POINT('Ctrl Pts',(-84.8121791291653,109.57505531403,87.5606808948003));
#2171=CARTESIAN_POINT('Ctrl Pts',(-84.845261866471,109.466319738285,88.4914679653128));
#2172=CARTESIAN_POINT('Ctrl Pts',(-84.8783446037768,109.864717674316,89.4814989513309));
#2173=CARTESIAN_POINT('Ctrl Pts',(-84.9114273410825,110.587859834653,90.0775303741142));
#2174=CARTESIAN_POINT('Ctrl Pts',(-84.9342839285194,111.087472725336,90.4893235157779));
#2175=CARTESIAN_POINT('Ctrl Pts',(-84.9571405159563,111.742096196112,90.7130483369528));
#2176=CARTESIAN_POINT('Ctrl Pts',(-84.9799971033932,112.393522714037,90.7182025876306));
#2177=CARTESIAN_POINT('Origin',(-80.0509029333281,112.391155613357,87.8896607750357));
#2178=CARTESIAN_POINT('',(-85.6049971033932,112.391371505688,90.7248902972179));
#2179=CARTESIAN_POINT('',(-85.4343087632629,112.388564641955,90.7200098248217));
#2180=CARTESIAN_POINT('',(-80.0509029333281,112.391155613357,90.7200982750357));
#2181=CARTESIAN_POINT('Ctrl Pts',(-85.4343087632629,112.388564641955,90.7200098248217));
#2182=CARTESIAN_POINT('Ctrl Pts',(-85.4263079677964,112.160906652419,90.7220874024613));
#2183=CARTESIAN_POINT('Ctrl Pts',(-85.4183071723299,111.933702134079,90.6969278233176));
#2184=CARTESIAN_POINT('Ctrl Pts',(-85.4103063768634,111.713633775257,90.6427706276767));
#2185=CARTESIAN_POINT('Ctrl Pts',(-85.3772236395577,110.80366629331,90.418834359826));
#2186=CARTESIAN_POINT('Ctrl Pts',(-85.3441409022519,110.015710401161,89.6991068642163));
#2187=CARTESIAN_POINT('Ctrl Pts',(-85.3110581649461,109.710496825012,88.8130861351585));
#2188=CARTESIAN_POINT('Ctrl Pts',(-85.2779754276404,109.405283248862,87.9270654061007));
#2189=CARTESIAN_POINT('Ctrl Pts',(-85.2448926903346,109.582811988712,86.8747514435948));
#2190=CARTESIAN_POINT('Ctrl Pts',(-85.2118099530288,110.161809679415,86.1379005645949));
#2191=CARTESIAN_POINT('Ctrl Pts',(-85.178727215723,110.740807370118,85.401049685595));
#2192=CARTESIAN_POINT('Ctrl Pts',(-85.1456444784172,111.721274011674,84.9796618901011));
#2193=CARTESIAN_POINT('Ctrl Pts',(-85.1125617411115,112.654344529199,85.0666519265392));
#2194=CARTESIAN_POINT('Ctrl Pts',(-85.0794790038057,113.587415046723,85.1536419629773));
#2195=CARTESIAN_POINT('Ctrl Pts',(-85.0463962665,114.473089440218,85.7490098313473));
#2196=CARTESIAN_POINT('Ctrl Pts',(-85.0133135291942,114.905899632127,86.5801916104168));
#2197=CARTESIAN_POINT('Ctrl Pts',(-84.9802307918884,115.338709824037,87.4113733894863));
#2198=CARTESIAN_POINT('Ctrl Pts',(-84.9471480545826,115.318655814362,88.4783690792552));
#2199=CARTESIAN_POINT('Ctrl Pts',(-84.9140653172768,114.85491841202,89.2927003301406));
#2200=CARTESIAN_POINT('Ctrl Pts',(-84.8809825799711,114.391181009678,90.107031581026));
#2201=CARTESIAN_POINT('Ctrl Pts',(-84.8478998426653,113.483760214669,90.6686983930279));
#2202=CARTESIAN_POINT('Ctrl Pts',(-84.8148171053595,112.54807992934,90.7205655583617));
#2203=CARTESIAN_POINT('Ctrl Pts',(-84.8129809913273,112.496149048118,90.7234442207046));
#2204=CARTESIAN_POINT('Ctrl Pts',(-84.8111448772951,112.444131118504,90.7247525348636));
#2205=CARTESIAN_POINT('Ctrl Pts',(-84.8093087632629,112.39210158494,90.7245263417338));
#2206=CARTESIAN_POINT('Ctrl Pts',(-84.9799971033932,112.393522714037,90.7182025876306));
#2207=CARTESIAN_POINT('Ctrl Pts',(-84.9902232532621,112.684974148739,90.7205086247868));
#2208=CARTESIAN_POINT('Ctrl Pts',(-85.000449403131,112.975785645647,90.679063135101));
#2209=CARTESIAN_POINT('Ctrl Pts',(-85.0106755529999,113.251788522866,90.5911344112425));
#2210=CARTESIAN_POINT('Ctrl Pts',(-85.0437582903056,114.144688666098,90.3066751660388));
#2211=CARTESIAN_POINT('Ctrl Pts',(-85.0768410276114,114.88260256792,89.5357248160829));
#2212=CARTESIAN_POINT('Ctrl Pts',(-85.1099237649172,115.127708734163,88.6312298130264));
#2213=CARTESIAN_POINT('Ctrl Pts',(-85.143006502223,115.372814900406,87.7267348099699));
#2214=CARTESIAN_POINT('Ctrl Pts',(-85.1760892395288,115.12511333107,86.6886951538128));
#2215=CARTESIAN_POINT('Ctrl Pts',(-85.2091719768346,114.498001755979,85.9923335193936));
#2216=CARTESIAN_POINT('Ctrl Pts',(-85.2422547141403,113.870890180888,85.2959718849744));
#2217=CARTESIAN_POINT('Ctrl Pts',(-85.2753374514461,112.864368600041,84.941288272293));
#2218=CARTESIAN_POINT('Ctrl Pts',(-85.3084201887518,111.939233861724,85.0906583095226));
#2219=CARTESIAN_POINT('Ctrl Pts',(-85.3415029260576,111.014099123408,85.2400283467522));
#2220=CARTESIAN_POINT('Ctrl Pts',(-85.3745856633634,110.170351227622,85.8934520338928));
#2221=CARTESIAN_POINT('Ctrl Pts',(-85.4076684006692,109.794255896274,86.7517895922496));
#2222=CARTESIAN_POINT('Ctrl Pts',(-85.440751137975,109.418160564926,87.6101271506064));
#2223=CARTESIAN_POINT('Ctrl Pts',(-85.4738338752807,109.509717798016,88.6733785801793));
#2224=CARTESIAN_POINT('Ctrl Pts',(-85.5069166125865,110.027029346512,89.4547746366756));
#2225=CARTESIAN_POINT('Ctrl Pts',(-85.5396101095221,110.538254381163,90.2269770497472));
#2226=CARTESIAN_POINT('Ctrl Pts',(-85.5723036064576,111.465274104339,90.7239175034766));
#2227=CARTESIAN_POINT('Ctrl Pts',(-85.6049971033932,112.391371505688,90.7248902972179));
#2228=CARTESIAN_POINT('Origin',(-80.0509029333281,112.391155613357,87.8896607750357));
#2229=CARTESIAN_POINT('',(-86.2299971033932,112.386824318404,90.7177748779642));
#2230=CARTESIAN_POINT('',(-86.0593087632629,112.391818392855,90.7156654694568));
#2231=CARTESIAN_POINT('',(-80.0509029333281,112.391155613357,90.7200982750357));
#2232=CARTESIAN_POINT('',(-86.3009023079251,114.242169419616,90.0309511174335));
#2233=CARTESIAN_POINT('Ctrl Pts',(-86.2299971033932,112.386824318404,90.7177748779642));
#2234=CARTESIAN_POINT('Ctrl Pts',(-86.2536321715705,113.058279448141,90.7119019062489));
#2235=CARTESIAN_POINT('Ctrl Pts',(-86.2772672397478,113.733386798135,90.4707624022921));
#2236=CARTESIAN_POINT('Ctrl Pts',(-86.3009023079251,114.242169419616,90.0309511174335));
#2237=CARTESIAN_POINT('',(-86.300902307925,114.245300979676,85.7442047581092));
#2238=CARTESIAN_POINT('Origin',(-86.3009023079251,112.391155613357,87.8896607750357));
#2239=CARTESIAN_POINT('Ctrl Pts',(-86.300902307925,114.245305343636,85.7441988700052));
#2240=CARTESIAN_POINT('Ctrl Pts',(-86.2686988960174,114.934311508581,86.3420643716725));
#2241=CARTESIAN_POINT('Ctrl Pts',(-86.2364954841097,115.311374805419,87.3037321731333));
#2242=CARTESIAN_POINT('Ctrl Pts',(-86.204292072202,115.208126211337,88.2102618443059));
#2243=CARTESIAN_POINT('Ctrl Pts',(-86.1712093348963,115.102058378369,89.1415446244434));
#2244=CARTESIAN_POINT('Ctrl Pts',(-86.1381265975905,114.489090375012,90.0146370325198));
#2245=CARTESIAN_POINT('Ctrl Pts',(-86.1050438602847,113.649360134275,90.4304009727667));
#2246=CARTESIAN_POINT('Ctrl Pts',(-86.0897988279441,113.262399570549,90.621991367979));
#2247=CARTESIAN_POINT('Ctrl Pts',(-86.0745537956035,112.827285872543,90.7164677137972));
#2248=CARTESIAN_POINT('Ctrl Pts',(-86.0593087632629,112.391818392855,90.7156654694568));
#2249=CARTESIAN_POINT('Origin',(-78.670674363234,112.391155613357,87.8896607750357));
#2250=CARTESIAN_POINT('',(-85.8061315034222,112.391398078079,91.0738551073542));
#2251=CARTESIAN_POINT('',(-85.858174363234,112.391899968868,91.0634948723032));
#2252=CARTESIAN_POINT('',(-78.670674363234,112.391155613357,91.0684732750357));
#2253=CARTESIAN_POINT('',(-86.3009023079251,109.320496375703,87.0675289386717));
#2254=CARTESIAN_POINT('Ctrl Pts',(-85.858174363234,112.391899968869,91.0634948723032));
#2255=CARTESIAN_POINT('Ctrl Pts',(-85.8734193955746,112.880965517136,91.064395858224));
#2256=CARTESIAN_POINT('Ctrl Pts',(-85.9217471652209,114.430076385839,90.7280370287663));
#2257=CARTESIAN_POINT('Ctrl Pts',(-86.0031576721731,116.124133976904,88.315074502983));
#2258=CARTESIAN_POINT('Ctrl Pts',(-86.1024058840904,114.773631613297,84.9812969954884));
#2259=CARTESIAN_POINT('Ctrl Pts',(-86.2016540960078,111.237439372316,84.3160531621222));
#2260=CARTESIAN_POINT('Ctrl Pts',(-86.2678195706193,109.593924229539,86.0462769592723));
#2261=CARTESIAN_POINT('Ctrl Pts',(-86.3009023079251,109.320496375703,87.0675289386717));
#2262=CARTESIAN_POINT('',(-86.3009023079251,109.32048603807,88.7117539994115));
#2263=CARTESIAN_POINT('Origin',(-86.3009023079251,112.391155613357,87.8896607750357));
#2264=CARTESIAN_POINT('Ctrl Pts',(-85.8061315034222,112.391398078079,91.0738551073542));
#2265=CARTESIAN_POINT('Ctrl Pts',(-85.8065207437924,112.403781039201,91.0738681146978));
#2266=CARTESIAN_POINT('Ctrl Pts',(-85.8399927214683,113.468617359801,91.068197102942));
#2267=CARTESIAN_POINT('Ctrl Pts',(-85.90654743645,115.57213523686,89.889850787071));
#2268=CARTESIAN_POINT('Ctrl Pts',(-86.0057956483675,115.796757484239,86.3011647599303));
#2269=CARTESIAN_POINT('Ctrl Pts',(-86.1050438602846,112.902423179742,84.1671398665891));
#2270=CARTESIAN_POINT('Ctrl Pts',(-86.2034127468041,109.571289390068,85.4297737605732));
#2271=CARTESIAN_POINT('Ctrl Pts',(-86.2686988960174,109.051839163195,87.7235384048014));
#2272=CARTESIAN_POINT('Ctrl Pts',(-86.3009023079251,109.314950663712,88.7136906811315));
#2273=CARTESIAN_POINT('Origin',(-78.670674363234,112.391155613357,87.8896607750357));
#2274=CARTESIAN_POINT('',(-85.1811315034222,112.393814060764,91.0663442632419));
#2275=CARTESIAN_POINT('',(-85.233174363234,112.388245740844,91.0683739382209));
#2276=CARTESIAN_POINT('',(-78.670674363234,112.391155613357,91.0684732750357));
#2277=CARTESIAN_POINT('Ctrl Pts',(-85.233174363234,112.388245740844,91.068373938221));
#2278=CARTESIAN_POINT('Ctrl Pts',(-85.2582563050733,113.189780253675,91.0610592369686));
#2279=CARTESIAN_POINT('Ctrl Pts',(-85.3164209842184,115.060134668745,90.3469448780979));
#2280=CARTESIAN_POINT('Ctrl Pts',(-85.4076684006692,116.085768095556,87.2043404367275));
#2281=CARTESIAN_POINT('Ctrl Pts',(-85.5069166125865,113.818515442491,84.4136440558569));
#2282=CARTESIAN_POINT('Ctrl Pts',(-85.6061648245038,110.24429849098,84.8057026362906));
#2283=CARTESIAN_POINT('Ctrl Pts',(-85.7054130364212,108.63588635541,88.0213453081597));
#2284=CARTESIAN_POINT('Ctrl Pts',(-85.7894162159978,110.184563636881,90.6412340573562));
#2285=CARTESIAN_POINT('Ctrl Pts',(-85.8403366582688,111.819660647643,91.0624406586633));
#2286=CARTESIAN_POINT('Ctrl Pts',(-85.858174363234,112.391899968869,91.0634948723032));
#2287=CARTESIAN_POINT('Ctrl Pts',(-85.1811315034222,112.393814060764,91.0663442632419));
#2288=CARTESIAN_POINT('Ctrl Pts',(-85.1913576532911,112.721137827415,91.0689341313232));
#2289=CARTESIAN_POINT('Ctrl Pts',(-85.2346665404657,114.104346763254,90.8718037829943));
#2290=CARTESIAN_POINT('Ctrl Pts',(-85.3110581649461,116.017991626265,88.8724849286028));
#2291=CARTESIAN_POINT('Ctrl Pts',(-85.4103063768635,115.183424343073,85.3750749686714));
#2292=CARTESIAN_POINT('Ctrl Pts',(-85.5095545887807,111.792206501962,84.180058966866));
#2293=CARTESIAN_POINT('Ctrl Pts',(-85.6088028006982,108.949413091432,86.381603481958));
#2294=CARTESIAN_POINT('Ctrl Pts',(-85.7076617722452,109.256682025523,89.9499084908644));
#2295=CARTESIAN_POINT('Ctrl Pts',(-85.7734380064866,111.35131505359,91.072762580526));
#2296=CARTESIAN_POINT('Ctrl Pts',(-85.8061315034222,112.391398078079,91.0738551073542));
#2297=CARTESIAN_POINT('Origin',(-78.670674363234,112.391155613357,87.8896607750357));
#2298=CARTESIAN_POINT('',(-84.5561315034222,112.389419670103,91.064398725445));
#2299=CARTESIAN_POINT('',(-84.608174363234,112.39221801671,91.073446355618));
#2300=CARTESIAN_POINT('',(-78.670674363234,112.391155613357,91.0684732750357));
#2301=CARTESIAN_POINT('Ctrl Pts',(-84.608174363234,112.39221801671,91.073446355618));
#2302=CARTESIAN_POINT('Ctrl Pts',(-84.6100104772662,112.450651432627,91.073700388978));
#2303=CARTESIAN_POINT('Ctrl Pts',(-84.6449293286042,113.56167866672,91.0457567035565));
#2304=CARTESIAN_POINT('Ctrl Pts',(-84.7129309172479,115.656455163719,89.7491515966455));
#2305=CARTESIAN_POINT('Ctrl Pts',(-84.8121791291652,115.724022036292,86.1541816641702));
#2306=CARTESIAN_POINT('Ctrl Pts',(-84.9114273410826,112.739967981431,84.1482414283517));
#2307=CARTESIAN_POINT('Ctrl Pts',(-85.0106755529998,109.436535615222,85.5680001670593));
#2308=CARTESIAN_POINT('Ctrl Pts',(-85.1099237649173,108.838397789521,89.1135037628161));
#2309=CARTESIAN_POINT('Ctrl Pts',(-85.1840900349952,110.822290820914,90.9256132695405));
#2310=CARTESIAN_POINT('Ctrl Pts',(-85.2251735677675,112.132567223703,91.0707072276048));
#2311=CARTESIAN_POINT('Ctrl Pts',(-85.233174363234,112.388245740844,91.068373938221));
#2312=CARTESIAN_POINT('Ctrl Pts',(-84.5561315034222,112.389419670103,91.064398725445));
#2313=CARTESIAN_POINT('Ctrl Pts',(-84.5761945627898,113.032598481609,91.0612100230637));
#2314=CARTESIAN_POINT('Ctrl Pts',(-84.6293403594631,114.74091737119,90.5589323361152));
#2315=CARTESIAN_POINT('Ctrl Pts',(-84.7155688934422,116.146870889845,87.7692746645327));
#2316=CARTESIAN_POINT('Ctrl Pts',(-84.8148171053595,114.326322083888,84.6686328282743));
#2317=CARTESIAN_POINT('Ctrl Pts',(-84.9140653172768,110.733906471537,84.5172112929417));
#2318=CARTESIAN_POINT('Ctrl Pts',(-85.0133135291942,108.658892604846,87.4536537426603));
#2319=CARTESIAN_POINT('Ctrl Pts',(-85.1023355912426,109.862887472951,90.4456176024837));
#2320=CARTESIAN_POINT('Ctrl Pts',(-85.1582749159853,111.662208873222,91.0605556187363));
#2321=CARTESIAN_POINT('Ctrl Pts',(-85.1811315034222,112.393814060764,91.0663442632419));
#2322=CARTESIAN_POINT('Origin',(-78.670674363234,112.391155613357,87.8896607750357));
#2323=CARTESIAN_POINT('',(-83.9311315034222,112.389409292966,91.0726764704919));
#2324=CARTESIAN_POINT('',(-83.983174363234,112.393408390825,91.0652270459334));
#2325=CARTESIAN_POINT('',(-78.670674363234,112.391155613357,91.0684732750357));
#2326=CARTESIAN_POINT('Ctrl Pts',(-83.983174363234,112.393408390825,91.0652270459334));
#2327=CARTESIAN_POINT('Ctrl Pts',(-83.9948473867649,112.767375610777,91.067673794545));
#2328=CARTESIAN_POINT('Ctrl Pts',(-84.0396031476015,114.198246647056,90.8336430708729));
#2329=CARTESIAN_POINT('Ctrl Pts',(-84.1174416457441,116.057413414411,88.7133360326416));
#2330=CARTESIAN_POINT('Ctrl Pts',(-84.2166898576612,115.071070373373,85.2556630415699));
#2331=CARTESIAN_POINT('Ctrl Pts',(-84.3159380695787,111.630958206545,84.209716874905));
#2332=CARTESIAN_POINT('Ctrl Pts',(-84.4151862814959,108.88689389091,86.5331811448216));
#2333=CARTESIAN_POINT('Ctrl Pts',(-84.5125983793811,109.342789699011,90.0326958597086));
#2334=CARTESIAN_POINT('Ctrl Pts',(-84.5769277399604,111.397809770974,91.0691232664422));
#2335=CARTESIAN_POINT('Ctrl Pts',(-84.608174363234,112.39221801671,91.073446355618));
#2336=CARTESIAN_POINT('Ctrl Pts',(-83.9311315034222,112.389409292966,91.0726764704919));
#2337=CARTESIAN_POINT('Ctrl Pts',(-83.9610314722884,113.341570898624,91.0663817598136));
#2338=CARTESIAN_POINT('Ctrl Pts',(-84.0240141784605,115.358255988223,90.106619033183));
#2339=CARTESIAN_POINT('Ctrl Pts',(-84.1200796219383,115.947605056253,86.6765830739754));
#2340=CARTESIAN_POINT('Ctrl Pts',(-84.2193278338555,113.300142899546,84.2436174038492));
#2341=CARTESIAN_POINT('Ctrl Pts',(-84.3185760457729,109.820398694951,85.1490223423709));
#2342=CARTESIAN_POINT('Ctrl Pts',(-84.4178242576902,108.694477106406,88.5637958916658));
#2343=CARTESIAN_POINT('Ctrl Pts',(-84.49700941024,110.496668931835,90.7958007390007));
#2344=CARTESIAN_POINT('Ctrl Pts',(-84.543111825484,111.972036616549,91.0664679950058));
#2345=CARTESIAN_POINT('Ctrl Pts',(-84.5561315034222,112.389419670103,91.064398725445));
#2346=CARTESIAN_POINT('Origin',(-78.670674363234,112.391155613357,87.8896607750357));
#2347=CARTESIAN_POINT('',(-83.3061315034222,112.393974147363,91.0696800394694));
#2348=CARTESIAN_POINT('',(-83.358174363234,112.388869354622,91.0652974409485));
#2349=CARTESIAN_POINT('',(-78.670674363234,112.391155613357,91.0684732750357));
#2350=CARTESIAN_POINT('Ctrl Pts',(-83.358174363234,112.388869354622,91.0652974409486));
#2351=CARTESIAN_POINT('Ctrl Pts',(-83.3796842962636,113.077942035481,91.0607152840246));
#2352=CARTESIAN_POINT('Ctrl Pts',(-83.4342769665989,114.833594671174,90.5016815210996));
#2353=CARTESIAN_POINT('Ctrl Pts',(-83.5219523742401,116.138043752484,87.6055543436115));
#2354=CARTESIAN_POINT('Ctrl Pts',(-83.6212005861573,114.183969360114,84.5872819262683));
#2355=CARTESIAN_POINT('Ctrl Pts',(-83.7204487980747,110.588368493997,84.5927158568075));
#2356=CARTESIAN_POINT('Ctrl Pts',(-83.819697009992,108.64342586733,87.6168807491367));
#2357=CARTESIAN_POINT('Ctrl Pts',(-83.9072721983785,109.955121563762,90.5057459935125));
#2358=CARTESIAN_POINT('Ctrl Pts',(-83.9617646494591,111.70750802241,91.0607394179153));
#2359=CARTESIAN_POINT('Ctrl Pts',(-83.983174363234,112.393408390825,91.0652270459334));
#2360=CARTESIAN_POINT('Ctrl Pts',(-83.3061315034222,112.393974147363,91.0696800394694));
#2361=CARTESIAN_POINT('Ctrl Pts',(-83.3127856444814,112.606394316467,91.0716361767872));
#2362=CARTESIAN_POINT('Ctrl Pts',(-83.3525225228463,113.872785476681,90.9553962721949));
#2363=CARTESIAN_POINT('Ctrl Pts',(-83.425342138517,115.891293086521,89.2567481236656));
#2364=CARTESIAN_POINT('Ctrl Pts',(-83.5245903504344,115.43760542702,85.68988040358));
#2365=CARTESIAN_POINT('Ctrl Pts',(-83.6238385623516,112.194543785296,84.1371637478688));
#2366=CARTESIAN_POINT('Ctrl Pts',(-83.723086774269,109.131502807393,86.0202882240355));
#2367=CARTESIAN_POINT('Ctrl Pts',(-83.8223349861863,109.053047588087,89.6150375342778));
#2368=CARTESIAN_POINT('Ctrl Pts',(-83.8916832292374,111.133857472541,91.0229678751039));
#2369=CARTESIAN_POINT('Ctrl Pts',(-83.9279487349826,112.288054341014,91.0733465249181));
#2370=CARTESIAN_POINT('Ctrl Pts',(-83.9311315034222,112.389409292966,91.0726764704919));
#2371=CARTESIAN_POINT('Origin',(-78.670674363234,112.391155613357,87.8896607750357));
#2372=CARTESIAN_POINT('',(-82.6811315034221,112.391182131477,91.0634427049749));
#2373=CARTESIAN_POINT('',(-82.733174363234,112.390148288702,91.0734901254164));
#2374=CARTESIAN_POINT('',(-78.670674363234,112.391155613357,91.0684732750357));
#2375=CARTESIAN_POINT('Ctrl Pts',(-82.733174363234,112.390148288702,91.0734901254164));
#2376=CARTESIAN_POINT('Ctrl Pts',(-82.7645212057623,113.387709410193,91.0693518849619));
#2377=CARTESIAN_POINT('Ctrl Pts',(-82.8289507855963,115.445526864931,90.0270740445794));
#2378=CARTESIAN_POINT('Ctrl Pts',(-82.9264631027361,115.891301314984,86.5225955758385));
#2379=CARTESIAN_POINT('Ctrl Pts',(-83.0257113146534,113.140226783334,84.2074359619945));
#2380=CARTESIAN_POINT('Ctrl Pts',(-83.1249595265708,109.703291738573,85.2637752135354));
#2381=CARTESIAN_POINT('Ctrl Pts',(-83.224207738488,108.727404148612,88.7244136702411));
#2382=CARTESIAN_POINT('Ctrl Pts',(-83.3019460173759,110.590569159376,90.8363689150832));
#2383=CARTESIAN_POINT('Ctrl Pts',(-83.3466015589578,112.018133506366,91.0677627394304));
#2384=CARTESIAN_POINT('Ctrl Pts',(-83.358174363234,112.388869354622,91.0652974409486));
#2385=CARTESIAN_POINT('Ctrl Pts',(-82.6811315034221,112.391182131477,91.0634427049749));
#2386=CARTESIAN_POINT('Ctrl Pts',(-82.69762255398,112.92024803391,91.0634820541434));
#2387=CARTESIAN_POINT('Ctrl Pts',(-82.7471963418436,114.510621758029,90.6874775982923));
#2388=CARTESIAN_POINT('Ctrl Pts',(-82.8298528670131,116.138042358684,88.1737907937933));
#2389=CARTESIAN_POINT('Ctrl Pts',(-82.9291010789304,114.661431656488,84.8953767474569));
#2390=CARTESIAN_POINT('Ctrl Pts',(-83.0283492908477,111.106123022437,84.3585729270652));
#2391=CARTESIAN_POINT('Ctrl Pts',(-83.1275975027651,108.727409013166,87.0548847575228));
#2392=CARTESIAN_POINT('Ctrl Pts',(-83.2201915736231,109.637847576487,90.2835092130155));
#2393=CARTESIAN_POINT('Ctrl Pts',(-83.2797029071756,111.550293973774,91.061910747698));
#2394=CARTESIAN_POINT('Ctrl Pts',(-83.3061315034222,112.393974147363,91.0696800394694));
#2395=CARTESIAN_POINT('Origin',(-78.670674363234,112.391155613357,87.8896607750357));
#2396=CARTESIAN_POINT('',(-82.0561315034222,112.388323708319,91.0695826442503));
#2397=CARTESIAN_POINT('',(-82.108174363234,112.394064850873,91.0682777086735));
#2398=CARTESIAN_POINT('',(-78.670674363234,112.391155613357,91.0684732750357));
#2399=CARTESIAN_POINT('Ctrl Pts',(-82.108174363234,112.394064850873,91.0682777086735));
#2400=CARTESIAN_POINT('Ctrl Pts',(-82.1162753779552,112.652965875969,91.0706330942531));
#2401=CARTESIAN_POINT('Ctrl Pts',(-82.1574591299821,113.96651516468,90.9233130434487));
#2402=CARTESIAN_POINT('Ctrl Pts',(-82.2317256193149,115.947597056708,89.1027607092304));
#2403=CARTESIAN_POINT('Ctrl Pts',(-82.3309738312321,115.338744459782,85.5590799066217));
#2404=CARTESIAN_POINT('Ctrl Pts',(-82.4302220431495,112.031036427119,84.149313015366));
#2405=CARTESIAN_POINT('Ctrl Pts',(-82.5294702550668,109.0530587857,86.1642632091012));
#2406=CARTESIAN_POINT('Ctrl Pts',(-82.6287184669842,109.131491395746,89.7590126359586));
#2407=CARTESIAN_POINT('Ctrl Pts',(-82.6966198363732,111.227084325391,91.0473786673736));
#2408=CARTESIAN_POINT('Ctrl Pts',(-82.7314384684565,112.334906324875,91.0737192888476));
#2409=CARTESIAN_POINT('Ctrl Pts',(-82.733174363234,112.390148288702,91.0734901254164));
#2410=CARTESIAN_POINT('Ctrl Pts',(-82.0561315034222,112.388323708319,91.0695826442503));
#2411=CARTESIAN_POINT('Ctrl Pts',(-82.0824594634787,113.228857480963,91.0618315497101));
#2412=CARTESIAN_POINT('Ctrl Pts',(-82.141870160841,115.138185530387,90.2883487601282));
#2413=CARTESIAN_POINT('Ctrl Pts',(-82.2343635955092,116.057418977052,87.0660084817927));
#2414=CARTESIAN_POINT('Ctrl Pts',(-82.3336118074265,113.686899529988,84.3624894078436));
#2415=CARTESIAN_POINT('Ctrl Pts',(-82.4328600193438,110.129978012493,84.8884999985974));
#2416=CARTESIAN_POINT('Ctrl Pts',(-82.5321082312612,108.643423759765,88.1624172666375));
#2417=CARTESIAN_POINT('Ctrl Pts',(-82.6148653926205,110.265179668752,90.6840983662874));
#2418=CARTESIAN_POINT('Ctrl Pts',(-82.6645398166742,111.858887618683,91.0634031156791));
#2419=CARTESIAN_POINT('Ctrl Pts',(-82.6811315034221,112.391182131477,91.0634427049749));
#2420=CARTESIAN_POINT('Origin',(-78.670674363234,112.391155613357,87.8896607750357));
#2421=CARTESIAN_POINT('',(-81.4311315034222,112.39285500888,91.0727446005554));
#2422=CARTESIAN_POINT('',(-81.483174363234,112.390427170487,91.0635957917472));
#2423=CARTESIAN_POINT('',(-78.670674363234,112.391155613357,91.0684732750357));
#2424=CARTESIAN_POINT('Ctrl Pts',(-81.483174363234,112.390427170487,91.0635957917472));
#2425=CARTESIAN_POINT('Ctrl Pts',(-81.5011122874539,112.965842222238,91.0624168910948));
#2426=CARTESIAN_POINT('Ctrl Pts',(-81.5521329489795,114.604111810939,90.6375589007586));
#2427=CARTESIAN_POINT('Ctrl Pts',(-81.636236347811,116.146869739411,88.0100704859935));
#2428=CARTESIAN_POINT('Ctrl Pts',(-81.7354845597283,114.528651140937,84.799191542675));
#2429=CARTESIAN_POINT('Ctrl Pts',(-81.8347327716455,110.953310369488,84.4179913984799));
#2430=CARTESIAN_POINT('Ctrl Pts',(-81.9339809835629,108.694481732187,87.2155024871488));
#2431=CARTESIAN_POINT('Ctrl Pts',(-82.0251281807591,109.728481513534,90.3515554666242));
#2432=CARTESIAN_POINT('Ctrl Pts',(-82.0831926406494,111.595671833648,91.0610142248809));
#2433=CARTESIAN_POINT('Ctrl Pts',(-82.108174363234,112.394064850873,91.0682777086735));
#2434=CARTESIAN_POINT('Ctrl Pts',(-81.4311315034222,112.39285500888,91.0727446005554));
#2435=CARTESIAN_POINT('Ctrl Pts',(-81.4342136356717,112.490999681641,91.0733793808223));
#2436=CARTESIAN_POINT('Ctrl Pts',(-81.4703785052269,113.641963918206,91.0247356191184));
#2437=CARTESIAN_POINT('Ctrl Pts',(-81.5396261120879,115.724011474139,89.6251610222939));
#2438=CARTESIAN_POINT('Ctrl Pts',(-81.6388743240053,115.656467196715,86.0301902883297));
#2439=CARTESIAN_POINT('Ctrl Pts',(-81.7381225359224,112.59915576428,84.1377777491805));
#2440=CARTESIAN_POINT('Ctrl Pts',(-81.8373707478399,109.351396418297,85.6806442314816));
#2441=CARTESIAN_POINT('Ctrl Pts',(-81.9366189597572,108.886884995376,89.2461185152057));
#2442=CARTESIAN_POINT('Ctrl Pts',(-82.009539211618,110.90301015147,90.9532412158211));
#2443=CARTESIAN_POINT('Ctrl Pts',(-82.049376726173,112.172673943109,91.0715712873865));
#2444=CARTESIAN_POINT('Ctrl Pts',(-82.0561315034222,112.388323708319,91.0695826442503));
#2445=CARTESIAN_POINT('Origin',(-78.670674363234,112.391155613357,87.8896607750357));
#2446=CARTESIAN_POINT('',(-80.8061315034222,112.392929953457,91.0644476635598));
#2447=CARTESIAN_POINT('',(-80.858174363234,112.38861462979,91.0709501499648));
#2448=CARTESIAN_POINT('',(-78.670674363234,112.391155613357,91.0684732750357));
#2449=CARTESIAN_POINT('Ctrl Pts',(-80.858174363234,112.38861462979,91.0709501499648));
#2450=CARTESIAN_POINT('Ctrl Pts',(-80.8859491969526,113.274355619938,91.0632295371913));
#2451=CARTESIAN_POINT('Ctrl Pts',(-80.9468067679769,115.228042991016,90.2172188404098));
#2452=CARTESIAN_POINT('Ctrl Pts',(-81.040747076307,116.017997424211,86.9068595272689));
#2453=CARTESIAN_POINT('Ctrl Pts',(-81.1399952882243,113.531801266284,84.3093235274472));
#2454=CARTESIAN_POINT('Ctrl Pts',(-81.2392435001416,110.001211354517,84.9899960986462));
#2455=CARTESIAN_POINT('Ctrl Pts',(-81.338491712059,108.658890254794,88.3256442961108));
#2456=CARTESIAN_POINT('Ctrl Pts',(-81.4198019997564,110.358854942918,90.7313704199952));
#2457=CARTESIAN_POINT('Ctrl Pts',(-81.4680295501481,111.904609898723,91.0645911259792));
#2458=CARTESIAN_POINT('Ctrl Pts',(-81.483174363234,112.390427170487,91.0635957917472));
#2459=CARTESIAN_POINT('Ctrl Pts',(-80.8061315034222,112.392929953457,91.0644476635599));
#2460=CARTESIAN_POINT('Ctrl Pts',(-80.8190505451704,112.807072049842,91.0665568300024));
#2461=CARTESIAN_POINT('Ctrl Pts',(-80.8650523242243,114.279122184057,90.7987197293239));
#2462=CARTESIAN_POINT('Ctrl Pts',(-80.9441368405839,116.085764182205,88.5750044183504));
#2463=CARTESIAN_POINT('Ctrl Pts',(-81.0433850525013,114.970222082483,85.1568413955218));
#2464=CARTESIAN_POINT('Ctrl Pts',(-81.1426332644186,111.493237117555,84.2408734680783));
#2465=CARTESIAN_POINT('Ctrl Pts',(-81.2418814763359,108.838405110909,86.6657953213532));
#2466=CARTESIAN_POINT('Ctrl Pts',(-81.3380475560037,109.417946355946,90.1011980568077));
#2467=CARTESIAN_POINT('Ctrl Pts',(-81.4011308983659,111.437542476015,91.0665658286713));
#2468=CARTESIAN_POINT('Ctrl Pts',(-81.4311315034222,112.39285500888,91.0727446005554));
#2469=CARTESIAN_POINT('Origin',(-78.670674363234,112.391155613357,87.8896607750357));
#2470=CARTESIAN_POINT('',(-80.1811315034222,112.388252694969,91.0652270658461));
#2471=CARTESIAN_POINT('',(-80.233174363234,112.393412464554,91.0716275979667));
#2472=CARTESIAN_POINT('',(-78.670674363234,112.391155613357,91.0684732750357));
#2473=CARTESIAN_POINT('',(-80.050902933328,109.320491206826,88.7117733054208));
#2474=CARTESIAN_POINT('Ctrl Pts',(-80.050902933328,109.320491206825,88.7117733054208));
#2475=CARTESIAN_POINT('Ctrl Pts',(-80.0839856706338,109.593912639803,89.7330270039058));
#2476=CARTESIAN_POINT('Ctrl Pts',(-80.1273951939985,110.67217691699,90.8681903578125));
#2477=CARTESIAN_POINT('Ctrl Pts',(-80.1708047173632,112.057752045009,91.0677118616042));
#2478=CARTESIAN_POINT('Ctrl Pts',(-80.1811315034222,112.388252694969,91.0652270658461));
#2479=CARTESIAN_POINT('',(-80.0509029324502,109.3149640644,87.0656141266109));
#2480=CARTESIAN_POINT('Origin',(-80.0509023079251,112.391155613357,87.8896607750357));
#2481=CARTESIAN_POINT('Ctrl Pts',(-80.050902933328,109.31495629528,87.0656114079556));
#2482=CARTESIAN_POINT('Ctrl Pts',(-80.0831063452357,109.051838339981,88.0557622431536));
#2483=CARTESIAN_POINT('Ctrl Pts',(-80.1438634885377,109.535240483053,90.1904071863015));
#2484=CARTESIAN_POINT('Ctrl Pts',(-80.2046206318397,111.483501599659,91.0642636289139));
#2485=CARTESIAN_POINT('Ctrl Pts',(-80.233174363234,112.393412464554,91.0716275979667));
#2486=CARTESIAN_POINT('Origin',(-78.670674363234,112.391155613357,87.8896607750357));
#2487=CARTESIAN_POINT('Ctrl Pts',(-80.233174363234,112.393412464554,91.0716275979667));
#2488=CARTESIAN_POINT('Ctrl Pts',(-80.2377033691455,112.537736568087,91.0727956225205));
#2489=CARTESIAN_POINT('Ctrl Pts',(-80.2753151123627,113.735103969012,90.9982304523561));
#2490=CARTESIAN_POINT('Ctrl Pts',(-80.3460095928857,115.79674725803,89.4781779923625));
#2491=CARTESIAN_POINT('Ctrl Pts',(-80.4452578048031,115.572147415675,85.8894909898589));
#2492=CARTESIAN_POINT('Ctrl Pts',(-80.5445060167204,112.435335479305,84.1322891611442));
#2493=CARTESIAN_POINT('Ctrl Pts',(-80.6437542286377,109.257905196531,85.815343986477));
#2494=CARTESIAN_POINT('Ctrl Pts',(-80.743002440555,108.949403979958,89.3976962698803));
#2495=CARTESIAN_POINT('Ctrl Pts',(-80.8144758187538,110.996625113989,90.9831463430165));
#2496=CARTESIAN_POINT('Ctrl Pts',(-80.8528664596468,112.219345289545,91.0724255959981));
#2497=CARTESIAN_POINT('Ctrl Pts',(-80.858174363234,112.38861462979,91.0709501499648));
#2498=CARTESIAN_POINT('Ctrl Pts',(-80.1811315034222,112.388252694969,91.0652270658461));
#2499=CARTESIAN_POINT('Ctrl Pts',(-80.203887454669,113.116538982165,91.059751607092));
#2500=CARTESIAN_POINT('Ctrl Pts',(-80.2597261432216,114.914135257745,90.4511608370103));
#2501=CARTESIAN_POINT('Ctrl Pts',(-80.34864756908,116.12413752751,87.4642704790184));
#2502=CARTESIAN_POINT('Ctrl Pts',(-80.4478957809973,114.05891569534,84.5225948791547));
#2503=CARTESIAN_POINT('Ctrl Pts',(-80.5471439929147,110.465640293733,84.6626134486314));
#2504=CARTESIAN_POINT('Ctrl Pts',(-80.646392204832,108.635886727489,87.7579525968072));
#2505=CARTESIAN_POINT('Ctrl Pts',(-80.7327213750011,110.034916086762,90.5550273559215));
#2506=CARTESIAN_POINT('Ctrl Pts',(-80.7859678078646,111.746548022669,91.061155732869));
#2507=CARTESIAN_POINT('Ctrl Pts',(-80.8061315034222,112.392929953457,91.0644476635599));
#2508=CARTESIAN_POINT('Ctrl Pts',(-80.050902933328,114.242182882379,85.7483820704428));
#2509=CARTESIAN_POINT('Ctrl Pts',(-80.0839856706338,113.530027952032,85.1327601091291));
#2510=CARTESIAN_POINT('Ctrl Pts',(-80.1501511452454,111.453972828104,84.6800044114239));
#2511=CARTESIAN_POINT('Ctrl Pts',(-80.2493993571627,109.181526961197,86.9385121085429));
#2512=CARTESIAN_POINT('Ctrl Pts',(-80.34864756908,109.853799539072,90.0698956231945));
#2513=CARTESIAN_POINT('Ctrl Pts',(-80.4478957809974,112.846370859574,91.204222748552));
#2514=CARTESIAN_POINT('Ctrl Pts',(-80.5471439929146,115.423518893912,89.3040879239529));
#2515=CARTESIAN_POINT('Ctrl Pts',(-80.646392204832,115.223533579806,86.1086952206561));
#2516=CARTESIAN_POINT('Ctrl Pts',(-80.7456404167493,112.430493683571,84.5440700812171));
#2517=CARTESIAN_POINT('Ctrl Pts',(-80.8448886286667,109.601286919725,86.0426741958599));
#2518=CARTESIAN_POINT('Ctrl Pts',(-80.9441368405839,109.326595218914,89.2324264197346));
#2519=CARTESIAN_POINT('Ctrl Pts',(-81.0433850525013,111.857826303628,91.1927131917258));
#2520=CARTESIAN_POINT('Ctrl Pts',(-81.1426332644186,114.877397426314,90.1286814493604));
#2521=CARTESIAN_POINT('Ctrl Pts',(-81.2418814763359,115.620521632274,87.0145674794337));
#2522=CARTESIAN_POINT('Ctrl Pts',(-81.3411296882532,113.406794701934,84.7017027535352));
#2523=CARTESIAN_POINT('Ctrl Pts',(-81.4403779001706,110.263132065844,85.3077785037542));
#2524=CARTESIAN_POINT('Ctrl Pts',(-81.5396261120878,109.067919709752,88.2778636361459));
#2525=CARTESIAN_POINT('Ctrl Pts',(-81.6388743240053,110.915510339701,90.8925044435479));
#2526=CARTESIAN_POINT('Ctrl Pts',(-81.7381225359225,114.114223536653,90.7576977452309));
#2527=CARTESIAN_POINT('Ctrl Pts',(-81.8373707478399,115.73527046809,87.9968744472039));
#2528=CARTESIAN_POINT('Ctrl Pts',(-81.9366189597572,114.2943969959,85.1378847555724));
#2529=CARTESIAN_POINT('Ctrl Pts',(-82.0358671716745,111.11088787267,84.7984614070311));
#2530=CARTESIAN_POINT('Ctrl Pts',(-82.1351153835918,109.099610617062,87.2893853895038));
#2531=CARTESIAN_POINT('Ctrl Pts',(-82.2343635955092,110.10212007124,90.329930288488));
#2532=CARTESIAN_POINT('Ctrl Pts',(-82.3336118074265,113.200503930894,91.1361287498324));
#2533=CARTESIAN_POINT('Ctrl Pts',(-82.4328600193438,115.557836638996,88.9698136764705));
#2534=CARTESIAN_POINT('Ctrl Pts',(-82.532108231261,115.015709910128,85.8144948170745));
#2535=CARTESIAN_POINT('Ctrl Pts',(-82.6313564431785,112.070502901315,84.5592282433876));
#2536=CARTESIAN_POINT('Ctrl Pts',(-82.7306046550957,109.418890203041,86.3533543797922));
#2537=CARTESIAN_POINT('Ctrl Pts',(-82.8298528670131,109.488727162816,89.5541451093118));
#2538=CARTESIAN_POINT('Ctrl Pts',(-82.9291010789303,112.216070039475,91.2309096510323));
#2539=CARTESIAN_POINT('Ctrl Pts',(-83.0283492908478,115.10372382696,89.8483778796904));
#2540=CARTESIAN_POINT('Ctrl Pts',(-83.127597502765,115.507710505899,86.6724160949067));
#2541=CARTESIAN_POINT('Ctrl Pts',(-83.2268457146824,113.058133967592,84.6109813328658));
#2542=CARTESIAN_POINT('Ctrl Pts',(-83.3260939265997,109.997862298295,85.5515533956357));
#2543=CARTESIAN_POINT('Ctrl Pts',(-83.4253421385169,109.128924973301,88.6329307533131));
#2544=CARTESIAN_POINT('Ctrl Pts',(-83.5245903504344,111.246933709456,91.0337592537971));
#2545=CARTESIAN_POINT('Ctrl Pts',(-83.6238385623516,114.412608746994,90.5558052268687));
#2546=CARTESIAN_POINT('Ctrl Pts',(-83.7230867742691,115.727411745888,87.6366903662764));
#2547=CARTESIAN_POINT('Ctrl Pts',(-83.8223349861862,113.987489860607,84.9491989098713));
#2548=CARTESIAN_POINT('Ctrl Pts',(-83.9215831981037,110.78594100345,84.9540373206836));
#2549=CARTESIAN_POINT('Ctrl Pts',(-84.0208314100209,109.054150107993,87.6467754791727));
#2550=CARTESIAN_POINT('Ctrl Pts',(-84.1200796219383,110.377770233566,90.5619029648571));
#2551=CARTESIAN_POINT('Ctrl Pts',(-84.2193278338556,113.544875444116,91.0302864392295));
#2552=CARTESIAN_POINT('Ctrl Pts',(-84.3185760457729,115.655617913279,88.623067145166));
#2553=CARTESIAN_POINT('Ctrl Pts',(-84.4178242576902,114.777370979489,85.5443302594056));
#2554=CARTESIAN_POINT('Ctrl Pts',(-84.5170724696076,111.714270377867,84.6130122741171));
#2555=CARTESIAN_POINT('Ctrl Pts',(-84.6163206815248,109.27093578629,86.6818415616206));
#2556=CARTESIAN_POINT('Ctrl Pts',(-84.7155688934422,109.684520092714,89.8565677610269));
#2557=CARTESIAN_POINT('Ctrl Pts',(-84.8148171053595,112.57633941966,91.2303652050298));
#2558=CARTESIAN_POINT('Ctrl Pts',(-84.9140653172768,115.298601804687,89.5453647690241));
#2559=CARTESIAN_POINT('Ctrl Pts',(-85.0133135291942,115.358763833712,86.3443776997174));
#2560=CARTESIAN_POINT('Ctrl Pts',(-85.1125617411115,112.701740653229,84.5582740946072));
#2561=CARTESIAN_POINT('Ctrl Pts',(-85.2118099530288,109.760340728562,85.8224374810889));
#2562=CARTESIAN_POINT('Ctrl Pts',(-85.3110581649461,109.227754509012,88.9793793686067));
#2563=CARTESIAN_POINT('Ctrl Pts',(-85.4103063768634,111.591622185459,91.1385618554356));
#2564=CARTESIAN_POINT('Ctrl Pts',(-85.5095545887808,114.687559400695,90.3229969757115));
#2565=CARTESIAN_POINT('Ctrl Pts',(-85.6088028006981,115.68086512519,87.2794466195735));
#2566=CARTESIAN_POINT('Ctrl Pts',(-85.7080510126154,113.662087065393,84.7945905019099));
#2567=CARTESIAN_POINT('Ctrl Pts',(-85.8072992245327,110.479578599514,85.143682280131));
#2568=CARTESIAN_POINT('Ctrl Pts',(-85.9065474364501,109.047436872384,88.0069136299065));
#2569=CARTESIAN_POINT('Ctrl Pts',(-86.0057956483673,110.676644937298,90.7630358578485));
#2570=CARTESIAN_POINT('Ctrl Pts',(-86.1050438602848,113.876122371656,90.8877294405962));
#2571=CARTESIAN_POINT('Ctrl Pts',(-86.204292072202,115.715026381725,88.2684522163669));
#2572=CARTESIAN_POINT('Ctrl Pts',(-86.3035402841193,114.512529369463,85.3000327597714));
#2573=CARTESIAN_POINT('Ctrl Pts',(-86.4027884960368,111.363878379169,84.7076948686239));
#2574=CARTESIAN_POINT('Ctrl Pts',(-86.4689539706482,109.900480682094,86.2482985748336));
#2575=CARTESIAN_POINT('Ctrl Pts',(-86.502036707954,109.657018555579,87.1576286782736));
#2576=CARTESIAN_POINT('Ctrl Pts',(-79.9838581333184,114.318125397137,85.6605313443375));
#2577=CARTESIAN_POINT('Ctrl Pts',(-80.0169408706242,113.576752725262,85.0196521214669));
#2578=CARTESIAN_POINT('Ctrl Pts',(-80.0831063452357,111.415522817836,84.5483211132679));
#2579=CARTESIAN_POINT('Ctrl Pts',(-80.182354557153,109.049844799965,86.8994891169041));
#2580=CARTESIAN_POINT('Ctrl Pts',(-80.2816027690704,109.749698857066,90.15934461182));
#2581=CARTESIAN_POINT('Ctrl Pts',(-80.3808509809877,112.865047078522,91.3402100329115));
#2582=CARTESIAN_POINT('Ctrl Pts',(-80.4800991929051,115.547928348618,89.3621179467561));
#2583=CARTESIAN_POINT('Ctrl Pts',(-80.5793474048223,115.339738191762,86.0356271437237));
#2584=CARTESIAN_POINT('Ctrl Pts',(-80.6785956167397,112.432107615482,84.4068097745261));
#2585=CARTESIAN_POINT('Ctrl Pts',(-80.777843828657,109.486826345327,85.966897459399));
#2586=CARTESIAN_POINT('Ctrl Pts',(-80.8770920405742,109.200864805929,89.2875163697831));
#2587=CARTESIAN_POINT('Ctrl Pts',(-80.9763402524917,111.835945281315,91.3282282708923));
#2588=CARTESIAN_POINT('Ctrl Pts',(-81.0755884644089,114.979401031951,90.2205422573825));
#2589=CARTESIAN_POINT('Ctrl Pts',(-81.1748366763263,115.75301356292,86.978664828712));
#2590=CARTESIAN_POINT('Ctrl Pts',(-81.2740848882436,113.448463556718,84.5709096781726));
#2591=CARTESIAN_POINT('Ctrl Pts',(-81.3733331001609,110.175825162068,85.2018510353848));
#2592=CARTESIAN_POINT('Ctrl Pts',(-81.4725813120783,108.9315765581,88.2937905228008));
#2593=CARTESIAN_POINT('Ctrl Pts',(-81.5718295239956,110.854968707037,91.0157027904487));
#2594=CARTESIAN_POINT('Ctrl Pts',(-81.6710777359128,114.18491623437,90.8753653472055));
#2595=CARTESIAN_POINT('Ctrl Pts',(-81.7703259478303,115.872470225197,88.0012731268004));
#2596=CARTESIAN_POINT('Ctrl Pts',(-81.8695741597475,114.372481710913,85.0249870179399));
#2597=CARTESIAN_POINT('Ctrl Pts',(-81.9688223716648,111.058362038276,84.6716380708473));
#2598=CARTESIAN_POINT('Ctrl Pts',(-82.0680705835822,108.964567655437,87.2647577553855));
#2599=CARTESIAN_POINT('Ctrl Pts',(-82.1673187954995,110.008207291915,90.4300477781869));
#2600=CARTESIAN_POINT('Ctrl Pts',(-82.2665670074167,113.233709247519,91.269322326293));
#2601=CARTESIAN_POINT('Ctrl Pts',(-82.3658152193342,115.687756778233,89.0141293540571));
#2602=CARTESIAN_POINT('Ctrl Pts',(-82.4650634312514,115.123388093346,85.7293565135903));
#2603=CARTESIAN_POINT('Ctrl Pts',(-82.5643116431688,112.057347409917,84.422589834047));
#2604=CARTESIAN_POINT('Ctrl Pts',(-82.6635598550861,109.29694639726,86.2903239895619));
#2605=CARTESIAN_POINT('Ctrl Pts',(-82.7628080670034,109.369648573793,89.6224342848607));
#2606=CARTESIAN_POINT('Ctrl Pts',(-82.8620562789207,112.208886764004,91.3679918249807));
#2607=CARTESIAN_POINT('Ctrl Pts',(-82.9613044908381,115.215012977066,89.9287386097112));
#2608=CARTESIAN_POINT('Ctrl Pts',(-83.0605527027554,115.635574108927,86.622475921884));
#2609=CARTESIAN_POINT('Ctrl Pts',(-83.1598009146728,113.085498239506,84.476466209242));
#2610=CARTESIAN_POINT('Ctrl Pts',(-83.25904912659,109.899672111721,85.4556273349356));
#2611=CARTESIAN_POINT('Ctrl Pts',(-83.3582973385074,108.995084698405,88.6634250589558));
#2612=CARTESIAN_POINT('Ctrl Pts',(-83.4575455504248,111.199989458403,91.162752893772));
#2613=CARTESIAN_POINT('Ctrl Pts',(-83.5567937623419,114.495543362276,90.6651897387927));
#2614=CARTESIAN_POINT('Ctrl Pts',(-83.6560419742594,115.86428908142,87.6263116920548));
#2615=CARTESIAN_POINT('Ctrl Pts',(-83.7552901861766,114.05298302711,84.828559915337));
#2616=CARTESIAN_POINT('Ctrl Pts',(-83.8545383980941,110.720083500299,84.8335968327249));
#2617=CARTESIAN_POINT('Ctrl Pts',(-83.9537866100112,108.917242027772,87.6368105691608));
#2618=CARTESIAN_POINT('Ctrl Pts',(-84.0530348219286,110.295166615846,90.6715376500578));
#2619=CARTESIAN_POINT('Ctrl Pts',(-84.1522830338459,113.592209368765,91.1591375992549));
#2620=CARTESIAN_POINT('Ctrl Pts',(-84.2515312457633,115.78954974699,88.6531567743244));
#2621=CARTESIAN_POINT('Ctrl Pts',(-84.3507794576806,114.87527077745,85.4481078534604));
#2622=CARTESIAN_POINT('Ctrl Pts',(-84.450027669598,111.686499654093,84.4785804743797));
#2623=CARTESIAN_POINT('Ctrl Pts',(-84.5492758815151,109.142921821163,86.6322880893543));
#2624=CARTESIAN_POINT('Ctrl Pts',(-84.6485240934327,109.573474344544,89.9372644991631));
#2625=CARTESIAN_POINT('Ctrl Pts',(-84.7477723053498,112.583936997599,91.3674250418688));
#2626=CARTESIAN_POINT('Ctrl Pts',(-84.8470205172673,115.417886257698,89.6132937115646));
#2627=CARTESIAN_POINT('Ctrl Pts',(-84.9462687291845,115.480516567905,86.2809790212017));
#2628=CARTESIAN_POINT('Ctrl Pts',(-85.0455169411019,112.714483095963,84.4215965391887));
#2629=CARTESIAN_POINT('Ctrl Pts',(-85.1447651530191,109.652405690782,85.737625043079));
#2630=CARTESIAN_POINT('Ctrl Pts',(-85.2440133649366,109.097968935848,89.0240875000099));
#2631=CARTESIAN_POINT('Ctrl Pts',(-85.3432615768538,111.558819546533,91.2718552554705));
#2632=CARTESIAN_POINT('Ctrl Pts',(-85.4425097887712,114.781774478684,90.4228300108177));
#2633=CARTESIAN_POINT('Ctrl Pts',(-85.5417580006884,115.815832781979,87.2544112252915));
#2634=CARTESIAN_POINT('Ctrl Pts',(-85.6410062126058,113.714229857759,84.6676083532255));
#2635=CARTESIAN_POINT('Ctrl Pts',(-85.740254424523,110.401151896669,85.0310223988509));
#2636=CARTESIAN_POINT('Ctrl Pts',(-85.8395026364405,108.910253366726,88.0117241893242));
#2637=CARTESIAN_POINT('Ctrl Pts',(-85.9387508483577,110.606303319701,90.8809224677779));
#2638=CARTESIAN_POINT('Ctrl Pts',(-86.0379990602751,113.93704643898,91.01073188237));
#2639=CARTESIAN_POINT('Ctrl Pts',(-86.1372472721924,115.851395580118,88.2839929785723));
#2640=CARTESIAN_POINT('Ctrl Pts',(-86.2364954841097,114.599563450741,85.1937875050104));
#2641=CARTESIAN_POINT('Ctrl Pts',(-86.3357436960271,111.321732043551,84.5771476331233));
#2642=CARTESIAN_POINT('Ctrl Pts',(-86.4019091706386,109.798295197909,86.1809580363132));
#2643=CARTESIAN_POINT('Ctrl Pts',(-86.4349919079444,109.54484449562,87.1275954317396));
#2644=CARTESIAN_POINT('Ctrl Pts',(-79.9168133333088,114.394067911895,85.5726806182321));
#2645=CARTESIAN_POINT('Ctrl Pts',(-79.9498960706145,113.623477498492,84.9065441338048));
#2646=CARTESIAN_POINT('Ctrl Pts',(-80.0160615452261,111.377072807568,84.4166378151118));
#2647=CARTESIAN_POINT('Ctrl Pts',(-80.1153097571434,108.918162638733,86.8604661252654));
#2648=CARTESIAN_POINT('Ctrl Pts',(-80.2145579690608,109.645598175059,90.2487936004454));
#2649=CARTESIAN_POINT('Ctrl Pts',(-80.313806180978,112.883723297469,91.4761973172712));
#2650=CARTESIAN_POINT('Ctrl Pts',(-80.4130543928954,115.672337803324,89.4201479695593));
#2651=CARTESIAN_POINT('Ctrl Pts',(-80.5123026048126,115.455942803719,85.9625590667913));
#2652=CARTESIAN_POINT('Ctrl Pts',(-80.6115508167301,112.433721547394,84.2695494678352));
#2653=CARTESIAN_POINT('Ctrl Pts',(-80.7107990286474,109.372365770929,85.891120722938));
#2654=CARTESIAN_POINT('Ctrl Pts',(-80.8100472405646,109.075134392943,89.3426063198317));
#2655=CARTESIAN_POINT('Ctrl Pts',(-80.909295452482,111.814064259002,91.4637433500587));
#2656=CARTESIAN_POINT('Ctrl Pts',(-81.0085436643993,115.081404637588,90.3124030654046));
#2657=CARTESIAN_POINT('Ctrl Pts',(-81.1077918763167,115.885505493565,86.9427621779904));
#2658=CARTESIAN_POINT('Ctrl Pts',(-81.207040088234,113.490132411501,84.44011660281));
#2659=CARTESIAN_POINT('Ctrl Pts',(-81.3062883001513,110.088518258293,85.0959235670155));
#2660=CARTESIAN_POINT('Ctrl Pts',(-81.4055365120686,108.795233406447,88.3097174094558));
#2661=CARTESIAN_POINT('Ctrl Pts',(-81.5047847239859,110.794427074373,91.1389011373495));
#2662=CARTESIAN_POINT('Ctrl Pts',(-81.6040329359033,114.255608932086,90.99303294918));
#2663=CARTESIAN_POINT('Ctrl Pts',(-81.7032811478205,116.009669982304,88.005671806397));
#2664=CARTESIAN_POINT('Ctrl Pts',(-81.8025293597379,114.450566425925,84.9120892803074));
#2665=CARTESIAN_POINT('Ctrl Pts',(-81.9017775716552,111.005836203882,84.5448147346636));
#2666=CARTESIAN_POINT('Ctrl Pts',(-82.0010257835725,108.829524693812,87.2401301212671));
#2667=CARTESIAN_POINT('Ctrl Pts',(-82.1002739954898,109.914294512591,90.5301652678857));
#2668=CARTESIAN_POINT('Ctrl Pts',(-82.1995222074072,113.266914564143,91.4025159027536));
#2669=CARTESIAN_POINT('Ctrl Pts',(-82.2987704193246,115.81767691747,89.0584450316438));
#2670=CARTESIAN_POINT('Ctrl Pts',(-82.3980186312417,115.231066276564,85.6442182101059));
#2671=CARTESIAN_POINT('Ctrl Pts',(-82.4972668431592,112.044191918518,84.2859514247066));
#2672=CARTESIAN_POINT('Ctrl Pts',(-82.5965150550764,109.17500259148,86.2272935993315));
#2673=CARTESIAN_POINT('Ctrl Pts',(-82.6957632669939,109.25056998477,89.6907234604097));
#2674=CARTESIAN_POINT('Ctrl Pts',(-82.7950114789111,112.201703488532,91.505073998929));
#2675=CARTESIAN_POINT('Ctrl Pts',(-82.8942596908284,115.326302127173,90.0090993397321));
#2676=CARTESIAN_POINT('Ctrl Pts',(-82.9935079027458,115.763437711956,86.5725357488612));
#2677=CARTESIAN_POINT('Ctrl Pts',(-83.0927561146631,113.11286251142,84.3419510856183));
#2678=CARTESIAN_POINT('Ctrl Pts',(-83.1920043265804,109.801481925147,85.3597012742355));
#2679=CARTESIAN_POINT('Ctrl Pts',(-83.2912525384977,108.861244423508,88.6939193645984));
#2680=CARTESIAN_POINT('Ctrl Pts',(-83.390500750415,111.15304520735,91.2917465337467));
#2681=CARTESIAN_POINT('Ctrl Pts',(-83.4897489623324,114.578477977559,90.7745742507168));
#2682=CARTESIAN_POINT('Ctrl Pts',(-83.5889971742497,116.001166416952,87.6159330178332));
#2683=CARTESIAN_POINT('Ctrl Pts',(-83.688245386167,114.118476193612,84.7079209208026));
#2684=CARTESIAN_POINT('Ctrl Pts',(-83.7874935980844,110.654225997148,84.7131563447662));
#2685=CARTESIAN_POINT('Ctrl Pts',(-83.8867418100016,108.780333947551,87.6268456591487));
#2686=CARTESIAN_POINT('Ctrl Pts',(-83.9859900219191,110.212562998127,90.7811723352586));
#2687=CARTESIAN_POINT('Ctrl Pts',(-84.0852382338362,113.639543293413,91.2879887592804));
#2688=CARTESIAN_POINT('Ctrl Pts',(-84.1844864457537,115.923481580701,88.6832464034831));
#2689=CARTESIAN_POINT('Ctrl Pts',(-84.2837346576709,114.973170575412,85.3518854475151));
#2690=CARTESIAN_POINT('Ctrl Pts',(-84.3829828695883,111.658728930319,84.3441486746423));
#2691=CARTESIAN_POINT('Ctrl Pts',(-84.4822310815055,109.014907856036,86.582734617088));
#2692=CARTESIAN_POINT('Ctrl Pts',(-84.5814792934229,109.462428596375,90.0179612372992));
#2693=CARTESIAN_POINT('Ctrl Pts',(-84.6807275053402,112.591534575538,91.5044848787079));
#2694=CARTESIAN_POINT('Ctrl Pts',(-84.7799757172576,115.537170710708,89.6812226541051));
#2695=CARTESIAN_POINT('Ctrl Pts',(-84.8792239291749,115.602269302099,86.2175803426859));
#2696=CARTESIAN_POINT('Ctrl Pts',(-84.9784721410922,112.727225538697,84.2849189837703));
#2697=CARTESIAN_POINT('Ctrl Pts',(-85.0777203530095,109.544470653002,85.6528126050691));
#2698=CARTESIAN_POINT('Ctrl Pts',(-85.1769685649269,108.968183362684,89.068795631413));
#2699=CARTESIAN_POINT('Ctrl Pts',(-85.2762167768441,111.526016907607,91.4051486555055));
#2700=CARTESIAN_POINT('Ctrl Pts',(-85.3754649887616,114.875989556672,90.522663045924));
#2701=CARTESIAN_POINT('Ctrl Pts',(-85.4747132006788,115.950800438767,87.2293758310095));
#2702=CARTESIAN_POINT('Ctrl Pts',(-85.5739614125961,113.766372650125,84.5406262045412));
#2703=CARTESIAN_POINT('Ctrl Pts',(-85.6732096245134,110.322725193824,84.9183625175708));
#2704=CARTESIAN_POINT('Ctrl Pts',(-85.7724578364308,108.773069861068,88.0165347487418));
#2705=CARTESIAN_POINT('Ctrl Pts',(-85.8717060483481,110.535961702104,90.9988090777072));
#2706=CARTESIAN_POINT('Ctrl Pts',(-85.9709542602654,113.997970506305,91.1337343241438));
#2707=CARTESIAN_POINT('Ctrl Pts',(-86.0702024721829,115.987764778511,88.2995337407776));
#2708=CARTESIAN_POINT('Ctrl Pts',(-86.1694506841,114.686597532019,85.0875422502494));
#2709=CARTESIAN_POINT('Ctrl Pts',(-86.2686988960174,111.279585707933,84.4466003976228));
#2710=CARTESIAN_POINT('Ctrl Pts',(-86.3348643706289,109.696109713724,86.1136174977927));
#2711=CARTESIAN_POINT('Ctrl Pts',(-86.3679471079347,109.432670435661,87.0975621852057));
#2712=CARTESIAN_POINT('Ctrl Pts',(-79.8497685332991,114.470010426653,85.4848298921267));
#2713=CARTESIAN_POINT('Ctrl Pts',(-79.8828512706049,113.670202271722,84.7934361461427));
#2714=CARTESIAN_POINT('Ctrl Pts',(-79.9490167452165,111.338622797301,84.2849545169558));
#2715=CARTESIAN_POINT('Ctrl Pts',(-80.0482649571338,108.786480477501,86.8214431336267));
#2716=CARTESIAN_POINT('Ctrl Pts',(-80.1475131690511,109.541497493053,90.3382425890708));
#2717=CARTESIAN_POINT('Ctrl Pts',(-80.2467613809684,112.902399516416,91.6121846016307));
#2718=CARTESIAN_POINT('Ctrl Pts',(-80.3460095928857,115.79674725803,89.4781779923625));
#2719=CARTESIAN_POINT('Ctrl Pts',(-80.4452578048031,115.572147415675,85.8894909898589));
#2720=CARTESIAN_POINT('Ctrl Pts',(-80.5445060167204,112.435335479305,84.1322891611442));
#2721=CARTESIAN_POINT('Ctrl Pts',(-80.6437542286377,109.257905196531,85.815343986477));
#2722=CARTESIAN_POINT('Ctrl Pts',(-80.743002440555,108.949403979958,89.3976962698803));
#2723=CARTESIAN_POINT('Ctrl Pts',(-80.8422506524724,111.792183236689,91.5992584292251));
#2724=CARTESIAN_POINT('Ctrl Pts',(-80.9414988643897,115.183408243225,90.4042638734266));
#2725=CARTESIAN_POINT('Ctrl Pts',(-81.040747076307,116.017997424211,86.9068595272689));
#2726=CARTESIAN_POINT('Ctrl Pts',(-81.1399952882243,113.531801266284,84.3093235274472));
#2727=CARTESIAN_POINT('Ctrl Pts',(-81.2392435001416,110.001211354517,84.9899960986462));
#2728=CARTESIAN_POINT('Ctrl Pts',(-81.338491712059,108.658890254794,88.3256442961108));
#2729=CARTESIAN_POINT('Ctrl Pts',(-81.4377399239763,110.733885441709,91.2620994842503));
#2730=CARTESIAN_POINT('Ctrl Pts',(-81.5369881358936,114.326301629803,91.1107005511546));
#2731=CARTESIAN_POINT('Ctrl Pts',(-81.636236347811,116.146869739411,88.0100704859935));
#2732=CARTESIAN_POINT('Ctrl Pts',(-81.7354845597283,114.528651140937,84.799191542675));
#2733=CARTESIAN_POINT('Ctrl Pts',(-81.8347327716455,110.953310369488,84.4179913984799));
#2734=CARTESIAN_POINT('Ctrl Pts',(-81.9339809835629,108.694481732187,87.2155024871488));
#2735=CARTESIAN_POINT('Ctrl Pts',(-82.0332291954803,109.820381733267,90.6302827575847));
#2736=CARTESIAN_POINT('Ctrl Pts',(-82.1324774073975,113.300119880768,91.5357094792142));
#2737=CARTESIAN_POINT('Ctrl Pts',(-82.2317256193149,115.947597056708,89.1027607092304));
#2738=CARTESIAN_POINT('Ctrl Pts',(-82.3309738312321,115.338744459782,85.5590799066217));
#2739=CARTESIAN_POINT('Ctrl Pts',(-82.4302220431495,112.031036427119,84.149313015366));
#2740=CARTESIAN_POINT('Ctrl Pts',(-82.5294702550668,109.0530587857,86.1642632091012));
#2741=CARTESIAN_POINT('Ctrl Pts',(-82.6287184669842,109.131491395746,89.7590126359586));
#2742=CARTESIAN_POINT('Ctrl Pts',(-82.7279666789015,112.194520213061,91.6421561728775));
#2743=CARTESIAN_POINT('Ctrl Pts',(-82.8272148908188,115.43759127728,90.0894600697527));
#2744=CARTESIAN_POINT('Ctrl Pts',(-82.9264631027361,115.891301314984,86.5225955758385));
#2745=CARTESIAN_POINT('Ctrl Pts',(-83.0257113146534,113.140226783334,84.2074359619945));
#2746=CARTESIAN_POINT('Ctrl Pts',(-83.1249595265708,109.703291738573,85.2637752135354));
#2747=CARTESIAN_POINT('Ctrl Pts',(-83.224207738488,108.727404148612,88.7244136702411));
#2748=CARTESIAN_POINT('Ctrl Pts',(-83.3234559504054,111.106100956297,91.4207401737215));
#2749=CARTESIAN_POINT('Ctrl Pts',(-83.4227041623226,114.661412592841,90.8839587626408));
#2750=CARTESIAN_POINT('Ctrl Pts',(-83.5219523742401,116.138043752484,87.6055543436115));
#2751=CARTESIAN_POINT('Ctrl Pts',(-83.6212005861573,114.183969360114,84.5872819262683));
#2752=CARTESIAN_POINT('Ctrl Pts',(-83.7204487980747,110.588368493997,84.5927158568075));
#2753=CARTESIAN_POINT('Ctrl Pts',(-83.819697009992,108.64342586733,87.6168807491367));
#2754=CARTESIAN_POINT('Ctrl Pts',(-83.9189452219094,110.129959380408,90.8908070204594));
#2755=CARTESIAN_POINT('Ctrl Pts',(-84.0181934338266,113.686877218061,91.4168399193058));
#2756=CARTESIAN_POINT('Ctrl Pts',(-84.1174416457441,116.057413414411,88.7133360326416));
#2757=CARTESIAN_POINT('Ctrl Pts',(-84.2166898576612,115.071070373373,85.2556630415699));
#2758=CARTESIAN_POINT('Ctrl Pts',(-84.3159380695787,111.630958206545,84.209716874905));
#2759=CARTESIAN_POINT('Ctrl Pts',(-84.4151862814959,108.88689389091,86.5331811448216));
#2760=CARTESIAN_POINT('Ctrl Pts',(-84.5144344934133,109.351382848205,90.0986579754353));
#2761=CARTESIAN_POINT('Ctrl Pts',(-84.6136827053306,112.599132153476,91.6415447155469));
#2762=CARTESIAN_POINT('Ctrl Pts',(-84.7129309172479,115.656455163719,89.7491515966455));
#2763=CARTESIAN_POINT('Ctrl Pts',(-84.8121791291652,115.724022036292,86.1541816641702));
#2764=CARTESIAN_POINT('Ctrl Pts',(-84.9114273410826,112.739967981431,84.1482414283517));
#2765=CARTESIAN_POINT('Ctrl Pts',(-85.0106755529998,109.436535615222,85.5680001670593));
#2766=CARTESIAN_POINT('Ctrl Pts',(-85.1099237649173,108.838397789521,89.1135037628161));
#2767=CARTESIAN_POINT('Ctrl Pts',(-85.2091719768345,111.493214268681,91.5384420555405));
#2768=CARTESIAN_POINT('Ctrl Pts',(-85.3084201887519,114.970204634661,90.6224960810302));
#2769=CARTESIAN_POINT('Ctrl Pts',(-85.4076684006692,116.085768095556,87.2043404367275));
#2770=CARTESIAN_POINT('Ctrl Pts',(-85.5069166125865,113.818515442491,84.4136440558569));
#2771=CARTESIAN_POINT('Ctrl Pts',(-85.6061648245038,110.24429849098,84.8057026362906));
#2772=CARTESIAN_POINT('Ctrl Pts',(-85.7054130364212,108.63588635541,88.0213453081597));
#2773=CARTESIAN_POINT('Ctrl Pts',(-85.8046612483384,110.465620084507,91.1166956876363));
#2774=CARTESIAN_POINT('Ctrl Pts',(-85.9039094602558,114.058894573629,91.2567367659177));
#2775=CARTESIAN_POINT('Ctrl Pts',(-86.0031576721731,116.124133976904,88.315074502983));
#2776=CARTESIAN_POINT('Ctrl Pts',(-86.1024058840904,114.773631613297,84.9812969954884));
#2777=CARTESIAN_POINT('Ctrl Pts',(-86.2016540960078,111.237439372316,84.3160531621222));
#2778=CARTESIAN_POINT('Ctrl Pts',(-86.2678195706193,109.593924229539,86.0462769592723));
#2779=CARTESIAN_POINT('Ctrl Pts',(-86.3009023079251,109.320496375703,87.0675289386717));
#2780=CARTESIAN_POINT('Ctrl Pts',(-86.3009023079251,109.320496375703,87.0675289386717));
#2781=CARTESIAN_POINT('Ctrl Pts',(-86.3009023079251,109.352139627551,86.9706651964287));
#2782=CARTESIAN_POINT('Ctrl Pts',(-86.3009023079251,109.388724716157,86.8757461516039));
#2783=CARTESIAN_POINT('Ctrl Pts',(-86.3009023079251,109.429911628334,86.7829833905073));
#2784=CARTESIAN_POINT('Ctrl Pts',(-86.3009023079251,109.472113180288,86.6879354183517));
#2785=CARTESIAN_POINT('Ctrl Pts',(-86.3009023079251,109.519146576109,86.5951506189122));
#2786=CARTESIAN_POINT('Ctrl Pts',(-86.3009023079251,109.570695526785,86.5048791078164));
#2787=CARTESIAN_POINT('Ctrl Pts',(-86.3009023079251,109.621786025515,86.4154104287744));
#2788=CARTESIAN_POINT('Ctrl Pts',(-86.3009023079251,109.677312844784,86.3284100083002));
#2789=CARTESIAN_POINT('Ctrl Pts',(-86.3009023079251,109.737006458789,86.244151901354));
#2790=CARTESIAN_POINT('Ctrl Pts',(-86.3009023079251,109.789238371044,86.1704260577761));
#2791=CARTESIAN_POINT('Ctrl Pts',(-86.3009023079251,109.844661322767,86.0988000164608));
#2792=CARTESIAN_POINT('Ctrl Pts',(-86.3009023079251,109.903112831825,86.0294816147191));
#2793=CARTESIAN_POINT('Ctrl Pts',(-86.3009023079251,109.915500291032,86.0147911663848));
#2794=CARTESIAN_POINT('Ctrl Pts',(-86.3009023079251,109.92802618392,86.0002018882939));
#2795=CARTESIAN_POINT('Ctrl Pts',(-86.3009023079251,109.94067178819,85.985735226764));
#2796=CARTESIAN_POINT('Ctrl Pts',(-86.3009023079251,110.009102602818,85.9074498864714));
#2797=CARTESIAN_POINT('Ctrl Pts',(-86.3009023079251,110.08112930858,85.8326385634807));
#2798=CARTESIAN_POINT('Ctrl Pts',(-86.3009023079251,110.156442887554,85.761549081456));
#2799=CARTESIAN_POINT('Ctrl Pts',(-86.3009023079251,110.23166759207,85.690543489207));
#2800=CARTESIAN_POINT('Ctrl Pts',(-86.3009023079251,110.310172146638,85.6232503822594));
#2801=CARTESIAN_POINT('Ctrl Pts',(-86.3009023079251,110.39168230742,85.5599558930182));
#2802=CARTESIAN_POINT('Ctrl Pts',(-86.3009023079251,110.471660180772,85.4978512597328));
#2803=CARTESIAN_POINT('Ctrl Pts',(-86.3009023079251,110.554532442493,85.4395959126422));
#2804=CARTESIAN_POINT('Ctrl Pts',(-86.3009023079251,110.640061617894,85.3855049627825));
#2805=CARTESIAN_POINT('Ctrl Pts',(-86.3009023079251,110.674936210823,85.3634493326577));
#2806=CARTESIAN_POINT('Ctrl Pts',(-86.3009023079251,110.710252737031,85.3420866367928));
#2807=CARTESIAN_POINT('Ctrl Pts',(-86.3009023079251,110.745995743771,85.3214406744713));
#2808=CARTESIAN_POINT('Ctrl Pts',(-86.3009023079251,110.76880977057,85.3082627809293));
#2809=CARTESIAN_POINT('Ctrl Pts',(-86.3009023079251,110.791797552104,85.2953769145833));
#2810=CARTESIAN_POINT('Ctrl Pts',(-86.3009023079251,110.814955119951,85.2827895909096));
#2811=CARTESIAN_POINT('Ctrl Pts',(-86.3009023079251,110.826991485296,85.276247210144));
#2812=CARTESIAN_POINT('Ctrl Pts',(-86.3009023079251,110.839074720383,85.2697849587552));
#2813=CARTESIAN_POINT('Ctrl Pts',(-86.3009023079251,110.851201150427,85.2634054194796));
#2814=CARTESIAN_POINT('Ctrl Pts',(-86.3009023079251,110.940509234464,85.2164217294975));
#2815=CARTESIAN_POINT('Ctrl Pts',(-86.3009023079251,111.031835512801,85.1740893497957));
#2816=CARTESIAN_POINT('Ctrl Pts',(-86.3009023079251,111.124920517997,85.136670238808));
#2817=CARTESIAN_POINT('Ctrl Pts',(-86.3009023079251,111.216091726446,85.1000204522965));
#2818=CARTESIAN_POINT('Ctrl Pts',(-86.3009023079251,111.30895077209,85.0680836531696));
#2819=CARTESIAN_POINT('Ctrl Pts',(-86.3009023079251,111.403270609163,85.0411529657585));
#2820=CARTESIAN_POINT('Ctrl Pts',(-86.3009023079251,111.424991839337,85.0349510078442));
#2821=CARTESIAN_POINT('Ctrl Pts',(-86.3009023079251,111.446790590066,85.0290147611658));
#2822=CARTESIAN_POINT('Ctrl Pts',(-86.3009023079251,111.46866416032,85.0233481970552));
#2823=CARTESIAN_POINT('Ctrl Pts',(-86.3009023079251,111.566169291029,84.998088531265));
#2824=CARTESIAN_POINT('Ctrl Pts',(-86.3009023079251,111.665161364506,84.9781835437037));
#2825=CARTESIAN_POINT('Ctrl Pts',(-86.3009023079251,111.765232074912,84.9635423011844));
#2826=CARTESIAN_POINT('Ctrl Pts',(-86.3009023079251,111.820853345009,84.9554044104728));
#2827=CARTESIAN_POINT('Ctrl Pts',(-86.3009023079251,111.876807824099,84.9488936193524));
#2828=CARTESIAN_POINT('Ctrl Pts',(-86.3009023079251,111.933024199749,84.9440011040126));
#2829=CARTESIAN_POINT('Ctrl Pts',(-86.3009023079251,111.952000612823,84.9423495853761));
#2830=CARTESIAN_POINT('Ctrl Pts',(-86.3009023079251,111.971010651316,84.9408823482132));
#2831=CARTESIAN_POINT('Ctrl Pts',(-86.3009023079251,111.990024751432,84.9396006767371));
#2832=CARTESIAN_POINT('Ctrl Pts',(-86.3009023079251,112.089450377756,84.9328987561373));
#2833=CARTESIAN_POINT('Ctrl Pts',(-86.3009023079251,112.189124559511,84.9312522582686));
#2834=CARTESIAN_POINT('Ctrl Pts',(-86.3009023079251,112.288655223501,84.9345116367812));
#2835=CARTESIAN_POINT('Ctrl Pts',(-86.3009023079251,112.388953417273,84.9377961499606));
#2836=CARTESIAN_POINT('Ctrl Pts',(-86.3009023079251,112.489106832828,84.9460627273877));
#2837=CARTESIAN_POINT('Ctrl Pts',(-86.3009023079251,112.588711486765,84.9592117893424));
#2838=CARTESIAN_POINT('Ctrl Pts',(-86.3009023079251,112.687476479606,84.9722500055149));
#2839=CARTESIAN_POINT('Ctrl Pts',(-86.3009023079251,112.785702826563,84.9900890759296));
#2840=CARTESIAN_POINT('Ctrl Pts',(-86.3009023079251,112.882980056179,85.0126797715066));
#2841=CARTESIAN_POINT('Ctrl Pts',(-86.3009023079251,112.948057088746,85.0277926138194));
#2842=CARTESIAN_POINT('Ctrl Pts',(-86.3009023079251,113.012708993899,85.0450329793603));
#2843=CARTESIAN_POINT('Ctrl Pts',(-86.3009023079251,113.076805649579,85.0643971473829));
#2844=CARTESIAN_POINT('Ctrl Pts',(-86.3009023079251,113.092724401052,85.0692063433535));
#2845=CARTESIAN_POINT('Ctrl Pts',(-86.3009023079251,113.108608980102,85.0741466938271));
#2846=CARTESIAN_POINT('Ctrl Pts',(-86.3009023079251,113.124443412855,85.0792135266592));
#2847=CARTESIAN_POINT('Ctrl Pts',(-86.3009023079251,113.223416826698,85.1108838586879));
#2848=CARTESIAN_POINT('Ctrl Pts',(-86.3009023079251,113.320570057007,85.1475316082236));
#2849=CARTESIAN_POINT('Ctrl Pts',(-86.3009023079251,113.415440612553,85.1890764227129));
#2850=CARTESIAN_POINT('Ctrl Pts',(-86.3009023079251,113.486593529213,85.2202350335799));
#2851=CARTESIAN_POINT('Ctrl Pts',(-86.3009023079251,113.556462123243,85.2541494779868));
#2852=CARTESIAN_POINT('Ctrl Pts',(-86.3009023079251,113.624837771491,85.2908056724436));
#2853=CARTESIAN_POINT('Ctrl Pts',(-86.3009023079251,113.64606670511,85.3021865066846));
#2854=CARTESIAN_POINT('Ctrl Pts',(-86.3009023079251,113.667151623437,85.3138317487187));
#2855=CARTESIAN_POINT('Ctrl Pts',(-86.3009023079251,113.68808598418,85.3257412884447));
#2856=CARTESIAN_POINT('Ctrl Pts',(-86.3009023079251,113.708387103828,85.337290577859));
#2857=CARTESIAN_POINT('Ctrl Pts',(-86.3009023079251,113.728549250866,85.3490901413734));
#2858=CARTESIAN_POINT('Ctrl Pts',(-86.3009023079251,113.748545180032,85.361126835838));
#2859=CARTESIAN_POINT('Ctrl Pts',(-86.3009023079251,113.829642595929,85.4099440130211));
#2860=CARTESIAN_POINT('Ctrl Pts',(-86.300902307925,113.908080620312,85.4626982274493));
#2861=CARTESIAN_POINT('Ctrl Pts',(-86.300902307925,113.983486138335,85.5193499799483));
#2862=CARTESIAN_POINT('Ctrl Pts',(-86.300902307925,114.055571539666,85.5735073469697));
#2863=CARTESIAN_POINT('Ctrl Pts',(-86.300902307925,114.124885997333,85.6312270302435));
#2864=CARTESIAN_POINT('Ctrl Pts',(-86.300902307925,114.191071251857,85.6925052537588));
#2865=CARTESIAN_POINT('Ctrl Pts',(-86.300902307925,114.209390044062,85.7094658751442));
#2866=CARTESIAN_POINT('Ctrl Pts',(-86.300902307925,114.227468895845,85.7266992791086));
#2867=CARTESIAN_POINT('Ctrl Pts',(-86.300902307925,114.245305343637,85.7441988700058));
#2868=CARTESIAN_POINT('Ctrl Pts',(-80.050902933328,114.242182882379,85.7483820704428));
#2869=CARTESIAN_POINT('Ctrl Pts',(-80.050902933328,114.175083134777,85.6828447901777));
#2870=CARTESIAN_POINT('Ctrl Pts',(-80.0509029333281,114.104633183234,85.6210754227469));
#2871=CARTESIAN_POINT('Ctrl Pts',(-80.0509029333281,114.031222743858,85.563082251207));
#2872=CARTESIAN_POINT('Ctrl Pts',(-80.0509029333281,113.956018596788,85.5036720768687));
#2873=CARTESIAN_POINT('Ctrl Pts',(-80.050902933328,113.877706933456,85.4482244805682));
#2874=CARTESIAN_POINT('Ctrl Pts',(-80.050902933328,113.796665834776,85.3967843905316));
#2875=CARTESIAN_POINT('Ctrl Pts',(-80.050902933328,113.770799932364,85.3803662475075));
#2876=CARTESIAN_POINT('Ctrl Pts',(-80.0509029333281,113.744655715214,85.3643566423539));
#2877=CARTESIAN_POINT('Ctrl Pts',(-80.0509029333281,113.718244785777,85.3487578885754));
#2878=CARTESIAN_POINT('Ctrl Pts',(-80.0509029333281,113.703019598978,85.339765628736));
#2879=CARTESIAN_POINT('Ctrl Pts',(-80.050902933328,113.687709091629,85.330911930049));
#2880=CARTESIAN_POINT('Ctrl Pts',(-80.050902933328,113.672322837623,85.3222010677488));
#2881=CARTESIAN_POINT('Ctrl Pts',(-80.050902933328,113.586992740679,85.2738917960958));
#2882=CARTESIAN_POINT('Ctrl Pts',(-80.0509029333281,113.499270958374,85.2299339073179));
#2883=CARTESIAN_POINT('Ctrl Pts',(-80.0509029333281,113.409562120185,85.1903649022828));
#2884=CARTESIAN_POINT('Ctrl Pts',(-80.0509029333281,113.33669438721,85.1582242152428));
#2885=CARTESIAN_POINT('Ctrl Pts',(-80.050902933328,113.262514652342,85.1289798823448));
#2886=CARTESIAN_POINT('Ctrl Pts',(-80.050902933328,113.187225059773,85.1026725880954));
#2887=CARTESIAN_POINT('Ctrl Pts',(-80.050902933328,113.165649267638,85.0951336880564));
#2888=CARTESIAN_POINT('Ctrl Pts',(-80.0509029333281,113.143982265592,85.0878361077927));
#2889=CARTESIAN_POINT('Ctrl Pts',(-80.0509029333281,113.122228669226,85.0807811045085));
#2890=CARTESIAN_POINT('Ctrl Pts',(-80.0509029333281,113.100323856894,85.0736770597175));
#2891=CARTESIAN_POINT('Ctrl Pts',(-80.050902933328,113.078326104924,85.0668175604706));
#2892=CARTESIAN_POINT('Ctrl Pts',(-80.050902933328,113.056270451341,85.0602127597501));
#2893=CARTESIAN_POINT('Ctrl Pts',(-80.050902933328,112.960722480299,85.0315999006655));
#2894=CARTESIAN_POINT('Ctrl Pts',(-80.050902933328,112.86399863625,85.0077315907696));
#2895=CARTESIAN_POINT('Ctrl Pts',(-80.050902933328,112.76650541657,84.9886429486334));
#2896=CARTESIAN_POINT('Ctrl Pts',(-80.050902933328,112.665611708542,84.968888509374));
#2897=CARTESIAN_POINT('Ctrl Pts',(-80.050902933328,112.563893185434,84.9542523734665));
#2898=CARTESIAN_POINT('Ctrl Pts',(-80.050902933328,112.461773237053,84.9448241272722));
#2899=CARTESIAN_POINT('Ctrl Pts',(-80.050902933328,112.363498429973,84.9357508845753));
#2900=CARTESIAN_POINT('Ctrl Pts',(-80.050902933328,112.264850875734,84.9315007390096));
#2901=CARTESIAN_POINT('Ctrl Pts',(-80.050902933328,112.166197107368,84.9322030154342));
#2902=CARTESIAN_POINT('Ctrl Pts',(-80.050902933328,112.113975246661,84.9325747618178));
#2903=CARTESIAN_POINT('Ctrl Pts',(-80.050902933328,112.061751547107,84.9343350491077));
#2904=CARTESIAN_POINT('Ctrl Pts',(-80.050902933328,112.009580456749,84.9375090133032));
#2905=CARTESIAN_POINT('Ctrl Pts',(-80.050902933328,111.99316045268,84.9385079670273));
#2906=CARTESIAN_POINT('Ctrl Pts',(-80.050902933328,111.976745663659,84.9396469876815));
#2907=CARTESIAN_POINT('Ctrl Pts',(-80.050902933328,111.96033780032,84.9409269477464));
#2908=CARTESIAN_POINT('Ctrl Pts',(-80.050902933328,111.945931716388,84.942050751117));
#2909=CARTESIAN_POINT('Ctrl Pts',(-80.050902933328,111.931539953897,84.9432825127903));
#2910=CARTESIAN_POINT('Ctrl Pts',(-80.050902933328,111.917165692387,84.9446222212153));
#2911=CARTESIAN_POINT('Ctrl Pts',(-80.050902933328,111.816279000869,84.954025052137));
#2912=CARTESIAN_POINT('Ctrl Pts',(-80.050902933328,111.716222886245,84.968743780332));
#2913=CARTESIAN_POINT('Ctrl Pts',(-80.050902933328,111.617391621935,84.9888570232028));
#2914=CARTESIAN_POINT('Ctrl Pts',(-80.050902933328,111.593469635873,84.9937254089204));
#2915=CARTESIAN_POINT('Ctrl Pts',(-80.050902933328,111.569619365166,84.9989100811263));
#2916=CARTESIAN_POINT('Ctrl Pts',(-80.050902933328,111.545846338473,85.0044126122128));
#2917=CARTESIAN_POINT('Ctrl Pts',(-80.050902933328,111.450586254221,85.0264616168128));
#2918=CARTESIAN_POINT('Ctrl Pts',(-80.050902933328,111.356565988144,85.0536101472726));
#2919=CARTESIAN_POINT('Ctrl Pts',(-80.050902933328,111.264026561831,85.0855435602353));
#2920=CARTESIAN_POINT('Ctrl Pts',(-80.050902933328,111.16949119171,85.1181657314967));
#2921=CARTESIAN_POINT('Ctrl Pts',(-80.050902933328,111.076500519643,85.1557817382235));
#2922=CARTESIAN_POINT('Ctrl Pts',(-80.050902933328,110.98532333541,85.1981089981601));
#2923=CARTESIAN_POINT('Ctrl Pts',(-80.050902933328,110.948027845916,85.2154227142127));
#2924=CARTESIAN_POINT('Ctrl Pts',(-80.050902933328,110.911035980544,85.2335252799755));
#2925=CARTESIAN_POINT('Ctrl Pts',(-80.050902933328,110.874367123838,85.252399623776));
#2926=CARTESIAN_POINT('Ctrl Pts',(-80.050902933328,110.856392500199,85.2616515955237));
#2927=CARTESIAN_POINT('Ctrl Pts',(-80.050902933328,110.838491363476,85.271091381828));
#2928=CARTESIAN_POINT('Ctrl Pts',(-80.050902933328,110.820692118648,85.2807026595483));
#2929=CARTESIAN_POINT('Ctrl Pts',(-80.050902933328,110.731205549786,85.3290238256359));
#2930=CARTESIAN_POINT('Ctrl Pts',(-80.0509029333281,110.644177338616,85.3817325314638));
#2931=CARTESIAN_POINT('Ctrl Pts',(-80.0509029333281,110.559859264621,85.438478190889));
#2932=CARTESIAN_POINT('Ctrl Pts',(-80.0509029333281,110.474089696641,85.4962006988047));
#2933=CARTESIAN_POINT('Ctrl Pts',(-80.050902933328,110.391123624218,85.5581007730526));
#2934=CARTESIAN_POINT('Ctrl Pts',(-80.050902933328,110.311241045746,85.6238623345461));
#2935=CARTESIAN_POINT('Ctrl Pts',(-80.050902933328,110.231050903691,85.6898770909405));
#2936=CARTESIAN_POINT('Ctrl Pts',(-80.050902933328,110.153967275785,85.7597836881751));
#2937=CARTESIAN_POINT('Ctrl Pts',(-80.050902933328,110.080299855029,85.833307596747));
#2938=CARTESIAN_POINT('Ctrl Pts',(-80.050902933328,110.039443962165,85.8740838978677));
#2939=CARTESIAN_POINT('Ctrl Pts',(-80.050902933328,109.999639361603,85.9159735656704));
#2940=CARTESIAN_POINT('Ctrl Pts',(-80.050902933328,109.960943716081,85.9589347569577));
#2941=CARTESIAN_POINT('Ctrl Pts',(-80.050902933328,109.945788187307,85.9757609285313));
#2942=CARTESIAN_POINT('Ctrl Pts',(-80.0509029333281,109.93080281162,85.9927515037943));
#2943=CARTESIAN_POINT('Ctrl Pts',(-80.0509029333281,109.915991225051,86.0099040969181));
#2944=CARTESIAN_POINT('Ctrl Pts',(-80.0509029333281,109.906220316467,86.0212193208884));
#2945=CARTESIAN_POINT('Ctrl Pts',(-80.050902933328,109.896531304127,86.0325978082068));
#2946=CARTESIAN_POINT('Ctrl Pts',(-80.050902933328,109.886925882851,86.0440374936182));
#2947=CARTESIAN_POINT('Ctrl Pts',(-80.050902933328,109.818821034763,86.1251477348838));
#2948=CARTESIAN_POINT('Ctrl Pts',(-80.0509029333281,109.754900825996,86.2093486673775));
#2949=CARTESIAN_POINT('Ctrl Pts',(-80.0509029333281,109.695450712855,86.2963163160202));
#2950=CARTESIAN_POINT('Ctrl Pts',(-80.0509029333281,109.636226869302,86.3829529621987));
#2951=CARTESIAN_POINT('Ctrl Pts',(-80.0509029333281,109.581438428821,86.4723359508108));
#2952=CARTESIAN_POINT('Ctrl Pts',(-80.0509029333281,109.531400351196,86.5641846024869));
#2953=CARTESIAN_POINT('Ctrl Pts',(-80.0509029333281,109.482614203868,86.6537352420243));
#2954=CARTESIAN_POINT('Ctrl Pts',(-80.0509029333281,109.438343158216,86.7456303883141));
#2955=CARTESIAN_POINT('Ctrl Pts',(-80.0509029333281,109.39891935829,86.8396377037283));
#2956=CARTESIAN_POINT('Ctrl Pts',(-80.0509029333281,109.378671103728,86.8879203161782));
#2957=CARTESIAN_POINT('Ctrl Pts',(-80.0509029333281,109.359702210439,86.9367604906532));
#2958=CARTESIAN_POINT('Ctrl Pts',(-80.0509029333281,109.342062663257,86.9861288465588));
#2959=CARTESIAN_POINT('Ctrl Pts',(-80.0509029333281,109.332649066043,87.0124749773772));
#2960=CARTESIAN_POINT('Ctrl Pts',(-80.0509029333281,109.323614128902,87.0389715551869));
#2961=CARTESIAN_POINT('Ctrl Pts',(-80.0509029333281,109.31495629528,87.0656114079557));
#2962=CARTESIAN_POINT('Ctrl Pts',(-86.0593087632629,112.391818392855,90.7156654694568));
#2963=CARTESIAN_POINT('Ctrl Pts',(-86.0414710582977,111.882292387855,90.714726790054));
#2964=CARTESIAN_POINT('Ctrl Pts',(-86.0236333533325,111.372282035875,90.5833463731279));
#2965=CARTESIAN_POINT('Ctrl Pts',(-86.0057956483674,110.938356498872,90.3244644169828));
#2966=CARTESIAN_POINT('Ctrl Pts',(-85.9727129110616,110.133575582327,89.8443284485345));
#2967=CARTESIAN_POINT('Ctrl Pts',(-85.9396301737559,109.590506227355,88.9256210392205));
#2968=CARTESIAN_POINT('Ctrl Pts',(-85.9065474364501,109.557661837724,87.9890621096009));
#2969=CARTESIAN_POINT('Ctrl Pts',(-85.8734646991443,109.524817448094,87.0525031799813));
#2970=CARTESIAN_POINT('Ctrl Pts',(-85.8403819618385,110.002198023804,86.0980927300562));
#2971=CARTESIAN_POINT('Ctrl Pts',(-85.8072992245328,110.771306389305,85.5627055420567));
#2972=CARTESIAN_POINT('Ctrl Pts',(-85.774216487227,111.540414754807,85.0273183540573));
#2973=CARTESIAN_POINT('Ctrl Pts',(-85.7411337499212,112.6012509101,84.9109544279836));
#2974=CARTESIAN_POINT('Ctrl Pts',(-85.7080510126154,113.468131997713,85.266915151224));
#2975=CARTESIAN_POINT('Ctrl Pts',(-85.6749682753096,114.335013085325,85.6228758744644));
#2976=CARTESIAN_POINT('Ctrl Pts',(-85.6418855380039,115.007939105258,86.451161247019));
#2977=CARTESIAN_POINT('Ctrl Pts',(-85.6088028006981,115.178851161141,87.3725623259859));
#2978=CARTESIAN_POINT('Ctrl Pts',(-85.5757200633924,115.349763217025,88.2939634049528));
#2979=CARTESIAN_POINT('Ctrl Pts',(-85.5426373260866,115.01866130886,89.3084801903321));
#2980=CARTESIAN_POINT('Ctrl Pts',(-85.5095545887808,114.337120818905,89.9516660629758));
#2981=CARTESIAN_POINT('Ctrl Pts',(-85.4844726469415,113.820405446408,90.4393025756498));
#2982=CARTESIAN_POINT('Ctrl Pts',(-85.4593907051022,113.102256733785,90.7134967622469));
#2983=CARTESIAN_POINT('Ctrl Pts',(-85.4343087632629,112.388564641955,90.7200098248217));
#2984=CARTESIAN_POINT('Ctrl Pts',(-80.050902933328,109.320491206825,88.7117733054208));
#2985=CARTESIAN_POINT('Ctrl Pts',(-80.0839856706338,109.593912639803,89.7330270039058));
#2986=CARTESIAN_POINT('Ctrl Pts',(-80.1501511452454,111.23741991947,91.4632607464385));
#2987=CARTESIAN_POINT('Ctrl Pts',(-80.2493993571627,114.7736130557,90.7980398643168));
#2988=CARTESIAN_POINT('Ctrl Pts',(-80.34864756908,116.12413752751,87.4642704790184));
#2989=CARTESIAN_POINT('Ctrl Pts',(-80.4478957809973,114.05891569534,84.5225948791547));
#2990=CARTESIAN_POINT('Ctrl Pts',(-80.5471439929147,110.465640293733,84.6626134486314));
#2991=CARTESIAN_POINT('Ctrl Pts',(-80.646392204832,108.635886727489,87.7579525968072));
#2992=CARTESIAN_POINT('Ctrl Pts',(-80.7456404167493,110.244278908899,90.9736057520175));
#2993=CARTESIAN_POINT('Ctrl Pts',(-80.8448886286667,113.818493720875,91.3656868247961));
#2994=CARTESIAN_POINT('Ctrl Pts',(-80.9441368405839,116.085764182205,88.5750044183504));
#2995=CARTESIAN_POINT('Ctrl Pts',(-81.0433850525013,114.970222082483,85.1568413955218));
#2996=CARTESIAN_POINT('Ctrl Pts',(-81.1426332644186,111.493237117555,84.2408734680783));
#2997=CARTESIAN_POINT('Ctrl Pts',(-81.2418814763359,108.838405110909,86.6657953213532));
#2998=CARTESIAN_POINT('Ctrl Pts',(-81.3411296882532,109.436520709475,90.2113030501423));
#2999=CARTESIAN_POINT('Ctrl Pts',(-81.4403779001706,112.739944494497,91.631082706469));
#3000=CARTESIAN_POINT('Ctrl Pts',(-81.5396261120879,115.724011474139,89.6251610222939));
#3001=CARTESIAN_POINT('Ctrl Pts',(-81.6388743240053,115.656467196715,86.0301902883297));
#3002=CARTESIAN_POINT('Ctrl Pts',(-81.7381225359224,112.59915576428,84.1377777491805));
#3003=CARTESIAN_POINT('Ctrl Pts',(-81.8373707478399,109.351396418297,85.6806442314816));
#3004=CARTESIAN_POINT('Ctrl Pts',(-81.9366189597572,108.886884995376,89.2461185152057));
#3005=CARTESIAN_POINT('Ctrl Pts',(-82.0358671716745,111.630934990237,91.5696002810538));
#3006=CARTESIAN_POINT('Ctrl Pts',(-82.1351153835918,115.071054093496,90.5236756336458));
#3007=CARTESIAN_POINT('Ctrl Pts',(-82.2343635955092,116.057418977052,87.0660084817927));
#3008=CARTESIAN_POINT('Ctrl Pts',(-82.3336118074265,113.686899529988,84.3624894078436));
#3009=CARTESIAN_POINT('Ctrl Pts',(-82.4328600193438,110.129978012493,84.8884999985974));
#3010=CARTESIAN_POINT('Ctrl Pts',(-82.5321082312612,108.643423759765,88.1624172666375));
#3011=CARTESIAN_POINT('Ctrl Pts',(-82.6313564431784,110.588347576499,91.1865947040305));
#3012=CARTESIAN_POINT('Ctrl Pts',(-82.7306046550957,114.18394878505,91.1920512415361));
#3013=CARTESIAN_POINT('Ctrl Pts',(-82.8298528670131,116.138042358684,88.1737907937933));
#3014=CARTESIAN_POINT('Ctrl Pts',(-82.9291010789304,114.661431656488,84.8953767474569));
#3015=CARTESIAN_POINT('Ctrl Pts',(-83.0283492908477,111.106123022437,84.3585729270652));
#3016=CARTESIAN_POINT('Ctrl Pts',(-83.1275975027651,108.727409013166,87.0548847575228));
#3017=CARTESIAN_POINT('Ctrl Pts',(-83.2268457146823,109.703274947482,90.5155297123287));
#3018=CARTESIAN_POINT('Ctrl Pts',(-83.3260939265998,113.140203710768,91.5718906833369));
#3019=CARTESIAN_POINT('Ctrl Pts',(-83.425342138517,115.891293086521,89.2567481236656));
#3020=CARTESIAN_POINT('Ctrl Pts',(-83.5245903504344,115.43760542702,85.68988040358));
#3021=CARTESIAN_POINT('Ctrl Pts',(-83.6238385623516,112.194543785296,84.1371637478688));
#3022=CARTESIAN_POINT('Ctrl Pts',(-83.723086774269,109.131502807393,86.0202882240355));
#3023=CARTESIAN_POINT('Ctrl Pts',(-83.8223349861863,109.053047588087,89.6150375342778));
#3024=CARTESIAN_POINT('Ctrl Pts',(-83.9215831981036,112.031012872945,91.6300066623096));
#3025=CARTESIAN_POINT('Ctrl Pts',(-84.020831410021,115.338730115592,90.2202604197434));
#3026=CARTESIAN_POINT('Ctrl Pts',(-84.1200796219383,115.947605056253,86.6765830739754));
#3027=CARTESIAN_POINT('Ctrl Pts',(-84.2193278338555,113.300142899546,84.2436174038492));
#3028=CARTESIAN_POINT('Ctrl Pts',(-84.3185760457729,109.820398694951,85.1490223423709));
#3029=CARTESIAN_POINT('Ctrl Pts',(-84.4178242576902,108.694477106406,88.5637958916658));
#3030=CARTESIAN_POINT('Ctrl Pts',(-84.5170724696075,110.953288391684,91.3613214751343));
#3031=CARTESIAN_POINT('Ctrl Pts',(-84.6163206815249,114.52863193429,90.9801437700314));
#3032=CARTESIAN_POINT('Ctrl Pts',(-84.7155688934422,116.146870889845,87.7692746645327));
#3033=CARTESIAN_POINT('Ctrl Pts',(-84.8148171053595,114.326322083888,84.6686328282743));
#3034=CARTESIAN_POINT('Ctrl Pts',(-84.9140653172768,110.733906471537,84.5172112929417));
#3035=CARTESIAN_POINT('Ctrl Pts',(-85.0133135291942,108.658892604846,87.4536537426603));
#3036=CARTESIAN_POINT('Ctrl Pts',(-85.1125617411115,110.001192873649,90.7893107289831));
#3037=CARTESIAN_POINT('Ctrl Pts',(-85.2118099530288,113.531778874666,91.470005569125));
#3038=CARTESIAN_POINT('Ctrl Pts',(-85.3110581649461,116.017991626265,88.8724849286028));
#3039=CARTESIAN_POINT('Ctrl Pts',(-85.4103063768635,115.183424343073,85.3750749686714));
#3040=CARTESIAN_POINT('Ctrl Pts',(-85.5095545887807,111.792206501962,84.180058966866));
#3041=CARTESIAN_POINT('Ctrl Pts',(-85.6088028006982,108.949413091432,86.381603481958));
#3042=CARTESIAN_POINT('Ctrl Pts',(-85.7080510126154,109.257891844639,89.96395808435));
#3043=CARTESIAN_POINT('Ctrl Pts',(-85.8072992245328,112.435311826356,91.6470330528448));
#3044=CARTESIAN_POINT('Ctrl Pts',(-85.90654743645,115.57213523686,89.889850787071));
#3045=CARTESIAN_POINT('Ctrl Pts',(-86.0057956483675,115.796757484239,86.3011647599303));
#3046=CARTESIAN_POINT('Ctrl Pts',(-86.1050438602846,112.902423179742,84.1671398665891));
#3047=CARTESIAN_POINT('Ctrl Pts',(-86.2042920722022,109.541512184598,85.4410605209582));
#3048=CARTESIAN_POINT('Ctrl Pts',(-86.3035402841193,108.786473800779,88.9578561792633));
#3049=CARTESIAN_POINT('Ctrl Pts',(-86.4027884960367,111.338597856727,91.494358401178));
#3050=CARTESIAN_POINT('Ctrl Pts',(-86.4689539706482,113.670182804998,90.9858934455371));
#3051=CARTESIAN_POINT('Ctrl Pts',(-86.502036707954,114.46999530687,90.2945047281502));
#3052=CARTESIAN_POINT('Ctrl Pts',(-79.9838581333184,109.432665455608,88.6817407641524));
#3053=CARTESIAN_POINT('Ctrl Pts',(-80.0169408706242,109.696098547372,89.6656871078511));
#3054=CARTESIAN_POINT('Ctrl Pts',(-80.0831063452357,111.279566965719,91.3327137900895));
#3055=CARTESIAN_POINT('Ctrl Pts',(-80.1823545571531,114.686579652348,90.6917940502769));
#3056=CARTESIAN_POINT('Ctrl Pts',(-80.2816027690704,115.98776819941,87.4798103852333));
#3057=CARTESIAN_POINT('Ctrl Pts',(-80.3808509809877,113.997990856419,84.6455969521487));
#3058=CARTESIAN_POINT('Ctrl Pts',(-80.480099192905,110.535981173068,84.7805005120486));
#3059=CARTESIAN_POINT('Ctrl Pts',(-80.5793474048223,108.773070219554,87.7627640200027));
#3060=CARTESIAN_POINT('Ctrl Pts',(-80.6785956167397,110.322706327096,90.8609463515488));
#3061=CARTESIAN_POINT('Ctrl Pts',(-80.777843828657,113.76635172202,91.2387043352568));
#3062=CARTESIAN_POINT('Ctrl Pts',(-80.8770920405743,115.950796668374,88.5499681727147));
#3063=CARTESIAN_POINT('Ctrl Pts',(-80.9763402524916,114.876006367109,85.2566738488187));
#3064=CARTESIAN_POINT('Ctrl Pts',(-81.0755884644091,111.52603892179,84.3741670882652));
#3065=CARTESIAN_POINT('Ctrl Pts',(-81.1748366763262,108.968190416616,86.7105042734568));
#3066=CARTESIAN_POINT('Ctrl Pts',(-81.2740848882437,109.544456291776,90.1264912818494));
#3067=CARTESIAN_POINT('Ctrl Pts',(-81.3733331001608,112.727202909763,91.4944050566273));
#3068=CARTESIAN_POINT('Ctrl Pts',(-81.4725813120783,115.602259125791,89.5617615716458));
#3069=CARTESIAN_POINT('Ctrl Pts',(-81.5718295239955,115.537182304127,86.0981184880172));
#3070=CARTESIAN_POINT('Ctrl Pts',(-81.6710777359129,112.591557323816,84.2748375526063));
#3071=CARTESIAN_POINT('Ctrl Pts',(-81.7703259478302,109.462441670739,85.7613416762414));
#3072=CARTESIAN_POINT('Ctrl Pts',(-81.8695741597475,109.014899285465,89.1965658426031));
#3073=CARTESIAN_POINT('Ctrl Pts',(-81.9688223716649,111.658706562124,91.4351686418376));
#3074=CARTESIAN_POINT('Ctrl Pts',(-82.0680705835822,114.973154890254,90.427452602103));
#3075=CARTESIAN_POINT('Ctrl Pts',(-82.1673187954995,115.923486940133,87.0960972720415));
#3076=CARTESIAN_POINT('Ctrl Pts',(-82.2665670074168,113.639564790264,84.4913402837651));
#3077=CARTESIAN_POINT('Ctrl Pts',(-82.3658152193341,110.212580949565,84.9981352146298));
#3078=CARTESIAN_POINT('Ctrl Pts',(-82.4650634312515,108.780331916977,88.1524532163554));
#3079=CARTESIAN_POINT('Ctrl Pts',(-82.5643116431688,110.654205843786,91.0661546175187));
#3080=CARTESIAN_POINT('Ctrl Pts',(-82.6635598550861,114.118456370174,91.0714118225951));
#3081=CARTESIAN_POINT('Ctrl Pts',(-82.7628080670034,116.001165074069,88.1634112579044));
#3082=CARTESIAN_POINT('Ctrl Pts',(-82.8620562789208,114.578496344793,85.0047607494081));
#3083=CARTESIAN_POINT('Ctrl Pts',(-82.961304490838,111.153066467394,84.4875668757002));
#3084=CARTESIAN_POINT('Ctrl Pts',(-83.0605527027554,108.861249110355,87.0853799078452));
#3085=CARTESIAN_POINT('Ctrl Pts',(-83.1598009146727,109.801465747451,90.4196042589264));
#3086=CARTESIAN_POINT('Ctrl Pts',(-83.2590491265901,113.112840281716,91.4373753735785));
#3087=CARTESIAN_POINT('Ctrl Pts',(-83.3582973385073,115.763429784086,89.2068071415033));
#3088=CARTESIAN_POINT('Ctrl Pts',(-83.4575455504248,115.326315760011,85.7702404423162));
#3089=CARTESIAN_POINT('Ctrl Pts',(-83.5567937623419,112.201726199652,84.274245981338));
#3090=CARTESIAN_POINT('Ctrl Pts',(-83.6560419742594,109.250580979538,86.0885781554124));
#3091=CARTESIAN_POINT('Ctrl Pts',(-83.7552901861766,109.174991802927,89.5520079041354));
#3092=CARTESIAN_POINT('Ctrl Pts',(-83.854538398094,112.0441692248,91.4933683213695));
#3093=CARTESIAN_POINT('Ctrl Pts',(-83.9537866100113,115.231052456381,90.1351214303435));
#3094=CARTESIAN_POINT('Ctrl Pts',(-84.0530348219287,115.817684624785,86.7208979393649));
#3095=CARTESIAN_POINT('Ctrl Pts',(-84.1522830338459,113.266936742024,84.3768107854906));
#3096=CARTESIAN_POINT('Ctrl Pts',(-84.2515312457633,109.914310854649,85.249140433008));
#3097=CARTESIAN_POINT('Ctrl Pts',(-84.3507794576805,108.829520237015,88.5391691040152));
#3098=CARTESIAN_POINT('Ctrl Pts',(-84.450027669598,111.005815028948,91.2344984559097));
#3099=CARTESIAN_POINT('Ctrl Pts',(-84.5492758815152,114.450547920915,90.867245529637));
#3100=CARTESIAN_POINT('Ctrl Pts',(-84.6485240934327,116.009671090712,87.7736724819824));
#3101=CARTESIAN_POINT('Ctrl Pts',(-84.7477723053498,114.255628638964,84.7862999981114));
#3102=CARTESIAN_POINT('Ctrl Pts',(-84.8470205172673,110.794447335962,84.6404100333859));
#3103=CARTESIAN_POINT('Ctrl Pts',(-84.9462687291845,108.795235670649,87.4695814882051));
#3104=CARTESIAN_POINT('Ctrl Pts',(-85.0455169411019,110.088500452548,90.6833837984383));
#3105=CARTESIAN_POINT('Ctrl Pts',(-85.1447651530192,113.49011083787,91.3392122180816));
#3106=CARTESIAN_POINT('Ctrl Pts',(-85.2440133649365,115.885499907424,88.8365814411109));
#3107=CARTESIAN_POINT('Ctrl Pts',(-85.3432615768538,115.081420149293,85.4669351449995));
#3108=CARTESIAN_POINT('Ctrl Pts',(-85.4425097887712,111.814086674372,84.3155741977812));
#3109=CARTESIAN_POINT('Ctrl Pts',(-85.5417580006884,109.075143171567,86.4366942283164));
#3110=CARTESIAN_POINT('Ctrl Pts',(-85.6410062126058,109.372352906795,89.8881820594842));
#3111=CARTESIAN_POINT('Ctrl Pts',(-85.7402544245231,112.433698758509,91.5097727219002));
#3112=CARTESIAN_POINT('Ctrl Pts',(-85.8395026364405,115.455931069807,89.8167819712326));
#3113=CARTESIAN_POINT('Ctrl Pts',(-85.9387508483577,115.67234765596,86.3591940081964));
#3114=CARTESIAN_POINT('Ctrl Pts',(-86.0379990602752,112.883746096351,84.303127044346));
#3115=CARTESIAN_POINT('Ctrl Pts',(-86.1372472721924,109.645612329908,85.5305101832157));
#3116=CARTESIAN_POINT('Ctrl Pts',(-86.2364954841097,108.918156205919,88.9188339999696));
#3117=CARTESIAN_POINT('Ctrl Pts',(-86.3357436960271,111.377048778097,91.3626754183549));
#3118=CARTESIAN_POINT('Ctrl Pts',(-86.4019091706386,113.623458742906,90.8727851641075));
#3119=CARTESIAN_POINT('Ctrl Pts',(-86.4349919079444,114.394053344452,90.206653524578));
#3120=CARTESIAN_POINT('Ctrl Pts',(-79.9168133333088,109.544839704391,88.6517082228839));
#3121=CARTESIAN_POINT('Ctrl Pts',(-79.9498960706145,109.798284454941,89.5983472117963));
#3122=CARTESIAN_POINT('Ctrl Pts',(-80.0160615452261,111.321714011967,91.2021668337405));
#3123=CARTESIAN_POINT('Ctrl Pts',(-80.1153097571434,114.599546248996,90.5855482362371));
#3124=CARTESIAN_POINT('Ctrl Pts',(-80.2145579690607,115.85139887131,87.4953502914483));
#3125=CARTESIAN_POINT('Ctrl Pts',(-80.3138061809781,113.937066017499,84.7685990251427));
#3126=CARTESIAN_POINT('Ctrl Pts',(-80.4130543928953,110.606322052403,84.8983875754657));
#3127=CARTESIAN_POINT('Ctrl Pts',(-80.5123026048126,108.91025371162,87.7675754431982));
#3128=CARTESIAN_POINT('Ctrl Pts',(-80.61155081673,110.401133745292,90.7482869510804));
#3129=CARTESIAN_POINT('Ctrl Pts',(-80.7107990286473,113.714209723165,91.1117218457176));
#3130=CARTESIAN_POINT('Ctrl Pts',(-80.8100472405647,115.815829154544,88.5249319270791));
#3131=CARTESIAN_POINT('Ctrl Pts',(-80.909295452482,114.781790651735,85.3565063021156));
#3132=CARTESIAN_POINT('Ctrl Pts',(-81.0085436643993,111.558840726025,84.5074607084521));
#3133=CARTESIAN_POINT('Ctrl Pts',(-81.1077918763166,109.097975722323,86.7552132255604));
#3134=CARTESIAN_POINT('Ctrl Pts',(-81.207040088234,109.652391874077,90.0416795135563));
#3135=CARTESIAN_POINT('Ctrl Pts',(-81.3062883001513,112.714461325029,91.3577274067855));
#3136=CARTESIAN_POINT('Ctrl Pts',(-81.4055365120686,115.480506777443,89.4983621209979));
#3137=CARTESIAN_POINT('Ctrl Pts',(-81.5047847239859,115.41789741154,86.1660466877044));
#3138=CARTESIAN_POINT('Ctrl Pts',(-81.6040329359032,112.583958883353,84.4118973560322));
#3139=CARTESIAN_POINT('Ctrl Pts',(-81.7032811478206,109.57348692318,85.8420391210011));
#3140=CARTESIAN_POINT('Ctrl Pts',(-81.8025293597378,109.142913575554,89.1470131700007));
#3141=CARTESIAN_POINT('Ctrl Pts',(-81.9017775716553,111.686478134012,91.3007370026212));
#3142=CARTESIAN_POINT('Ctrl Pts',(-82.0010257835725,114.875255687012,90.3312295705602));
#3143=CARTESIAN_POINT('Ctrl Pts',(-82.1002739954898,115.789554903213,87.1261860622904));
#3144=CARTESIAN_POINT('Ctrl Pts',(-82.1995222074072,113.59223005054,84.6201911596866));
#3145=CARTESIAN_POINT('Ctrl Pts',(-82.2987704193245,110.295183886636,85.1077704306621));
#3146=CARTESIAN_POINT('Ctrl Pts',(-82.3980186312418,108.91724007419,88.1424891660733));
#3147=CARTESIAN_POINT('Ctrl Pts',(-82.4972668431592,110.720064111073,90.945714531007));
#3148=CARTESIAN_POINT('Ctrl Pts',(-82.5965150550764,114.052963955299,90.9507724036541));
#3149=CARTESIAN_POINT('Ctrl Pts',(-82.6957632669939,115.864287789453,88.1530317220153));
#3150=CARTESIAN_POINT('Ctrl Pts',(-82.7950114789111,114.495561033098,85.1141447513594));
#3151=CARTESIAN_POINT('Ctrl Pts',(-82.8942596908285,111.20000991235,84.6165608243353));
#3152=CARTESIAN_POINT('Ctrl Pts',(-82.9935079027457,108.995089207545,87.1158750581674));
#3153=CARTESIAN_POINT('Ctrl Pts',(-83.0927561146631,109.899656547419,90.3236788055242));
#3154=CARTESIAN_POINT('Ctrl Pts',(-83.1920043265804,113.085476852665,91.3028600638201));
#3155=CARTESIAN_POINT('Ctrl Pts',(-83.2912525384977,115.635566481651,89.1568661593411));
#3156=CARTESIAN_POINT('Ctrl Pts',(-83.3905007504151,115.215026093001,85.8506004810525));
#3157=CARTESIAN_POINT('Ctrl Pts',(-83.4897489623324,112.208908614007,84.4113282148072));
#3158=CARTESIAN_POINT('Ctrl Pts',(-83.5889971742497,109.369659151683,86.1568680867892));
#3159=CARTESIAN_POINT('Ctrl Pts',(-83.688245386167,109.296936017766,89.488978273993));
#3160=CARTESIAN_POINT('Ctrl Pts',(-83.7874935980843,112.057325576655,91.3567299804294));
#3161=CARTESIAN_POINT('Ctrl Pts',(-83.8867418100016,115.12337479717,90.0499824409436));
#3162=CARTESIAN_POINT('Ctrl Pts',(-83.985990021919,115.687764193316,86.7652128047543));
#3163=CARTESIAN_POINT('Ctrl Pts',(-84.0852382338363,113.233730584502,84.510004167132));
#3164=CARTESIAN_POINT('Ctrl Pts',(-84.1844864457536,110.008223014347,85.3492585236451));
#3165=CARTESIAN_POINT('Ctrl Pts',(-84.2837346576709,108.964563367624,88.5145423163646));
#3166=CARTESIAN_POINT('Ctrl Pts',(-84.3829828695883,111.058341666212,91.1076754366851));
#3167=CARTESIAN_POINT('Ctrl Pts',(-84.4822310815056,114.372463907539,90.7543472892426));
#3168=CARTESIAN_POINT('Ctrl Pts',(-84.5814792934229,115.872471291579,87.7780702994323));
#3169=CARTESIAN_POINT('Ctrl Pts',(-84.6807275053402,114.184935194041,84.9039671679484));
#3170=CARTESIAN_POINT('Ctrl Pts',(-84.7799757172576,110.854988200386,84.76360877383));
#3171=CARTESIAN_POINT('Ctrl Pts',(-84.8792239291749,108.931578736452,87.4855092337499));
#3172=CARTESIAN_POINT('Ctrl Pts',(-84.9784721410922,110.175808031447,90.5774568678936));
#3173=CARTESIAN_POINT('Ctrl Pts',(-85.0777203530096,113.448442801073,91.2084188670382));
#3174=CARTESIAN_POINT('Ctrl Pts',(-85.1769685649268,115.753008188583,88.800677953619));
#3175=CARTESIAN_POINT('Ctrl Pts',(-85.2762167768442,114.979415955514,85.5587953213276));
#3176=CARTESIAN_POINT('Ctrl Pts',(-85.3754649887615,111.835966846783,84.4510894286965));
#3177=CARTESIAN_POINT('Ctrl Pts',(-85.4747132006788,109.200873251701,86.4917849746749));
#3178=CARTESIAN_POINT('Ctrl Pts',(-85.5739614125962,109.48681396895,89.8124060346182));
#3179=CARTESIAN_POINT('Ctrl Pts',(-85.6732096245134,112.432085690662,91.3725123909558));
#3180=CARTESIAN_POINT('Ctrl Pts',(-85.7724578364308,115.339726902754,89.743713155394));
#3181=CARTESIAN_POINT('Ctrl Pts',(-85.8717060483481,115.547937827681,86.4172232564626));
#3182=CARTESIAN_POINT('Ctrl Pts',(-85.9709542602654,112.86506901296,84.4391142221028));
#3183=CARTESIAN_POINT('Ctrl Pts',(-86.0702024721827,109.749712475219,85.6199598454731));
#3184=CARTESIAN_POINT('Ctrl Pts',(-86.1694506841001,109.049838611057,88.8798118206759));
#3185=CARTESIAN_POINT('Ctrl Pts',(-86.2686988960174,111.415499699468,91.2309924355316));
#3186=CARTESIAN_POINT('Ctrl Pts',(-86.3348643706289,113.576734680814,90.7596768826778));
#3187=CARTESIAN_POINT('Ctrl Pts',(-86.3679471079347,114.318111382034,90.1188023210057));
#3188=CARTESIAN_POINT('Ctrl Pts',(-79.8497685332991,109.657013953174,88.6216756816154));
#3189=CARTESIAN_POINT('Ctrl Pts',(-79.8828512706049,109.90047036251,89.5310073157415));
#3190=CARTESIAN_POINT('Ctrl Pts',(-79.9490167452164,111.363861058216,91.0716198773915));
#3191=CARTESIAN_POINT('Ctrl Pts',(-80.0482649571338,114.512512845644,90.479302422197));
#3192=CARTESIAN_POINT('Ctrl Pts',(-80.147513169051,115.71502954321,87.5108901976633));
#3193=CARTESIAN_POINT('Ctrl Pts',(-80.2467613809684,113.876141178579,84.8916010981366));
#3194=CARTESIAN_POINT('Ctrl Pts',(-80.3460095928857,110.676662931738,85.0162746388829));
#3195=CARTESIAN_POINT('Ctrl Pts',(-80.4452578048031,109.047437203685,87.7723868663938));
#3196=CARTESIAN_POINT('Ctrl Pts',(-80.5445060167204,110.479561163488,90.6356275506117));
#3197=CARTESIAN_POINT('Ctrl Pts',(-80.6437542286376,113.66206772431,90.9847393561785));
#3198=CARTESIAN_POINT('Ctrl Pts',(-80.743002440555,115.680861640714,88.4998956814432));
#3199=CARTESIAN_POINT('Ctrl Pts',(-80.8422506524723,114.687574936361,85.4563387554127));
#3200=CARTESIAN_POINT('Ctrl Pts',(-80.9414988643896,111.591642530261,84.640754328639));
#3201=CARTESIAN_POINT('Ctrl Pts',(-81.0407470763071,109.227761028029,86.799922177664));
#3202=CARTESIAN_POINT('Ctrl Pts',(-81.1399952882242,109.760327456378,89.9568677452634));
#3203=CARTESIAN_POINT('Ctrl Pts',(-81.2392435001417,112.701719740295,91.2210497569437));
#3204=CARTESIAN_POINT('Ctrl Pts',(-81.3384917120589,115.358754429095,89.4349626703499));
#3205=CARTESIAN_POINT('Ctrl Pts',(-81.4377399239763,115.298612518953,86.2339748873919));
#3206=CARTESIAN_POINT('Ctrl Pts',(-81.5369881358935,112.576360442889,84.5489571594578));
#3207=CARTESIAN_POINT('Ctrl Pts',(-81.636236347811,109.684532175621,85.9227365657608));
#3208=CARTESIAN_POINT('Ctrl Pts',(-81.7354845597282,109.270927865643,89.0974604973982));
#3209=CARTESIAN_POINT('Ctrl Pts',(-81.8347327716456,111.714249705899,91.1663053634049));
#3210=CARTESIAN_POINT('Ctrl Pts',(-81.9339809835628,114.777356483769,90.2350065390174));
#3211=CARTESIAN_POINT('Ctrl Pts',(-82.0332291954802,115.655622866294,87.1562748525392));
#3212=CARTESIAN_POINT('Ctrl Pts',(-82.1324774073975,113.544895310816,84.749042035608));
#3213=CARTESIAN_POINT('Ctrl Pts',(-82.2317256193148,110.377786823708,85.2174056466945));
#3214=CARTESIAN_POINT('Ctrl Pts',(-82.3309738312322,109.054148231402,88.1325251157913));
#3215=CARTESIAN_POINT('Ctrl Pts',(-82.4302220431495,110.78592237836,90.8252744444953));
#3216=CARTESIAN_POINT('Ctrl Pts',(-82.5294702550668,113.987471540423,90.8301329847131));
#3217=CARTESIAN_POINT('Ctrl Pts',(-82.6287184669842,115.727410504838,88.1426521861262));
#3218=CARTESIAN_POINT('Ctrl Pts',(-82.7279666789015,114.412625721402,85.2235287533106));
#3219=CARTESIAN_POINT('Ctrl Pts',(-82.8272148908188,111.246953357307,84.7455547729704));
#3220=CARTESIAN_POINT('Ctrl Pts',(-82.9264631027361,109.128929304734,87.1463702084897));
#3221=CARTESIAN_POINT('Ctrl Pts',(-83.0257113146534,109.997847347388,90.2277533521219));
#3222=CARTESIAN_POINT('Ctrl Pts',(-83.1249595265707,113.058113423613,91.1683447540617));
#3223=CARTESIAN_POINT('Ctrl Pts',(-83.2242077384881,115.507703179216,89.1069251771788));
#3224=CARTESIAN_POINT('Ctrl Pts',(-83.3234559504055,115.103736425991,85.9309605197887));
#3225=CARTESIAN_POINT('Ctrl Pts',(-83.4227041623227,112.216091028363,84.5484104482764));
#3226=CARTESIAN_POINT('Ctrl Pts',(-83.5219523742401,109.488737323829,86.2251580181661));
#3227=CARTESIAN_POINT('Ctrl Pts',(-83.6212005861573,109.418880232606,89.4259486438506));
#3228=CARTESIAN_POINT('Ctrl Pts',(-83.7204487980748,112.07048192851,91.2200916394893));
#3229=CARTESIAN_POINT('Ctrl Pts',(-83.8196970099919,115.015697137958,89.9648434515438));
#3230=CARTESIAN_POINT('Ctrl Pts',(-83.9189452219095,115.557843761848,86.8095276701436));
#3231=CARTESIAN_POINT('Ctrl Pts',(-84.0181934338266,113.200524426979,84.6431975487736));
#3232=CARTESIAN_POINT('Ctrl Pts',(-84.117441645744,110.102135174045,85.4493766142821));
#3233=CARTESIAN_POINT('Ctrl Pts',(-84.2166898576612,109.099606498233,88.4899155287139));
#3234=CARTESIAN_POINT('Ctrl Pts',(-84.3159380695787,111.110868303475,90.9808524174604));
#3235=CARTESIAN_POINT('Ctrl Pts',(-84.4151862814959,114.294379894164,90.6414490488481));
#3236=CARTESIAN_POINT('Ctrl Pts',(-84.5144344934134,115.735271492445,87.782468116882));
#3237=CARTESIAN_POINT('Ctrl Pts',(-84.6136827053305,114.114241749118,85.0216343377855));
#3238=CARTESIAN_POINT('Ctrl Pts',(-84.712930917248,110.915529064811,84.8868075142742));
#3239=CARTESIAN_POINT('Ctrl Pts',(-84.8121791291652,109.067921802255,87.5014369792947));
#3240=CARTESIAN_POINT('Ctrl Pts',(-84.9114273410825,110.263115610346,90.471529937349));
#3241=CARTESIAN_POINT('Ctrl Pts',(-85.0106755529999,113.406774764277,91.0776255159947));
#3242=CARTESIAN_POINT('Ctrl Pts',(-85.1099237649171,115.620516469741,88.764774466127));
#3243=CARTESIAN_POINT('Ctrl Pts',(-85.2091719768347,114.877411761735,85.6506554976558));
#3244=CARTESIAN_POINT('Ctrl Pts',(-85.3084201887518,111.857847019194,84.5866046596117));
#3245=CARTESIAN_POINT('Ctrl Pts',(-85.4076684006692,109.326603331836,86.5468757210334));
#3246=CARTESIAN_POINT('Ctrl Pts',(-85.5069166125865,109.601275031105,89.7366300097523));
#3247=CARTESIAN_POINT('Ctrl Pts',(-85.6061648245038,112.430472622815,91.2352520600112));
#3248=CARTESIAN_POINT('Ctrl Pts',(-85.7054130364211,115.223522735702,89.6706443395556));
#3249=CARTESIAN_POINT('Ctrl Pts',(-85.8046612483385,115.423527999402,86.4752525047287));
#3250=CARTESIAN_POINT('Ctrl Pts',(-85.9039094602558,112.846391929569,84.5751013998598));
#3251=CARTESIAN_POINT('Ctrl Pts',(-86.0031576721731,109.853812620529,85.7094095077305));
#3252=CARTESIAN_POINT('Ctrl Pts',(-86.1024058840904,109.181521016196,88.8407896413823));
#3253=CARTESIAN_POINT('Ctrl Pts',(-86.2016540960078,111.453950620838,91.0993094527084));
#3254=CARTESIAN_POINT('Ctrl Pts',(-86.2678195706193,113.530010618722,90.6465686012482));
#3255=CARTESIAN_POINT('Ctrl Pts',(-86.3009023079251,114.242169419616,90.0309511174335));
#3256=CARTESIAN_POINT('Ctrl Pts',(-86.3009023079251,114.242169419616,90.0309511174335));
#3257=CARTESIAN_POINT('Ctrl Pts',(-86.3009023079251,114.175775434595,90.0957982536712));
#3258=CARTESIAN_POINT('Ctrl Pts',(-86.3009023079251,114.106160007406,90.1568991480702));
#3259=CARTESIAN_POINT('Ctrl Pts',(-86.3009023079251,114.033718768165,90.2142638226164));
#3260=CARTESIAN_POINT('Ctrl Pts',(-86.3009023079251,113.959292429908,90.2732004547956));
#3261=CARTESIAN_POINT('Ctrl Pts',(-86.3009023079251,113.88188276768,90.3281936791639));
#3262=CARTESIAN_POINT('Ctrl Pts',(-86.3009023079251,113.801874696501,90.3792216842889));
#3263=CARTESIAN_POINT('Ctrl Pts',(-86.3009023079251,113.719434529378,90.4318008454722));
#3264=CARTESIAN_POINT('Ctrl Pts',(-86.3009023079251,113.634234939599,90.480170545336));
#3265=CARTESIAN_POINT('Ctrl Pts',(-86.3009023079251,113.546659711378,90.5242658859968));
#3266=CARTESIAN_POINT('Ctrl Pts',(-86.3009023079251,113.506433683141,90.5445202484981));
#3267=CARTESIAN_POINT('Ctrl Pts',(-86.3009023079251,113.465705983035,90.5638721797096));
#3268=CARTESIAN_POINT('Ctrl Pts',(-86.3009023079251,113.424511884513,90.5823121708713));
#3269=CARTESIAN_POINT('Ctrl Pts',(-86.3009023079251,113.401517124717,90.5926054697327));
#3270=CARTESIAN_POINT('Ctrl Pts',(-86.3009023079251,113.378377019998,90.6026145770169));
#3271=CARTESIAN_POINT('Ctrl Pts',(-86.3009023079251,113.355097585915,90.6123375476004));
#3272=CARTESIAN_POINT('Ctrl Pts',(-86.3009023079251,113.341140413102,90.6181669496469));
#3273=CARTESIAN_POINT('Ctrl Pts',(-86.3009023079251,113.327133155502,90.6238934930577));
#3274=CARTESIAN_POINT('Ctrl Pts',(-86.3009023079251,113.313077097586,90.6295167215794));
#3275=CARTESIAN_POINT('Ctrl Pts',(-86.3009023079251,113.2998695008,90.6348005170356));
#3276=CARTESIAN_POINT('Ctrl Pts',(-86.3009023079251,113.286627527645,90.6399896022156));
#3277=CARTESIAN_POINT('Ctrl Pts',(-86.3009023079251,113.273353669087,90.6450834730372));
#3278=CARTESIAN_POINT('Ctrl Pts',(-86.3009023079251,113.180885217702,90.6805684335228));
#3279=CARTESIAN_POINT('Ctrl Pts',(-86.3009023079251,113.086852762471,90.711443962709));
#3280=CARTESIAN_POINT('Ctrl Pts',(-86.3009023079251,112.991664186018,90.7376820627321));
#3281=CARTESIAN_POINT('Ctrl Pts',(-86.3009023079251,112.895341472296,90.7642327801742));
#3282=CARTESIAN_POINT('Ctrl Pts',(-86.3009023079251,112.797834090747,90.7860352799807));
#3283=CARTESIAN_POINT('Ctrl Pts',(-86.3009023079251,112.699535932004,90.8030156766431));
#3284=CARTESIAN_POINT('Ctrl Pts',(-86.3009023079251,112.603923621562,90.8195321096861));
#3285=CARTESIAN_POINT('Ctrl Pts',(-86.3009023079251,112.507562266167,90.831486425881));
#3286=CARTESIAN_POINT('Ctrl Pts',(-86.3009023079251,112.410800289592,90.8387655860722));
#3287=CARTESIAN_POINT('Ctrl Pts',(-86.3009023079251,112.369682166912,90.8418587990506));
#3288=CARTESIAN_POINT('Ctrl Pts',(-86.3009023079251,112.32849160192,90.8441072246189));
#3289=CARTESIAN_POINT('Ctrl Pts',(-86.3009023079251,112.287255118615,90.8454995682671));
#3290=CARTESIAN_POINT('Ctrl Pts',(-86.3009023079251,112.267317653865,90.8461727537616));
#3291=CARTESIAN_POINT('Ctrl Pts',(-86.3009023079251,112.247369455263,90.8466457945102));
#3292=CARTESIAN_POINT('Ctrl Pts',(-86.3009023079251,112.227413527652,90.8469172765065));
#3293=CARTESIAN_POINT('Ctrl Pts',(-86.3009023079251,112.208016918058,90.8471811494969));
#3294=CARTESIAN_POINT('Ctrl Pts',(-86.3009023079251,112.188608800185,90.8472544759509));
#3295=CARTESIAN_POINT('Ctrl Pts',(-86.3009023079251,112.169220046723,90.847136351492));
#3296=CARTESIAN_POINT('Ctrl Pts',(-86.3009023079251,112.063880771485,90.8464945802242));
#3297=CARTESIAN_POINT('Ctrl Pts',(-86.3009023079251,111.958964182843,90.8402107689742));
#3298=CARTESIAN_POINT('Ctrl Pts',(-86.3009023079251,111.854918203601,90.828207515699));
#3299=CARTESIAN_POINT('Ctrl Pts',(-86.3009023079251,111.750872224359,90.8162042624239));
#3300=CARTESIAN_POINT('Ctrl Pts',(-86.3009023079251,111.647695723908,90.7984819213864));
#3301=CARTESIAN_POINT('Ctrl Pts',(-86.3009023079251,111.545826949959,90.7749025804441));
#3302=CARTESIAN_POINT('Ctrl Pts',(-86.3009023079251,111.449767479218,90.7526679061319));
#3303=CARTESIAN_POINT('Ctrl Pts',(-86.3009023079251,111.354869996158,90.7252248367829));
#3304=CARTESIAN_POINT('Ctrl Pts',(-86.3009023079251,111.261387955144,90.6928644151005));
#3305=CARTESIAN_POINT('Ctrl Pts',(-86.3009023079251,111.205643397306,90.6735674744414));
#3306=CARTESIAN_POINT('Ctrl Pts',(-86.3009023079251,111.150402326841,90.6525209564085));
#3307=CARTESIAN_POINT('Ctrl Pts',(-86.3009023079251,111.095721074318,90.629778318698));
#3308=CARTESIAN_POINT('Ctrl Pts',(-86.3009023079251,111.077962453795,90.6223922795319));
#3309=CARTESIAN_POINT('Ctrl Pts',(-86.3009023079251,111.060259449918,90.6148256764489));
#3310=CARTESIAN_POINT('Ctrl Pts',(-86.3009023079251,111.042638665356,90.6070913461568));
#3311=CARTESIAN_POINT('Ctrl Pts',(-86.3009023079251,110.951943382194,90.5672822631137));
#3312=CARTESIAN_POINT('Ctrl Pts',(-86.3009023079251,110.86330100606,90.5229841611848));
#3313=CARTESIAN_POINT('Ctrl Pts',(-86.3009023079251,110.776946881945,90.4745372070263));
#3314=CARTESIAN_POINT('Ctrl Pts',(-86.3009023079251,110.687590036245,90.4244056464119));
#3315=CARTESIAN_POINT('Ctrl Pts',(-86.3009023079251,110.600682605606,90.369831445));
#3316=CARTESIAN_POINT('Ctrl Pts',(-86.3009023079251,110.516496492422,90.3111369989292));
#3317=CARTESIAN_POINT('Ctrl Pts',(-86.3009023079251,110.431690378769,90.252010289357));
#3318=CARTESIAN_POINT('Ctrl Pts',(-86.3009023079251,110.349645042424,90.1887019012856));
#3319=CARTESIAN_POINT('Ctrl Pts',(-86.3009023079251,110.270661018265,90.1214932450384));
#3320=CARTESIAN_POINT('Ctrl Pts',(-86.3009023079251,110.218581823527,90.0771782999079));
#3321=CARTESIAN_POINT('Ctrl Pts',(-86.3009023079251,110.167834047619,90.0311666985235));
#3322=CARTESIAN_POINT('Ctrl Pts',(-86.3009023079251,110.118511667849,89.9835294855771));
#3323=CARTESIAN_POINT('Ctrl Pts',(-86.3009023079251,110.106791646988,89.9722098953202));
#3324=CARTESIAN_POINT('Ctrl Pts',(-86.3009023079251,110.095150476048,89.9607968245955));
#3325=CARTESIAN_POINT('Ctrl Pts',(-86.3009023079251,110.083594945748,89.9492966263175));
#3326=CARTESIAN_POINT('Ctrl Pts',(-86.3009023079251,110.008994509213,89.8750534034146));
#3327=CARTESIAN_POINT('Ctrl Pts',(-86.3009023079251,109.938105247456,89.7973281792841));
#3328=CARTESIAN_POINT('Ctrl Pts',(-86.3009023079251,109.87122153738,89.7164347444552));
#3329=CARTESIAN_POINT('Ctrl Pts',(-86.3009023079251,109.814232867742,89.647509004121));
#3330=CARTESIAN_POINT('Ctrl Pts',(-86.3009023079251,109.760152328363,89.5762821242599));
#3331=CARTESIAN_POINT('Ctrl Pts',(-86.3009023079251,109.709180722138,89.5029251741854));
#3332=CARTESIAN_POINT('Ctrl Pts',(-86.3009023079251,109.685203697673,89.4684180923635));
#3333=CARTESIAN_POINT('Ctrl Pts',(-86.3009023079251,109.66191488775,89.4334394018606));
#3334=CARTESIAN_POINT('Ctrl Pts',(-86.3009023079251,109.63933686532,89.3980055683548));
#3335=CARTESIAN_POINT('Ctrl Pts',(-86.3009023079251,109.6289167209,89.3816522467287));
#3336=CARTESIAN_POINT('Ctrl Pts',(-86.3009023079251,109.618648223304,89.3652021763332));
#3337=CARTESIAN_POINT('Ctrl Pts',(-86.3009023079251,109.60854069179,89.3486689228018));
#3338=CARTESIAN_POINT('Ctrl Pts',(-86.3009023079251,109.55390206165,89.2592945465294));
#3339=CARTESIAN_POINT('Ctrl Pts',(-86.300902307925,109.503908244384,89.1674054200551));
#3340=CARTESIAN_POINT('Ctrl Pts',(-86.300902307925,109.45886864122,89.0732835860231));
#3341=CARTESIAN_POINT('Ctrl Pts',(-86.300902307925,109.415158454242,88.9819399090101));
#3342=CARTESIAN_POINT('Ctrl Pts',(-86.300902307925,109.376113863186,88.8884927090154));
#3343=CARTESIAN_POINT('Ctrl Pts',(-86.300902307925,109.342056512791,88.7931733945224));
#3344=CARTESIAN_POINT('Ctrl Pts',(-86.300902307925,109.33264047646,88.7668199020182));
#3345=CARTESIAN_POINT('Ctrl Pts',(-86.300902307925,109.32360591792,88.7403231796221));
#3346=CARTESIAN_POINT('Ctrl Pts',(-86.300902307925,109.314950663711,88.7136906811305));
#3347=CARTESIAN_POINT('Ctrl Pts',(-85.6049971033932,112.391371505688,90.7248902972179));
#3348=CARTESIAN_POINT('Ctrl Pts',(-85.6053863437634,112.402397383283,90.7249018790501));
#3349=CARTESIAN_POINT('Ctrl Pts',(-85.6057755841336,112.413423130141,90.7248431590958));
#3350=CARTESIAN_POINT('Ctrl Pts',(-85.6061648245038,112.424448043011,90.7247137648921));
#3351=CARTESIAN_POINT('Ctrl Pts',(-85.6392475618096,113.361489327111,90.7137161531926));
#3352=CARTESIAN_POINT('Ctrl Pts',(-85.6723302991153,114.292506031406,90.1921802463741));
#3353=CARTESIAN_POINT('Ctrl Pts',(-85.7054130364211,114.791348594171,89.3988469871604));
#3354=CARTESIAN_POINT('Ctrl Pts',(-85.7384957737269,115.290191156935,88.6055137279466));
#3355=CARTESIAN_POINT('Ctrl Pts',(-85.7715785110327,115.356859578168,87.5403831163376));
#3356=CARTESIAN_POINT('Ctrl Pts',(-85.8046612483385,114.96067111048,86.6911259597217));
#3357=CARTESIAN_POINT('Ctrl Pts',(-85.8377439856443,114.564482642791,85.8418688031057));
#3358=CARTESIAN_POINT('Ctrl Pts',(-85.87082672295,113.70543728618,85.2084851014828));
#3359=CARTESIAN_POINT('Ctrl Pts',(-85.9039094602558,112.777151389701,85.0808446019831));
#3360=CARTESIAN_POINT('Ctrl Pts',(-85.9369921975615,111.848865493222,84.9532041024834));
#3361=CARTESIAN_POINT('Ctrl Pts',(-85.9700749348673,110.851339056876,85.3313068051069));
#3362=CARTESIAN_POINT('Ctrl Pts',(-86.0031576721731,110.24052723798,86.0422548453607));
#3363=CARTESIAN_POINT('Ctrl Pts',(-86.0362404094789,109.629715419085,86.7532028856144));
#3364=CARTESIAN_POINT('Ctrl Pts',(-86.0693231467846,109.40561821764,87.7969962634984));
#3365=CARTESIAN_POINT('Ctrl Pts',(-86.1024058840904,109.672307884359,88.6953129209947));
#3366=CARTESIAN_POINT('Ctrl Pts',(-86.1354886213962,109.938997551077,89.593629578491));
#3367=CARTESIAN_POINT('Ctrl Pts',(-86.168571358702,110.696474085957,90.3464695155997));
#3368=CARTESIAN_POINT('Ctrl Pts',(-86.2016540960078,111.594227352869,90.609704271289));
#3369=CARTESIAN_POINT('Ctrl Pts',(-86.2111017651362,111.850605044545,90.6848780651587));
#3370=CARTESIAN_POINT('Ctrl Pts',(-86.2205494342648,112.11842289672,90.7201224867441));
#3371=CARTESIAN_POINT('Ctrl Pts',(-86.2299971033932,112.386824318404,90.7177748779642));
#3372=CARTESIAN_POINT('Ctrl Pts',(-80.050902933328,109.320491206826,88.7117733054209));
#3373=CARTESIAN_POINT('Ctrl Pts',(-80.050902933328,109.352670082513,88.8102787538345));
#3374=CARTESIAN_POINT('Ctrl Pts',(-80.050902933328,109.38999306421,88.9068744639799));
#3375=CARTESIAN_POINT('Ctrl Pts',(-80.050902933328,109.43213106539,89.0013217488735));
#3376=CARTESIAN_POINT('Ctrl Pts',(-80.050902933328,109.475028605775,89.0974714499618));
#3377=CARTESIAN_POINT('Ctrl Pts',(-80.050902933328,109.522916886992,89.1913952617955));
#3378=CARTESIAN_POINT('Ctrl Pts',(-80.050902933328,109.575494491778,89.2828135749337));
#3379=CARTESIAN_POINT('Ctrl Pts',(-80.050902933328,109.590268556898,89.3085017004582));
#3380=CARTESIAN_POINT('Ctrl Pts',(-80.050902933328,109.605413127254,89.3339917949027));
#3381=CARTESIAN_POINT('Ctrl Pts',(-80.050902933328,109.620922052068,89.3592771533282));
#3382=CARTESIAN_POINT('Ctrl Pts',(-80.050902933328,109.632984589765,89.3789436094379));
#3383=CARTESIAN_POINT('Ctrl Pts',(-80.050902933328,109.645268583007,89.3984875996083));
#3384=CARTESIAN_POINT('Ctrl Pts',(-80.050902933328,109.657759260642,89.4178879440814));
#3385=CARTESIAN_POINT('Ctrl Pts',(-80.050902933328,109.714573054668,89.5061303282917));
#3386=CARTESIAN_POINT('Ctrl Pts',(-80.050902933328,109.775711013889,89.5914893330785));
#3387=CARTESIAN_POINT('Ctrl Pts',(-80.050902933328,109.840862007605,89.6736965884399));
#3388=CARTESIAN_POINT('Ctrl Pts',(-80.050902933328,109.892586712222,89.7389626075497));
#3389=CARTESIAN_POINT('Ctrl Pts',(-80.050902933328,109.946841894811,89.8022415899104));
#3390=CARTESIAN_POINT('Ctrl Pts',(-80.050902933328,110.003487872592,89.8633821926166));
#3391=CARTESIAN_POINT('Ctrl Pts',(-80.050902933328,110.024240536628,89.8857814950313));
#3392=CARTESIAN_POINT('Ctrl Pts',(-80.050902933328,110.04531420507,89.9078936264321));
#3393=CARTESIAN_POINT('Ctrl Pts',(-80.050902933328,110.066702383841,89.9297105514745));
#3394=CARTESIAN_POINT('Ctrl Pts',(-80.050902933328,110.083449436141,89.9467933142766));
#3395=CARTESIAN_POINT('Ctrl Pts',(-80.050902933328,110.100393558764,89.9636990575782));
#3396=CARTESIAN_POINT('Ctrl Pts',(-80.050902933328,110.117507739793,89.9804008725958));
#3397=CARTESIAN_POINT('Ctrl Pts',(-80.050902933328,110.191685123551,90.0527909530738));
#3398=CARTESIAN_POINT('Ctrl Pts',(-80.050902933328,110.269121627515,90.1214251645125));
#3399=CARTESIAN_POINT('Ctrl Pts',(-80.050902933328,110.349519019982,90.1860506967107));
#3400=CARTESIAN_POINT('Ctrl Pts',(-80.050902933328,110.432020506997,90.2523675552788));
#3401=CARTESIAN_POINT('Ctrl Pts',(-80.050902933328,110.51764054009,90.3144639997163));
#3402=CARTESIAN_POINT('Ctrl Pts',(-80.050902933328,110.606089904623,90.3720202599167));
#3403=CARTESIAN_POINT('Ctrl Pts',(-80.050902933328,110.68952092432,90.4263109549802));
#3404=CARTESIAN_POINT('Ctrl Pts',(-80.050902933328,110.775470155468,90.4765621223675));
#3405=CARTESIAN_POINT('Ctrl Pts',(-80.050902933328,110.863712529578,90.5224589914944));
#3406=CARTESIAN_POINT('Ctrl Pts',(-80.050902933328,110.911814526146,90.5474779357769));
#3407=CARTESIAN_POINT('Ctrl Pts',(-80.050902933328,110.960598166879,90.5712021819017));
#3408=CARTESIAN_POINT('Ctrl Pts',(-80.050902933328,111.010028162768,90.593574275427));
#3409=CARTESIAN_POINT('Ctrl Pts',(-80.050902933328,111.027456927417,90.6014625615928));
#3410=CARTESIAN_POINT('Ctrl Pts',(-80.050902933328,111.044966053483,90.6091826998781));
#3411=CARTESIAN_POINT('Ctrl Pts',(-80.050902933328,111.062554005199,90.6167320248578));
#3412=CARTESIAN_POINT('Ctrl Pts',(-80.050902933328,111.074614078054,90.6219086031618));
#3413=CARTESIAN_POINT('Ctrl Pts',(-80.050902933328,111.086709523439,90.6270040956045));
#3414=CARTESIAN_POINT('Ctrl Pts',(-80.050902933328,111.098831366063,90.6320143309572));
#3415=CARTESIAN_POINT('Ctrl Pts',(-80.050902933328,111.190697862811,90.6699848593691));
#3416=CARTESIAN_POINT('Ctrl Pts',(-80.050902933328,111.284214557006,90.7031211513349));
#3417=CARTESIAN_POINT('Ctrl Pts',(-80.050902933328,111.379138167672,90.7311578468103));
#3418=CARTESIAN_POINT('Ctrl Pts',(-80.050902933328,111.408839208231,90.7399303642441));
#3419=CARTESIAN_POINT('Ctrl Pts',(-80.050902933328,111.438678120369,90.7482032599358));
#3420=CARTESIAN_POINT('Ctrl Pts',(-80.050902933328,111.468647760052,90.7559673912002));
#3421=CARTESIAN_POINT('Ctrl Pts',(-80.050902933328,111.565069888498,90.7809471397043));
#3422=CARTESIAN_POINT('Ctrl Pts',(-80.050902933328,111.66284490899,90.8006645388707));
#3423=CARTESIAN_POINT('Ctrl Pts',(-80.050902933328,111.761575914857,90.8152402718979));
#3424=CARTESIAN_POINT('Ctrl Pts',(-80.050902933328,111.861475564557,90.8299885326975));
#3425=CARTESIAN_POINT('Ctrl Pts',(-80.050902933328,111.962354930456,90.8394725199194));
#3426=CARTESIAN_POINT('Ctrl Pts',(-80.050902933328,112.063799022547,90.8437645851038));
#3427=CARTESIAN_POINT('Ctrl Pts',(-80.050902933328,112.1019732984,90.8453797257883));
#3428=CARTESIAN_POINT('Ctrl Pts',(-80.050902933328,112.140227430288,90.846259132512));
#3429=CARTESIAN_POINT('Ctrl Pts',(-80.050902933328,112.178538729619,90.8464048371353));
#3430=CARTESIAN_POINT('Ctrl Pts',(-80.050902933328,112.196425612596,90.8464728641036));
#3431=CARTESIAN_POINT('Ctrl Pts',(-80.050902933328,112.214327312037,90.8463808165454));
#3432=CARTESIAN_POINT('Ctrl Pts',(-80.050902933328,112.232218311614,90.8461294421055));
#3433=CARTESIAN_POINT('Ctrl Pts',(-80.050902933328,112.332050966442,90.8447267604059));
#3434=CARTESIAN_POINT('Ctrl Pts',(-80.050902933328,112.431704789822,90.8383696241512));
#3435=CARTESIAN_POINT('Ctrl Pts',(-80.050902933328,112.530789140008,90.8271970609363));
#3436=CARTESIAN_POINT('Ctrl Pts',(-80.050902933328,112.630265602901,90.815980283837));
#3437=CARTESIAN_POINT('Ctrl Pts',(-80.050902933328,112.729169031784,90.799909624871));
#3438=CARTESIAN_POINT('Ctrl Pts',(-80.050902933328,112.827096665402,90.7790737248839));
#3439=CARTESIAN_POINT('Ctrl Pts',(-80.050902933328,112.923876673635,90.7584820032442));
#3440=CARTESIAN_POINT('Ctrl Pts',(-80.050902933328,113.0197044872,90.7332357156085));
#3441=CARTESIAN_POINT('Ctrl Pts',(-80.050902933328,113.114170576738,90.7033745515191));
#3442=CARTESIAN_POINT('Ctrl Pts',(-80.050902933328,113.164114820434,90.6875869470609));
#3443=CARTESIAN_POINT('Ctrl Pts',(-80.0509029333281,113.213678001456,90.6705086334592));
#3444=CARTESIAN_POINT('Ctrl Pts',(-80.0509029333281,113.262795968275,90.6521407010024));
#3445=CARTESIAN_POINT('Ctrl Pts',(-80.0509029333281,113.279308905263,90.6459655978599));
#3446=CARTESIAN_POINT('Ctrl Pts',(-80.050902933328,113.295771498025,90.6396447112064));
#3447=CARTESIAN_POINT('Ctrl Pts',(-80.050902933328,113.312181230268,90.6331780027744));
#3448=CARTESIAN_POINT('Ctrl Pts',(-80.050902933328,113.326523305271,90.6275261118121));
#3449=CARTESIAN_POINT('Ctrl Pts',(-80.0509029333281,113.340818024498,90.62176554357));
#3450=CARTESIAN_POINT('Ctrl Pts',(-80.0509029333281,113.355057758158,90.6158991727554));
#3451=CARTESIAN_POINT('Ctrl Pts',(-80.0509029333281,113.44556422391,90.5786130477574));
#3452=CARTESIAN_POINT('Ctrl Pts',(-80.0509029333281,113.533929925285,90.5370255742594));
#3453=CARTESIAN_POINT('Ctrl Pts',(-80.0509029333281,113.619779356438,90.4912207102723));
#3454=CARTESIAN_POINT('Ctrl Pts',(-80.0509029333281,113.704366561541,90.4460893055243));
#3455=CARTESIAN_POINT('Ctrl Pts',(-80.0509029333281,113.786511705741,90.3968632365521));
#3456=CARTESIAN_POINT('Ctrl Pts',(-80.0509029333281,113.865828553707,90.3435808434729));
#3457=CARTESIAN_POINT('Ctrl Pts',(-80.0509029333281,113.942633373354,90.2919859466033));
#3458=CARTESIAN_POINT('Ctrl Pts',(-80.0509029333281,114.016786738917,90.2365871843616));
#3459=CARTESIAN_POINT('Ctrl Pts',(-80.0509029333281,114.087903211166,90.1773855760663));
#3460=CARTESIAN_POINT('Ctrl Pts',(-80.0509029333281,114.123047115536,90.1481296864714));
#3461=CARTESIAN_POINT('Ctrl Pts',(-80.0509029333281,114.157448795067,90.1179446210775));
#3462=CARTESIAN_POINT('Ctrl Pts',(-80.0509029333281,114.191057854474,90.0868277460142));
#3463=CARTESIAN_POINT('Ctrl Pts',(-80.0509029333281,114.209372356354,90.069871304005));
#3464=CARTESIAN_POINT('Ctrl Pts',(-80.0509029333281,114.227451439933,90.0526381282168));
#3465=CARTESIAN_POINT('Ctrl Pts',(-80.0509029333281,114.245292246654,90.0351344743344));
#3466=CARTESIAN_POINT('Origin',(-86.3009023079251,207.666224917182,167.539730078861));
#3467=CARTESIAN_POINT('',(-86.300902307925,107.391155613357,85.0029094290876));
#3468=CARTESIAN_POINT('',(-86.300902307925,112.391155613357,82.1161580831394));
#3469=CARTESIAN_POINT('',(-86.300902307925,129.937060744716,71.986025032374));
#3470=CARTESIAN_POINT('',(-86.3009023079251,107.391155613357,90.7764121209838));
#3471=CARTESIAN_POINT('',(-86.3009023079251,107.391155613357,125.910475835731));
#3472=CARTESIAN_POINT('',(-86.300902307925,112.391155613357,93.663163466932));
#3473=CARTESIAN_POINT('',(-86.3009023079251,161.301552459868,121.901594252436));
#3474=CARTESIAN_POINT('',(-86.300902307925,117.391155613357,90.7764121209838));
#3475=CARTESIAN_POINT('',(-86.300902307925,131.812060744716,82.4504986614359));
#3476=CARTESIAN_POINT('',(-86.300902307925,117.391155613357,85.0029094290876));
#3477=CARTESIAN_POINT('',(-86.3009023079251,117.391155613357,129.518915018166));
#3478=CARTESIAN_POINT('',(-86.3009023079251,169.426552459868,115.045559805809));
#3479=CARTESIAN_POINT('Origin',(-85.050902307925,129.937060744716,71.986025032374));
#3480=CARTESIAN_POINT('',(-85.050902307925,112.391155613357,80.6727824101654));
#3481=CARTESIAN_POINT('Origin',(-85.050902307925,112.391155613357,82.1161580831394));
#3482=CARTESIAN_POINT('',(-85.0509023079251,106.141155613357,84.2812215926005));
#3483=CARTESIAN_POINT('',(-85.050902307925,129.312060744716,70.9034932776434));
#3484=CARTESIAN_POINT('Origin',(-85.0509023079251,107.391155613357,85.0029094290876));
#3485=CARTESIAN_POINT('Origin',(-85.0509023079251,169.426552459868,115.045559805809));
#3486=CARTESIAN_POINT('',(-85.050902307925,118.641155613357,84.2812215926005));
#3487=CARTESIAN_POINT('Origin',(-85.050902307925,117.391155613357,85.0029094290876));
#3488=CARTESIAN_POINT('',(-85.0509023079251,170.051552459868,113.963028051079));
#3489=CARTESIAN_POINT('Origin',(-85.0509023079251,117.391155613357,129.518915018166));
#3490=CARTESIAN_POINT('',(-85.0509023079251,118.641155613357,91.4980999574709));
#3491=CARTESIAN_POINT('Origin',(-85.0509023079251,117.391155613357,90.7764121209838));
#3492=CARTESIAN_POINT('',(-85.0509023079251,118.641155613357,129.518915018166));
#3493=CARTESIAN_POINT('Origin',(-85.050902307925,131.812060744716,82.4504986614359));
#3494=CARTESIAN_POINT('',(-85.050902307925,112.391155613357,95.106539139906));
#3495=CARTESIAN_POINT('Origin',(-85.050902307925,112.391155613357,93.663163466932));
#3496=CARTESIAN_POINT('',(-85.050902307925,132.437060744716,83.5330304161665));
#3497=CARTESIAN_POINT('Origin',(-85.0509023079251,161.301552459868,121.901594252436));
#3498=CARTESIAN_POINT('',(-85.050902307925,106.141155613357,91.4980999574709));
#3499=CARTESIAN_POINT('',(-85.0509023079251,160.676552459868,122.984126007167));
#3500=CARTESIAN_POINT('Origin',(-85.050902307925,107.391155613357,90.7764121209838));
#3501=CARTESIAN_POINT('Origin',(-85.0509023079251,107.391155613357,125.910475835731));
#3502=CARTESIAN_POINT('',(-85.0509023079251,106.141155613357,125.910475835731));
#3503=CARTESIAN_POINT('Origin',(-80.0509029333281,106.141155613357,91.4980999574709));
#3504=CARTESIAN_POINT('',(-80.0509029333281,106.141155613357,91.4980999574709));
#3505=CARTESIAN_POINT('',(-80.0509029333281,106.141155613357,91.4980999574709));
#3506=CARTESIAN_POINT('',(-80.0509029333281,112.391155613357,95.106539139906));
#3507=CARTESIAN_POINT('',(-80.0509029333281,112.391155613357,95.106539139906));
#3508=CARTESIAN_POINT('',(-80.0509029333281,112.391155613357,95.106539139906));
#3509=CARTESIAN_POINT('Origin',(-80.0509029333281,106.141155613357,84.2812215926005));
#3510=CARTESIAN_POINT('',(-80.0509029333281,106.141155613357,84.2812215926005));
#3511=CARTESIAN_POINT('',(-80.0509029333281,106.141155613357,84.2812215926005));
#3512=CARTESIAN_POINT('',(-80.0509029333281,106.141155613357,91.4980999574709));
#3513=CARTESIAN_POINT('Origin',(-80.0509029333281,112.391155613357,80.6727824101654));
#3514=CARTESIAN_POINT('',(-80.0509029333281,112.391155613357,80.6727824101654));
#3515=CARTESIAN_POINT('',(-80.0509029333281,112.391155613357,80.6727824101654));
#3516=CARTESIAN_POINT('',(-80.0509029333281,106.141155613357,84.2812215926005));
#3517=CARTESIAN_POINT('Origin',(-80.0509029333281,112.391155613357,87.8896607750357));
#3518=CARTESIAN_POINT('Origin',(-80.0509029333281,118.641155613357,91.4980999574709));
#3519=CARTESIAN_POINT('',(-80.0509029333281,118.641155613357,91.4980999574709));
#3520=CARTESIAN_POINT('',(-80.0509029333281,118.641155613357,91.4980999574709));
#3521=CARTESIAN_POINT('',(-80.0509029333281,118.641155613357,84.2812215926005));
#3522=CARTESIAN_POINT('',(-80.0509029333281,118.641155613357,84.2812215926005));
#3523=CARTESIAN_POINT('',(-80.0509029333281,118.641155613357,84.2812215926005));
#3524=CARTESIAN_POINT('Origin',(-80.0509029333281,112.391155613357,95.106539139906));
#3525=CARTESIAN_POINT('',(-80.0509029333281,118.641155613357,91.4980999574709));
#3526=CARTESIAN_POINT('Origin',(-80.0509029333281,118.641155613357,84.2812215926005));
#3527=CARTESIAN_POINT('',(-80.0509029333281,112.391155613357,80.6727824101654));
#3528=CARTESIAN_POINT('Origin',(-80.0509023079251,207.666224917182,167.539730078861));
#3529=CARTESIAN_POINT('Origin',(-80.0509029333281,112.391155613357,87.8896607750357));
#3530=CARTESIAN_POINT('',(-80.2517939094153,112.389308096496,90.9730031518894));
#3531=CARTESIAN_POINT('',(-80.1625119572408,112.388934642546,90.9714427269696));
#3532=CARTESIAN_POINT('',(-80.0509029333281,112.391155613357,90.9690357750357));
#3533=CARTESIAN_POINT('',(-80.0509029333281,109.616709340201,86.5536225016326));
#3534=CARTESIAN_POINT('Ctrl Pts',(-80.2517939094153,112.389308096496,90.9730031518894));
#3535=CARTESIAN_POINT('Ctrl Pts',(-80.2485248006813,112.288461286342,90.9736861393837));
#3536=CARTESIAN_POINT('Ctrl Pts',(-80.2452556919473,112.187678542336,90.9691720228124));
#3537=CARTESIAN_POINT('Ctrl Pts',(-80.2419865832133,112.087432557027,90.9592609755605));
#3538=CARTESIAN_POINT('Ctrl Pts',(-80.2088777541165,111.072162810661,90.858884023819));
#3539=CARTESIAN_POINT('Ctrl Pts',(-80.1757689250198,110.111949488693,90.2049329853389));
#3540=CARTESIAN_POINT('Ctrl Pts',(-80.142660095923,109.646307727446,89.2968258507676));
#3541=CARTESIAN_POINT('Ctrl Pts',(-80.112074375058,109.216150898555,88.4579223893289));
#3542=CARTESIAN_POINT('Ctrl Pts',(-80.081488654193,109.208058678312,87.4021235344791));
#3543=CARTESIAN_POINT('Ctrl Pts',(-80.0509029333281,109.612718225167,86.5502058334253));
#3544=CARTESIAN_POINT('',(-80.0509029333281,109.616709340201,89.2256990484387));
#3545=CARTESIAN_POINT('Origin',(-80.0509023079251,112.391155613357,87.8896607750357));
#3546=CARTESIAN_POINT('Ctrl Pts',(-80.0509029333281,109.616709340201,89.2256990484387));
#3547=CARTESIAN_POINT('Ctrl Pts',(-80.0840117624249,110.06140467421,90.1491630963567));
#3548=CARTESIAN_POINT('Ctrl Pts',(-80.1171205915216,111.000683074538,90.8247286705193));
#3549=CARTESIAN_POINT('Ctrl Pts',(-80.1502294206184,112.011577991527,90.9498940557846));
#3550=CARTESIAN_POINT('Ctrl Pts',(-80.1543235994925,112.136583457621,90.9653717845386));
#3551=CARTESIAN_POINT('Ctrl Pts',(-80.1584177783667,112.262684037324,90.9724331483995));
#3552=CARTESIAN_POINT('Ctrl Pts',(-80.1625119572408,112.388934642546,90.9714427269696));
#3553=CARTESIAN_POINT('Origin',(-80.0509029333281,112.391155613357,87.8896607750357));
#3554=CARTESIAN_POINT('',(-80.8767939094153,112.389432682409,90.9651154432281));
#3555=CARTESIAN_POINT('',(-80.7875119572408,112.389779984311,90.9647212707841));
#3556=CARTESIAN_POINT('',(-80.0509029333281,112.391155613357,90.9690357750357));
#3557=CARTESIAN_POINT('Ctrl Pts',(-80.8767939094153,112.389432682409,90.9651154432281));
#3558=CARTESIAN_POINT('Ctrl Pts',(-80.8638444419287,111.987295622683,90.9671551328681));
#3559=CARTESIAN_POINT('Ctrl Pts',(-80.850894974442,111.585872330407,90.8939432540361));
#3560=CARTESIAN_POINT('Ctrl Pts',(-80.8379455069554,111.216854353771,90.742020773332));
#3561=CARTESIAN_POINT('Ctrl Pts',(-80.8048366778586,110.273359717046,90.353589708133));
#3562=CARTESIAN_POINT('Ctrl Pts',(-80.7717278487618,109.541701233384,89.4506211117751));
#3563=CARTESIAN_POINT('Ctrl Pts',(-80.7386190196651,109.35731326243,88.4470931744401));
#3564=CARTESIAN_POINT('Ctrl Pts',(-80.7055101905683,109.172925291476,87.443565237105));
#3565=CARTESIAN_POINT('Ctrl Pts',(-80.6724013614715,109.53580783323,86.3394779587927));
#3566=CARTESIAN_POINT('Ctrl Pts',(-80.6392925323747,110.279607733889,85.6410305216929));
#3567=CARTESIAN_POINT('Ctrl Pts',(-80.6061837032779,111.023407634547,84.9425830845931));
#3568=CARTESIAN_POINT('Ctrl Pts',(-80.5730748741812,112.148124894109,84.6497754887058));
#3569=CARTESIAN_POINT('Ctrl Pts',(-80.5399660450844,113.138075839735,84.8968303468526));
#3570=CARTESIAN_POINT('Ctrl Pts',(-80.5068572159876,114.12802678536,85.1438852049993));
#3571=CARTESIAN_POINT('Ctrl Pts',(-80.4737483868907,114.983211417049,85.9308025171803));
#3572=CARTESIAN_POINT('Ctrl Pts',(-80.440639557794,115.31163016559,86.8968484779286));
#3573=CARTESIAN_POINT('Ctrl Pts',(-80.4075307286972,115.640048914132,87.8628944386769));
#3574=CARTESIAN_POINT('Ctrl Pts',(-80.3744218996004,115.441701779525,89.0080690479926));
#3575=CARTESIAN_POINT('Ctrl Pts',(-80.3413130705037,114.80736512684,89.8072549201489));
#3576=CARTESIAN_POINT('Ctrl Pts',(-80.3114733501409,114.235661782194,90.5275305563942));
#3577=CARTESIAN_POINT('Ctrl Pts',(-80.2816336297781,113.309816057321,90.9667689891554));
#3578=CARTESIAN_POINT('Ctrl Pts',(-80.2517939094153,112.389308096496,90.9730031518894));
#3579=CARTESIAN_POINT('Ctrl Pts',(-80.1625119572408,112.388934642546,90.9714427269696));
#3580=CARTESIAN_POINT('Ctrl Pts',(-80.1915266074634,113.283648152518,90.9644238027254));
#3581=CARTESIAN_POINT('Ctrl Pts',(-80.2205412576861,114.185896366433,90.5530215540342));
#3582=CARTESIAN_POINT('Ctrl Pts',(-80.2495559079088,114.759304162009,89.8669969099705));
#3583=CARTESIAN_POINT('Ctrl Pts',(-80.2826647370055,115.413623981851,89.0841691825233));
#3584=CARTESIAN_POINT('Ctrl Pts',(-80.3157735661023,115.639752187885,87.9437485312608));
#3585=CARTESIAN_POINT('Ctrl Pts',(-80.3488823951991,115.335295949924,86.969691344007));
#3586=CARTESIAN_POINT('Ctrl Pts',(-80.3819912242959,115.030839711962,85.9956341567532));
#3587=CARTESIAN_POINT('Ctrl Pts',(-80.4151000533927,114.195799030006,85.1879404335079));
#3588=CARTESIAN_POINT('Ctrl Pts',(-80.4482088824895,113.212379645645,84.9163989644181));
#3589=CARTESIAN_POINT('Ctrl Pts',(-80.4813177115863,112.228960261284,84.6448574953282));
#3590=CARTESIAN_POINT('Ctrl Pts',(-80.5144265406831,111.09716217452,84.9094682803938));
#3591=CARTESIAN_POINT('Ctrl Pts',(-80.5475353697798,110.336176696017,85.5891610735809));
#3592=CARTESIAN_POINT('Ctrl Pts',(-80.5806441988766,109.575191217515,86.2688538667679));
#3593=CARTESIAN_POINT('Ctrl Pts',(-80.6137530279734,109.185018347274,87.3636286680765));
#3594=CARTESIAN_POINT('Ctrl Pts',(-80.6468618570702,109.344398373949,88.371449016669));
#3595=CARTESIAN_POINT('Ctrl Pts',(-80.679970686167,109.503778400624,89.3792693652615));
#3596=CARTESIAN_POINT('Ctrl Pts',(-80.7130795152638,110.212711324216,90.300135261138));
#3597=CARTESIAN_POINT('Ctrl Pts',(-80.7461883443605,111.146240918368,90.7119139226953));
#3598=CARTESIAN_POINT('Ctrl Pts',(-80.7599628819873,111.534624889384,90.8832295754152));
#3599=CARTESIAN_POINT('Ctrl Pts',(-80.773737419614,111.961883800174,90.966428447401));
#3600=CARTESIAN_POINT('Ctrl Pts',(-80.7875119572408,112.389779984311,90.9647212707841));
#3601=CARTESIAN_POINT('Origin',(-80.0509029333281,112.391155613357,87.8896607750357));
#3602=CARTESIAN_POINT('',(-81.5017939094153,112.393686759332,90.9667685064171));
#3603=CARTESIAN_POINT('',(-81.4125119572408,112.39385002859,90.9674523566258));
#3604=CARTESIAN_POINT('',(-80.0509029333281,112.391155613357,90.9690357750357));
#3605=CARTESIAN_POINT('Ctrl Pts',(-81.5017939094153,112.393686759332,90.9667685064171));
#3606=CARTESIAN_POINT('Ctrl Pts',(-81.4791640831761,111.691881237905,90.9613441010165));
#3607=CARTESIAN_POINT('Ctrl Pts',(-81.4565342569368,110.986746862113,90.7231976910938));
#3608=CARTESIAN_POINT('Ctrl Pts',(-81.4339044306976,110.445572809382,90.2833294002433));
#3609=CARTESIAN_POINT('Ctrl Pts',(-81.4007956016008,109.65380185038,89.6397750082258));
#3610=CARTESIAN_POINT('Ctrl Pts',(-81.367686772504,109.212996022584,88.5644250141684));
#3611=CARTESIAN_POINT('Ctrl Pts',(-81.3345779434072,109.325250898621,87.5502936581576));
#3612=CARTESIAN_POINT('Ctrl Pts',(-81.3014691143104,109.437505774657,86.5361623021468));
#3613=CARTESIAN_POINT('Ctrl Pts',(-81.2683602852136,110.102821354528,85.5832495841824));
#3614=CARTESIAN_POINT('Ctrl Pts',(-81.2352514561169,111.016171479289,85.1284362536076));
#3615=CARTESIAN_POINT('Ctrl Pts',(-81.2021426270201,111.929521604051,84.6736229230327));
#3616=CARTESIAN_POINT('Ctrl Pts',(-81.1690337979233,113.090906273703,84.7169089798473));
#3617=CARTESIAN_POINT('Ctrl Pts',(-81.1359249688265,113.967866575056,85.2384488863091));
#3618=CARTESIAN_POINT('Ctrl Pts',(-81.1028161397297,114.84482687641,85.7599887927708));
#3619=CARTESIAN_POINT('Ctrl Pts',(-81.0697073106329,115.437362809464,86.7597825488797));
#3620=CARTESIAN_POINT('Ctrl Pts',(-81.0365984815361,115.473816080584,87.7794565272046));
#3621=CARTESIAN_POINT('Ctrl Pts',(-81.0034896524394,115.510269351703,88.7991305055295));
#3622=CARTESIAN_POINT('Ctrl Pts',(-80.9703808233426,114.990639960888,89.8386847060704));
#3623=CARTESIAN_POINT('Ctrl Pts',(-80.9372719942458,114.153159870586,90.4215150393207));
#3624=CARTESIAN_POINT('Ctrl Pts',(-80.9171126326356,113.643233532437,90.7763897892254));
#3625=CARTESIAN_POINT('Ctrl Pts',(-80.8969532710255,113.015468186358,90.961940112577));
#3626=CARTESIAN_POINT('Ctrl Pts',(-80.8767939094153,112.389432682409,90.9651154432281));
#3627=CARTESIAN_POINT('Ctrl Pts',(-80.7875119572408,112.389779984311,90.9647212707841));
#3628=CARTESIAN_POINT('Ctrl Pts',(-80.8068462487108,112.990385955067,90.9623250342501));
#3629=CARTESIAN_POINT('Ctrl Pts',(-80.8261805401809,113.592247459074,90.7926499248983));
#3630=CARTESIAN_POINT('Ctrl Pts',(-80.8455148316509,114.089623091635,90.4645748142037));
#3631=CARTESIAN_POINT('Ctrl Pts',(-80.8786236607477,114.941349406038,89.9027656169169));
#3632=CARTESIAN_POINT('Ctrl Pts',(-80.9117324898445,115.486675770132,88.8764557951053));
#3633=CARTESIAN_POINT('Ctrl Pts',(-80.9448413189413,115.475602332783,87.85618877012));
#3634=CARTESIAN_POINT('Ctrl Pts',(-80.977950148038,115.464528895434,86.8359217451345));
#3635=CARTESIAN_POINT('Ctrl Pts',(-81.0110589771348,114.897055656643,85.8216975169753));
#3636=CARTESIAN_POINT('Ctrl Pts',(-81.0441678062316,114.033344095851,85.2785001838009));
#3637=CARTESIAN_POINT('Ctrl Pts',(-81.0772766353284,113.169632535059,84.7353028506265));
#3638=CARTESIAN_POINT('Ctrl Pts',(-81.1103854644252,112.009682652267,84.663132412437));
#3639=CARTESIAN_POINT('Ctrl Pts',(-81.143494293522,111.085298575564,85.0950795808317));
#3640=CARTESIAN_POINT('Ctrl Pts',(-81.1766031226188,110.160914498861,85.5270267492264));
#3641=CARTESIAN_POINT('Ctrl Pts',(-81.2097119517156,109.472096228249,86.4630915242054));
#3642=CARTESIAN_POINT('Ctrl Pts',(-81.2428207808123,109.334643735114,87.4741161798612));
#3643=CARTESIAN_POINT('Ctrl Pts',(-81.2759296099091,109.19719124198,88.485140835517));
#3644=CARTESIAN_POINT('Ctrl Pts',(-81.3090384390059,109.611104526323,89.5711253718496));
#3645=CARTESIAN_POINT('Ctrl Pts',(-81.3421472681027,110.386618086536,90.2341805291441));
#3646=CARTESIAN_POINT('Ctrl Pts',(-81.365602164482,110.936005989758,90.7039008554861));
#3647=CARTESIAN_POINT('Ctrl Pts',(-81.3890570608614,111.666865274823,90.9613714022846));
#3648=CARTESIAN_POINT('Ctrl Pts',(-81.4125119572408,112.39385002859,90.9674523566258));
#3649=CARTESIAN_POINT('Origin',(-80.0509029333281,112.391155613357,87.8896607750357));
#3650=CARTESIAN_POINT('',(-82.1267939094153,112.391614961833,90.9742066561365));
#3651=CARTESIAN_POINT('',(-82.0375119572407,112.391140331551,90.9742909553319));
#3652=CARTESIAN_POINT('',(-80.0509029333281,112.391155613357,90.9690357750357));
#3653=CARTESIAN_POINT('Ctrl Pts',(-82.1267939094153,112.391614961833,90.9742066561365));
#3654=CARTESIAN_POINT('Ctrl Pts',(-82.0944837244235,111.395828737636,90.9721365890986));
#3655=CARTESIAN_POINT('Ctrl Pts',(-82.0621735394316,110.398163941143,90.4459023095582));
#3656=CARTESIAN_POINT('Ctrl Pts',(-82.0298633544397,109.838950164507,89.6220548606916));
#3657=CARTESIAN_POINT('Ctrl Pts',(-81.9967545253429,109.265913725259,88.7778435263026));
#3658=CARTESIAN_POINT('Ctrl Pts',(-81.9636456962461,109.153271481566,87.6211243644192));
#3659=CARTESIAN_POINT('Ctrl Pts',(-81.9305368671494,109.552666373246,86.6822168829647));
#3660=CARTESIAN_POINT('Ctrl Pts',(-81.8974280380526,109.952061264927,85.7433094015102));
#3661=CARTESIAN_POINT('Ctrl Pts',(-81.8643192089558,110.863493291981,85.0222136004845));
#3662=CARTESIAN_POINT('Ctrl Pts',(-81.831210379859,111.86909941734,84.849529322018));
#3663=CARTESIAN_POINT('Ctrl Pts',(-81.7981015507622,112.874705542699,84.6768450435515));
#3664=CARTESIAN_POINT('Ctrl Pts',(-81.7649927216654,113.974485766363,85.0525722876441));
#3665=CARTESIAN_POINT('Ctrl Pts',(-81.7318838925687,114.664225294911,85.8044518775223));
#3666=CARTESIAN_POINT('Ctrl Pts',(-81.6987750634719,115.353964823459,86.5563314674004));
#3667=CARTESIAN_POINT('Ctrl Pts',(-81.6656662343751,115.63366365689,87.6843634030642));
#3668=CARTESIAN_POINT('Ctrl Pts',(-81.6325574052783,115.375088650019,88.6713803764774));
#3669=CARTESIAN_POINT('Ctrl Pts',(-81.5994485761815,115.116513643147,89.6583973498905));
#3670=CARTESIAN_POINT('Ctrl Pts',(-81.5663397470847,114.319664795971,90.5043993610532));
#3671=CARTESIAN_POINT('Ctrl Pts',(-81.5332309179879,113.349872327281,90.8215209716458));
#3672=CARTESIAN_POINT('Ctrl Pts',(-81.5227519151304,113.042931298925,90.9218905212263));
#3673=CARTESIAN_POINT('Ctrl Pts',(-81.5122729122729,112.71866592562,90.9692803400958));
#3674=CARTESIAN_POINT('Ctrl Pts',(-81.5017939094153,112.393686759332,90.9667685064171));
#3675=CARTESIAN_POINT('Ctrl Pts',(-81.4125119572408,112.39385002859,90.9674523566258));
#3676=CARTESIAN_POINT('Ctrl Pts',(-81.4221658899582,112.693073772151,90.9699552508241));
#3677=CARTESIAN_POINT('Ctrl Pts',(-81.4318198226757,112.991641127653,90.9298699933537));
#3678=CARTESIAN_POINT('Ctrl Pts',(-81.4414737553931,113.276628145324,90.8444674116764));
#3679=CARTESIAN_POINT('Ctrl Pts',(-81.4745825844899,114.254010807814,90.5515733586576));
#3680=CARTESIAN_POINT('Ctrl Pts',(-81.5076914135866,115.071662296711,89.7256594743637));
#3681=CARTESIAN_POINT('Ctrl Pts',(-81.5408002426834,115.354715187583,88.7453815522095));
#3682=CARTESIAN_POINT('Ctrl Pts',(-81.5739090717802,115.637768078455,87.7651036300553));
#3683=CARTESIAN_POINT('Ctrl Pts',(-81.6070179008769,115.386222371302,86.6304616700407));
#3684=CARTESIAN_POINT('Ctrl Pts',(-81.6401267299737,114.715403811414,85.8616534065528));
#3685=CARTESIAN_POINT('Ctrl Pts',(-81.6732355590705,114.044585251526,85.0928451430648));
#3686=CARTESIAN_POINT('Ctrl Pts',(-81.7063443881673,112.954493838902,84.6898705761033));
#3687=CARTESIAN_POINT('Ctrl Pts',(-81.7394532172641,111.944902385347,84.8374809564654));
#3688=CARTESIAN_POINT('Ctrl Pts',(-81.7725620463609,110.935310931791,84.9850913368275));
#3689=CARTESIAN_POINT('Ctrl Pts',(-81.8056708754577,110.006219437303,85.6832866645131));
#3690=CARTESIAN_POINT('Ctrl Pts',(-81.8387797045545,109.583587235154,86.6119662330164));
#3691=CARTESIAN_POINT('Ctrl Pts',(-81.8718885336513,109.160955033006,87.5406458015197));
#3692=CARTESIAN_POINT('Ctrl Pts',(-81.9049973627481,109.244782123198,88.6998096108406));
#3693=CARTESIAN_POINT('Ctrl Pts',(-81.9381061918448,109.796636419193,89.5580173655108));
#3694=CARTESIAN_POINT('Ctrl Pts',(-81.9712414469768,110.348931181415,90.4169101044872));
#3695=CARTESIAN_POINT('Ctrl Pts',(-82.0043767021088,111.370000565999,90.9743658518416));
#3696=CARTESIAN_POINT('Ctrl Pts',(-82.0375119572407,112.39114033173,90.9742908939744));
#3697=CARTESIAN_POINT('Origin',(-80.0509029333281,112.391155613357,87.8896607750357));
#3698=CARTESIAN_POINT('',(-82.7517939094153,112.388364683505,90.9681336848515));
#3699=CARTESIAN_POINT('',(-82.6625119572408,112.388469809233,90.9674070712689));
#3700=CARTESIAN_POINT('',(-80.0509029333281,112.391155613357,90.9690357750357));
#3701=CARTESIAN_POINT('Ctrl Pts',(-82.7517939094153,112.388364683505,90.9681336848515));
#3702=CARTESIAN_POINT('Ctrl Pts',(-82.7429121947676,112.113230470444,90.9705598553099));
#3703=CARTESIAN_POINT('Ctrl Pts',(-82.7340304801199,111.838682707977,90.936730367366));
#3704=CARTESIAN_POINT('Ctrl Pts',(-82.7251487654722,111.574733218568,90.8642861958273));
#3705=CARTESIAN_POINT('Ctrl Pts',(-82.6920399363754,110.590794994738,90.5942322941124));
#3706=CARTESIAN_POINT('Ctrl Pts',(-82.6589311072786,109.754131799848,89.787583551618));
#3707=CARTESIAN_POINT('Ctrl Pts',(-82.6258222781818,109.44832750538,88.814163153421));
#3708=CARTESIAN_POINT('Ctrl Pts',(-82.5927134490851,109.142523210913,87.840742755224));
#3709=CARTESIAN_POINT('Ctrl Pts',(-82.5596046199883,109.367577816868,86.7005507013244));
#3710=CARTESIAN_POINT('Ctrl Pts',(-82.5264957908915,110.020310834868,85.9163293388543));
#3711=CARTESIAN_POINT('Ctrl Pts',(-82.4933869617947,110.673043852869,85.1321079763843));
#3712=CARTESIAN_POINT('Ctrl Pts',(-82.4602781326979,111.753455282914,84.7038573053439));
#3713=CARTESIAN_POINT('Ctrl Pts',(-82.4271693036011,112.766210321665,84.8279168460753));
#3714=CARTESIAN_POINT('Ctrl Pts',(-82.3940604745043,113.778965360415,84.9519763868067));
#3715=CARTESIAN_POINT('Ctrl Pts',(-82.3609516454076,114.724064007871,85.62834613931));
#3716=CARTESIAN_POINT('Ctrl Pts',(-82.3278428163108,115.168208133578,86.5469317551951));
#3717=CARTESIAN_POINT('Ctrl Pts',(-82.294733987214,115.612352259286,87.4655173710803));
#3718=CARTESIAN_POINT('Ctrl Pts',(-82.2616251581172,115.555541863245,88.6263188503474));
#3719=CARTESIAN_POINT('Ctrl Pts',(-82.2285163290204,115.023822732918,89.4971450698568));
#3720=CARTESIAN_POINT('Ctrl Pts',(-82.1954074999236,114.492103602591,90.3679712893663));
#3721=CARTESIAN_POINT('Ctrl Pts',(-82.1622986708269,113.485475737976,90.9488222491182));
#3722=CARTESIAN_POINT('Ctrl Pts',(-82.1291898417301,112.465446488267,90.9733959755468));
#3723=CARTESIAN_POINT('Ctrl Pts',(-82.1283911976252,112.440841560538,90.9739887377278));
#3724=CARTESIAN_POINT('Ctrl Pts',(-82.1275925535203,112.416228835072,90.9742578241145));
#3725=CARTESIAN_POINT('Ctrl Pts',(-82.1267939094153,112.391614961833,90.9742066561365));
#3726=CARTESIAN_POINT('Ctrl Pts',(-82.0375119572407,112.39114033173,90.9742908939744));
#3727=CARTESIAN_POINT('Ctrl Pts',(-82.0705943603023,113.410651338287,90.974216055668));
#3728=CARTESIAN_POINT('Ctrl Pts',(-82.1036767633639,114.430232178127,90.4187935985576));
#3729=CARTESIAN_POINT('Ctrl Pts',(-82.1367591664255,114.983012182708,89.5621508590256));
#3730=CARTESIAN_POINT('Ctrl Pts',(-82.1698679955223,115.53623374481,88.7048238381511));
#3731=CARTESIAN_POINT('Ctrl Pts',(-82.2029768246191,115.621908418101,87.545795116562));
#3732=CARTESIAN_POINT('Ctrl Pts',(-82.2360856537159,115.200757047156,86.6164430627995));
#3733=CARTESIAN_POINT('Ctrl Pts',(-82.2691944828127,114.779605676211,85.687091009037));
#3734=CARTESIAN_POINT('Ctrl Pts',(-82.3023033119094,113.85162826103,84.9874156231012));
#3735=CARTESIAN_POINT('Ctrl Pts',(-82.3354121410062,112.842273383687,84.8381961567477));
#3736=CARTESIAN_POINT('Ctrl Pts',(-82.368520970103,111.832918506343,84.6889766903942));
#3737=CARTESIAN_POINT('Ctrl Pts',(-82.4016297991998,110.742186166838,85.0902131436231));
#3738=CARTESIAN_POINT('Ctrl Pts',(-82.4347386282966,110.070142982068,85.8579511687393));
#3739=CARTESIAN_POINT('Ctrl Pts',(-82.4678474573934,109.398099797298,86.6256891938555));
#3740=CARTESIAN_POINT('Ctrl Pts',(-82.5009562864902,109.144745767264,87.759928790859));
#3741=CARTESIAN_POINT('Ctrl Pts',(-82.534065115587,109.426235780066,88.7406566277577));
#3742=CARTESIAN_POINT('Ctrl Pts',(-82.5671739446838,109.707725792868,89.7213844646565));
#3743=CARTESIAN_POINT('Ctrl Pts',(-82.6002827737805,110.524059848507,90.5486005414504));
#3744=CARTESIAN_POINT('Ctrl Pts',(-82.6333916028773,111.500974349117,90.8430521943959));
#3745=CARTESIAN_POINT('Ctrl Pts',(-82.6430983876651,111.787384321085,90.9293789810426));
#3746=CARTESIAN_POINT('Ctrl Pts',(-82.6528051724529,112.087596731358,90.9699128438222));
#3747=CARTESIAN_POINT('Ctrl Pts',(-82.6625119572408,112.388469809233,90.9674070712689));
#3748=CARTESIAN_POINT('Origin',(-80.0509029333281,112.391155613357,87.8896607750357));
#3749=CARTESIAN_POINT('',(-83.3767939094153,112.392162240298,90.964451568622));
#3750=CARTESIAN_POINT('',(-83.2875119572408,112.392545737145,90.9647509290239));
#3751=CARTESIAN_POINT('',(-80.0509029333281,112.391155613357,90.9690357750357));
#3752=CARTESIAN_POINT('Ctrl Pts',(-83.3767939094153,112.392162240298,90.964451568622));
#3753=CARTESIAN_POINT('Ctrl Pts',(-83.358231836015,111.815418283396,90.9627634402766));
#3754=CARTESIAN_POINT('Ctrl Pts',(-83.3396697626147,111.237829078288,90.8071943011389));
#3755=CARTESIAN_POINT('Ctrl Pts',(-83.3211076892144,110.75311596747,90.5034258829272));
#3756=CARTESIAN_POINT('Ctrl Pts',(-83.2879988601176,109.888542102206,89.9615997395506));
#3757=CARTESIAN_POINT('Ctrl Pts',(-83.2548900310208,109.31945539873,88.9482746094125));
#3758=CARTESIAN_POINT('Ctrl Pts',(-83.221781201924,109.30676428741,87.9280283284406));
#3759=CARTESIAN_POINT('Ctrl Pts',(-83.1886723728272,109.29407317609,86.9077820474687));
#3760=CARTESIAN_POINT('Ctrl Pts',(-83.1555635437304,109.837777656927,85.880614615663));
#3761=CARTESIAN_POINT('Ctrl Pts',(-83.1224547146336,110.688606253688,85.3174501307413));
#3762=CARTESIAN_POINT('Ctrl Pts',(-83.0893458855368,111.539434850449,84.7542856458195));
#3763=CARTESIAN_POINT('Ctrl Pts',(-83.0562370564401,112.697387563135,84.6551241077818));
#3764=CARTESIAN_POINT('Ctrl Pts',(-83.0231282273433,113.631579338798,85.0654279761868));
#3765=CARTESIAN_POINT('Ctrl Pts',(-82.9900193982465,114.565771114461,85.4757318445919));
#3766=CARTESIAN_POINT('Ctrl Pts',(-82.9569105691497,115.2762019531,86.3955011194398));
#3767=CARTESIAN_POINT('Ctrl Pts',(-82.9238017400529,115.43716156512,87.4030503943847));
#3768=CARTESIAN_POINT('Ctrl Pts',(-82.8906929109561,115.59812117714,88.4105996693296));
#3769=CARTESIAN_POINT('Ctrl Pts',(-82.8575840818594,115.209609562539,89.5059289443715));
#3770=CARTESIAN_POINT('Ctrl Pts',(-82.8244752527626,114.449747128854,90.1868640514247));
#3771=CARTESIAN_POINT('Ctrl Pts',(-82.8002481383135,113.893724018141,90.6851327374826));
#3772=CARTESIAN_POINT('Ctrl Pts',(-82.7760210238644,113.138862569677,90.9615156936527));
#3773=CARTESIAN_POINT('Ctrl Pts',(-82.7517939094153,112.388364683505,90.9681336848515));
#3774=CARTESIAN_POINT('Ctrl Pts',(-82.6625119572408,112.388469809233,90.9674070712689));
#3775=CARTESIAN_POINT('Ctrl Pts',(-82.6859140015497,113.113843375633,90.9613659153557));
#3776=CARTESIAN_POINT('Ctrl Pts',(-82.7093160458587,113.843057017885,90.7051604349007));
#3777=CARTESIAN_POINT('Ctrl Pts',(-82.7327180901677,114.391953378438,90.2373728234693));
#3778=CARTESIAN_POINT('Ctrl Pts',(-82.7658269192645,115.168522961568,89.5755545704997));
#3779=CARTESIAN_POINT('Ctrl Pts',(-82.7989357483612,115.584167182246,88.4902308354635));
#3780=CARTESIAN_POINT('Ctrl Pts',(-82.832044577458,115.448326182805,87.4789885597079));
#3781=CARTESIAN_POINT('Ctrl Pts',(-82.8651534065548,115.312485183365,86.4677462839523));
#3782=CARTESIAN_POINT('Ctrl Pts',(-82.8982622356516,114.625158963805,85.5305854674773));
#3783=CARTESIAN_POINT('Ctrl Pts',(-82.9313710647484,113.70146506949,85.0971649937847));
#3784=CARTESIAN_POINT('Ctrl Pts',(-82.9644798938452,112.777771175176,84.6637445200921));
#3785=CARTESIAN_POINT('Ctrl Pts',(-82.9975887229419,111.617709606107,84.7340643891819));
#3786=CARTESIAN_POINT('Ctrl Pts',(-83.0306975520387,110.753132259835,85.2758851434161));
#3787=CARTESIAN_POINT('Ctrl Pts',(-83.0638063811355,109.888554913562,85.8177058976504));
#3788=CARTESIAN_POINT('Ctrl Pts',(-83.0969152102323,109.319461790085,86.8310275370289));
#3789=CARTESIAN_POINT('Ctrl Pts',(-83.1300240393291,109.306764263142,87.8512738260282));
#3790=CARTESIAN_POINT('Ctrl Pts',(-83.1631328684259,109.294066736199,88.8715201150274));
#3791=CARTESIAN_POINT('Ctrl Pts',(-83.1962416975227,109.837764805791,89.8986910536473));
#3792=CARTESIAN_POINT('Ctrl Pts',(-83.2293505266195,110.68858993504,90.4618609364056));
#3793=CARTESIAN_POINT('Ctrl Pts',(-83.2487376701599,111.186797493523,90.7916296311175));
#3794=CARTESIAN_POINT('Ctrl Pts',(-83.2681248137003,111.790312257795,90.9623024300454));
#3795=CARTESIAN_POINT('Ctrl Pts',(-83.2875119572408,112.392545737145,90.9647509290239));
#3796=CARTESIAN_POINT('Origin',(-80.0509029333281,112.391155613357,87.8896607750357));
#3797=CARTESIAN_POINT('',(-84.0017939094154,112.39349719506,90.9718313266326));
#3798=CARTESIAN_POINT('',(-83.9125119572408,112.393211269319,90.9725040901458));
#3799=CARTESIAN_POINT('',(-80.0509029333281,112.391155613357,90.9690357750357));
#3800=CARTESIAN_POINT('Ctrl Pts',(-84.0017939094154,112.39349719506,90.9718313266326));
#3801=CARTESIAN_POINT('Ctrl Pts',(-83.9735514772624,111.521308755337,90.9644723970334));
#3802=CARTESIAN_POINT('Ctrl Pts',(-83.9453090451095,110.643391275621,90.5762536315282));
#3803=CARTESIAN_POINT('Ctrl Pts',(-83.9170666129565,110.070130408107,89.9213556136144));
#3804=CARTESIAN_POINT('Ctrl Pts',(-83.8839577838597,109.398092108161,89.1536134293187));
#3805=CARTESIAN_POINT('Ctrl Pts',(-83.850848954763,109.144745231176,88.0193723370949));
#3806=CARTESIAN_POINT('Ctrl Pts',(-83.8177401256662,109.426241385805,87.038646354447));
#3807=CARTESIAN_POINT('Ctrl Pts',(-83.7846312965694,109.707737540434,86.057920371799));
#3808=CARTESIAN_POINT('Ctrl Pts',(-83.7515224674726,110.524076726676,85.2307094987268));
#3809=CARTESIAN_POINT('Ctrl Pts',(-83.7184136383758,111.500992994445,84.9362640132304));
#3810=CARTESIAN_POINT('Ctrl Pts',(-83.685304809279,112.477909262214,84.6418185277341));
#3811=CARTESIAN_POINT('Ctrl Pts',(-83.6521959801822,113.61540261151,84.8801384298136));
#3812=CARTESIAN_POINT('Ctrl Pts',(-83.6190871510854,114.391967966757,85.5419615082662));
#3813=CARTESIAN_POINT('Ctrl Pts',(-83.5859783219886,115.168533322004,86.2037845867188));
#3814=CARTESIAN_POINT('Ctrl Pts',(-83.5528694928919,115.584170683202,87.2891108415446));
#3815=CARTESIAN_POINT('Ctrl Pts',(-83.5197606637951,115.44832333754,88.3003521761514));
#3816=CARTESIAN_POINT('Ctrl Pts',(-83.4866518346983,115.312475991879,89.3115935107582));
#3817=CARTESIAN_POINT('Ctrl Pts',(-83.4535430056015,114.625143939357,90.2487499251462));
#3818=CARTESIAN_POINT('Ctrl Pts',(-83.4204341765047,113.701447399571,90.6821645540326));
#3819=CARTESIAN_POINT('Ctrl Pts',(-83.4058874208082,113.295610398732,90.8725903979442));
#3820=CARTESIAN_POINT('Ctrl Pts',(-83.3913406651118,112.844145877014,90.9657745237733));
#3821=CARTESIAN_POINT('Ctrl Pts',(-83.3767939094153,112.392162240298,90.964451568622));
#3822=CARTESIAN_POINT('Ctrl Pts',(-83.2875119572408,112.392545737145,90.9647509290239));
#3823=CARTESIAN_POINT('Ctrl Pts',(-83.3012336427971,112.818789985965,90.9664839090784));
#3824=CARTESIAN_POINT('Ctrl Pts',(-83.3149553283535,113.244392385605,90.8839463050767));
#3825=CARTESIAN_POINT('Ctrl Pts',(-83.3286770139098,113.631561688948,90.7139016158234));
#3826=CARTESIAN_POINT('Ctrl Pts',(-83.3617858430066,114.5657561247,90.3036035855861));
#3827=CARTESIAN_POINT('Ctrl Pts',(-83.3948946721034,115.276192807299,89.3838386982148));
#3828=CARTESIAN_POINT('Ctrl Pts',(-83.4280035012002,115.437158767875,88.3762903485346));
#3829=CARTESIAN_POINT('Ctrl Pts',(-83.461112330297,115.598124728451,87.3687419988545));
#3830=CARTESIAN_POINT('Ctrl Pts',(-83.4942211593937,115.209619967004,86.2734101868656));
#3831=CARTESIAN_POINT('Ctrl Pts',(-83.5273299884905,114.449761749113,85.5924702437644));
#3832=CARTESIAN_POINT('Ctrl Pts',(-83.5604388175873,113.689903531222,84.9115303006632));
#3833=CARTESIAN_POINT('Ctrl Pts',(-83.5935476466841,112.558691856887,84.6449822264498));
#3834=CARTESIAN_POINT('Ctrl Pts',(-83.6266564757809,111.574751850469,84.915029965157));
#3835=CARTESIAN_POINT('Ctrl Pts',(-83.6597653048777,110.590811844052,85.1850777038642));
#3836=CARTESIAN_POINT('Ctrl Pts',(-83.6928741339744,109.754143505552,85.9917212554921));
#3837=CARTESIAN_POINT('Ctrl Pts',(-83.7259829630712,109.448333064637,86.9651398148137));
#3838=CARTESIAN_POINT('Ctrl Pts',(-83.759091792168,109.142522623722,87.9385583741353));
#3839=CARTESIAN_POINT('Ctrl Pts',(-83.7922006212649,109.367570080391,89.0787519411507));
#3840=CARTESIAN_POINT('Ctrl Pts',(-83.8253094503616,110.020298223991,89.8629774750112));
#3841=CARTESIAN_POINT('Ctrl Pts',(-83.8543769526547,110.593353125914,90.5514789450308));
#3842=CARTESIAN_POINT('Ctrl Pts',(-83.8834444549477,111.496053735856,90.9656090489639));
#3843=CARTESIAN_POINT('Ctrl Pts',(-83.9125119572408,112.393211269319,90.9725040901458));
#3844=CARTESIAN_POINT('Origin',(-80.0509029333281,112.391155613357,87.8896607750357));
#3845=CARTESIAN_POINT('',(-84.6267939094153,112.388830384048,90.9718759078554));
#3846=CARTESIAN_POINT('',(-84.5375119572408,112.388603071629,90.9711519375839));
#3847=CARTESIAN_POINT('',(-80.0509029333281,112.391155613357,90.9690357750357));
#3848=CARTESIAN_POINT('Ctrl Pts',(-84.6267939094153,112.388830384048,90.9718759078554));
#3849=CARTESIAN_POINT('Ctrl Pts',(-84.6219799476065,112.240170247682,90.9731242202832));
#3850=CARTESIAN_POINT('Ctrl Pts',(-84.6171659857978,112.09167579496,90.9633007192867));
#3851=CARTESIAN_POINT('Ctrl Pts',(-84.612352023989,111.944883233993,90.9418375250684));
#3852=CARTESIAN_POINT('Ctrl Pts',(-84.5792431948922,110.935292795433,90.7942208098816));
#3853=CARTESIAN_POINT('Ctrl Pts',(-84.5461343657954,110.006205770689,90.0960197008966));
#3854=CARTESIAN_POINT('Ctrl Pts',(-84.5130255366986,109.583579443768,89.1673375551774));
#3855=CARTESIAN_POINT('Ctrl Pts',(-84.4799167076019,109.160953116847,88.2386554094581));
#3856=CARTESIAN_POINT('Ctrl Pts',(-84.4468078785051,109.244787487749,87.0794922270046));
#3857=CARTESIAN_POINT('Ctrl Pts',(-84.4136990494083,109.796647131973,86.2212880158792));
#3858=CARTESIAN_POINT('Ctrl Pts',(-84.3805902203115,110.348506776197,85.3630838047538));
#3859=CARTESIAN_POINT('Ctrl Pts',(-84.3474813912147,111.368391693744,84.8058385649566));
#3860=CARTESIAN_POINT('Ctrl Pts',(-84.3143725621179,112.388716587346,84.8050317901204));
#3861=CARTESIAN_POINT('Ctrl Pts',(-84.2812637330211,113.409041480948,84.8042250152843));
#3862=CARTESIAN_POINT('Ctrl Pts',(-84.2481549039243,114.429806350605,85.3598567054093));
#3863=CARTESIAN_POINT('Ctrl Pts',(-84.2150460748276,114.983022474847,86.2171871306889));
#3864=CARTESIAN_POINT('Ctrl Pts',(-84.1819372457308,115.536238599089,87.0745175559685));
#3865=CARTESIAN_POINT('Ctrl Pts',(-84.148828416634,115.621905977916,88.2335467164029));
#3866=CARTESIAN_POINT('Ctrl Pts',(-84.1157195875372,115.200748800184,89.1628960422548));
#3867=CARTESIAN_POINT('Ctrl Pts',(-84.0826107584404,114.779591622451,90.0922453681068));
#3868=CARTESIAN_POINT('Ctrl Pts',(-84.0495019293437,113.851609888159,90.7919148593764));
#3869=CARTESIAN_POINT('Ctrl Pts',(-84.0163931002469,112.842254159559,90.9411279668273));
#3870=CARTESIAN_POINT('Ctrl Pts',(-84.011526703303,112.69389718751,90.963059585368));
#3871=CARTESIAN_POINT('Ctrl Pts',(-84.0066603063592,112.543782239016,90.9730993290595));
#3872=CARTESIAN_POINT('Ctrl Pts',(-84.0017939094154,112.39349719506,90.9718313266326));
#3873=CARTESIAN_POINT('Ctrl Pts',(-83.9125119572408,112.393211269319,90.9725040901458));
#3874=CARTESIAN_POINT('Ctrl Pts',(-83.9165532840445,112.517945302212,90.9734627247908));
#3875=CARTESIAN_POINT('Ctrl Pts',(-83.9205946108482,112.642572187275,90.9665494937508));
#3876=CARTESIAN_POINT('Ctrl Pts',(-83.924635937652,112.766191104038,90.9514073255988));
#3877=CARTESIAN_POINT('Ctrl Pts',(-83.9577447667487,113.778947009955,90.8273541416199));
#3878=CARTESIAN_POINT('Ctrl Pts',(-83.9908535958455,114.724049991258,90.1509902729565));
#3879=CARTESIAN_POINT('Ctrl Pts',(-84.0239624249423,115.168199930562,89.232407370442));
#3880=CARTESIAN_POINT('Ctrl Pts',(-84.0570712540391,115.612349869866,88.3138244679276));
#3881=CARTESIAN_POINT('Ctrl Pts',(-84.0901800831359,115.55554676717,87.1530225315621));
#3882=CARTESIAN_POINT('Ctrl Pts',(-84.1232889122327,115.023833066165,86.2821928940505));
#3883=CARTESIAN_POINT('Ctrl Pts',(-84.1563977413294,114.49211936516,85.4113632565389));
#3884=CARTESIAN_POINT('Ctrl Pts',(-84.1895065704262,113.485495065845,84.8305059178812));
#3885=CARTESIAN_POINT('Ctrl Pts',(-84.222615399523,112.465465882837,84.8059257761714));
#3886=CARTESIAN_POINT('Ctrl Pts',(-84.2557242286198,111.445436699828,84.7813456344616));
#3887=CARTESIAN_POINT('Ctrl Pts',(-84.2888330577166,110.412002633125,85.3130426896998));
#3888=CARTESIAN_POINT('Ctrl Pts',(-84.3219418868134,109.838960836795,86.1572504939397));
#3889=CARTESIAN_POINT('Ctrl Pts',(-84.3550507159102,109.265919040464,87.0014582981796));
#3890=CARTESIAN_POINT('Ctrl Pts',(-84.388159545007,109.153269514506,88.1581768514214));
#3891=CARTESIAN_POINT('Ctrl Pts',(-84.4212683741037,109.552658537432,89.0970869247842));
#3892=CARTESIAN_POINT('Ctrl Pts',(-84.4543772032005,109.952047560357,90.035996998147));
#3893=CARTESIAN_POINT('Ctrl Pts',(-84.4874860322973,110.863475132166,90.7570985916309));
#3894=CARTESIAN_POINT('Ctrl Pts',(-84.5205948613941,111.869080258376,90.9297892074462));
#3895=CARTESIAN_POINT('Ctrl Pts',(-84.526233893343,112.040352984998,90.9592015402415));
#3896=CARTESIAN_POINT('Ctrl Pts',(-84.5318729252919,112.214357637264,90.9727054326177));
#3897=CARTESIAN_POINT('Ctrl Pts',(-84.5375119572408,112.388603071629,90.9711519375839));
#3898=CARTESIAN_POINT('Origin',(-80.0509029333281,112.391155613357,87.8896607750357));
#3899=CARTESIAN_POINT('',(-85.2517939094153,112.390124526424,90.9644671304308));
#3900=CARTESIAN_POINT('',(-85.1625119572408,112.390528147253,90.9642616310383));
#3901=CARTESIAN_POINT('',(-80.0509029333281,112.391155613357,90.9690357750357));
#3902=CARTESIAN_POINT('Ctrl Pts',(-85.2517939094153,112.390124526424,90.9644671304308));
#3903=CARTESIAN_POINT('Ctrl Pts',(-85.2372995888539,111.939775607917,90.9658189209075));
#3904=CARTESIAN_POINT('Ctrl Pts',(-85.2228052682925,111.489955006001,90.8733330606343));
#3905=CARTESIAN_POINT('Ctrl Pts',(-85.2083109477311,111.085281117346,90.68423351854));
#3906=CARTESIAN_POINT('Ctrl Pts',(-85.1752021186343,110.160899835542,90.2522805756644));
#3907=CARTESIAN_POINT('Ctrl Pts',(-85.1420932895376,109.472087510458,89.3162115501784));
#3908=CARTESIAN_POINT('Ctrl Pts',(-85.1089844604408,109.334641385945,88.305186117311));
#3909=CARTESIAN_POINT('Ctrl Pts',(-85.075875631344,109.197195261433,87.2941606844436));
#3910=CARTESIAN_POINT('Ctrl Pts',(-85.0427668022471,109.611115337492,86.2081788441946));
#3911=CARTESIAN_POINT('Ctrl Pts',(-85.0096579731504,110.386632999587,85.5451286198815));
#3912=CARTESIAN_POINT('Ctrl Pts',(-84.9765491440536,111.162150661681,84.8820783955684));
#3913=CARTESIAN_POINT('Ctrl Pts',(-84.9434403149569,112.299265909811,84.6419597871912));
#3914=CARTESIAN_POINT('Ctrl Pts',(-84.9103314858601,113.276646646699,84.9348599599984));
#3915=CARTESIAN_POINT('Ctrl Pts',(-84.8772226567633,114.254027383587,85.2277601328056));
#3916=CARTESIAN_POINT('Ctrl Pts',(-84.8441138276665,115.071673609233,86.0536790867972));
#3917=CARTESIAN_POINT('Ctrl Pts',(-84.8110049985697,115.354720312461,87.0339587041669));
#3918=CARTESIAN_POINT('Ctrl Pts',(-84.7778961694729,115.637767015688,88.0142383215367));
#3919=CARTESIAN_POINT('Ctrl Pts',(-84.7447873403762,115.386214196496,89.1488786022845));
#3920=CARTESIAN_POINT('Ctrl Pts',(-84.7116785112794,114.715390860713,89.9176825819642));
#3921=CARTESIAN_POINT('Ctrl Pts',(-84.6833836439914,114.142103982937,90.5747039013208));
#3922=CARTESIAN_POINT('Ctrl Pts',(-84.6550887767033,113.26260524903,90.9645387423605));
#3923=CARTESIAN_POINT('Ctrl Pts',(-84.6267939094153,112.388830384048,90.9718759078554));
#3924=CARTESIAN_POINT('Ctrl Pts',(-84.5375119572408,112.388603071629,90.9711519375839));
#3925=CARTESIAN_POINT('Ctrl Pts',(-84.5649817543887,113.237416623199,90.9635842923151));
#3926=CARTESIAN_POINT('Ctrl Pts',(-84.5924515515366,114.091943987358,90.5987015066062));
#3927=CARTESIAN_POINT('Ctrl Pts',(-84.6199213486845,114.664212380364,89.9748841433661));
#3928=CARTESIAN_POINT('Ctrl Pts',(-84.6530301777813,115.35395669553,89.2230088253241));
#3929=CARTESIAN_POINT('Ctrl Pts',(-84.686139006878,115.63366264525,88.0949785510935));
#3930=CARTESIAN_POINT('Ctrl Pts',(-84.7192478359748,115.375093821726,87.1079598669999));
#3931=CARTESIAN_POINT('Ctrl Pts',(-84.7523566650716,115.116524998203,86.1209411829063));
#3932=CARTESIAN_POINT('Ctrl Pts',(-84.7854654941683,114.319681401437,85.2749340889497));
#3933=CARTESIAN_POINT('Ctrl Pts',(-84.8185743232651,113.349890843096,84.9578063537428));
#3934=CARTESIAN_POINT('Ctrl Pts',(-84.8516831523619,112.380100284756,84.6406786185359));
#3935=CARTESIAN_POINT('Ctrl Pts',(-84.8847919814588,111.237362764842,84.8524302420788));
#3936=CARTESIAN_POINT('Ctrl Pts',(-84.9179008105556,110.445587691492,85.4959797114435));
#3937=CARTESIAN_POINT('Ctrl Pts',(-84.9510096396523,109.653812618142,86.1395291808082));
#3938=CARTESIAN_POINT('Ctrl Pts',(-84.9841184687491,109.212999991356,87.2148764959949));
#3939=CARTESIAN_POINT('Ctrl Pts',(-85.0172272978459,109.325248501003,88.2290086450642));
#3940=CARTESIAN_POINT('Ctrl Pts',(-85.0503361269426,109.43749701065,89.2431407941335));
#3941=CARTESIAN_POINT('Ctrl Pts',(-85.0834449560394,110.10280665673,90.1960577770855));
#3942=CARTESIAN_POINT('Ctrl Pts',(-85.1165537851362,111.016154000527,90.6508768892719));
#3943=CARTESIAN_POINT('Ctrl Pts',(-85.1318731758378,111.438758036595,90.8613208061416));
#3944=CARTESIAN_POINT('Ctrl Pts',(-85.1471925665393,111.914464336028,90.9651272055776));
#3945=CARTESIAN_POINT('Ctrl Pts',(-85.1625119572408,112.390528147253,90.9642616310383));
#3946=CARTESIAN_POINT('Origin',(-80.0509029333281,112.391155613357,87.8896607750357));
#3947=CARTESIAN_POINT('',(-85.8767939094153,112.394045907783,90.9680017600803));
#3948=CARTESIAN_POINT('',(-85.7875119572408,112.393998141301,90.9688371664359));
#3949=CARTESIAN_POINT('',(-80.0509029333281,112.391155613357,90.9690357750357));
#3950=CARTESIAN_POINT('Ctrl Pts',(-85.8767939094153,112.394045907783,90.9680017600803));
#3951=CARTESIAN_POINT('Ctrl Pts',(-85.8526192301013,111.645128525566,90.9614288889549));
#3952=CARTESIAN_POINT('Ctrl Pts',(-85.8284445507873,110.89179892991,90.6864340030715));
#3953=CARTESIAN_POINT('Ctrl Pts',(-85.8042698714733,110.336162381271,90.1901473614999));
#3954=CARTESIAN_POINT('Ctrl Pts',(-85.7711610423765,109.57518122037,89.5104498405783));
#3955=CARTESIAN_POINT('Ctrl Pts',(-85.7380522132797,109.185015317529,88.4156726760885));
#3956=CARTESIAN_POINT('Ctrl Pts',(-85.7049433841829,109.344401678991,87.4078534162749));
#3957=CARTESIAN_POINT('Ctrl Pts',(-85.6718345550861,109.503788040453,86.4000341564612));
#3958=CARTESIAN_POINT('Ctrl Pts',(-85.6387257259893,110.212726666218,85.4791728013235));
#3959=CARTESIAN_POINT('Ctrl Pts',(-85.6056168968925,111.146258762593,85.0674000451618));
#3960=CARTESIAN_POINT('Ctrl Pts',(-85.5725080677957,112.079790858967,84.6556272890001));
#3961=CARTESIAN_POINT('Ctrl Pts',(-85.539399238699,113.237916425952,84.7529431318142));
#3962=CARTESIAN_POINT('Ctrl Pts',(-85.5062904096022,114.089639138119,85.3147576351781));
#3963=CARTESIAN_POINT('Ctrl Pts',(-85.4731815805054,114.941361850286,85.876572138542));
#3964=CARTESIAN_POINT('Ctrl Pts',(-85.4400727514086,115.486681707634,86.9028853024558));
#3965=CARTESIAN_POINT('Ctrl Pts',(-85.4069639223118,115.475601854844,87.9231521703421));
#3966=CARTESIAN_POINT('Ctrl Pts',(-85.373855093215,115.464522002055,88.9434190382285));
#3967=CARTESIAN_POINT('Ctrl Pts',(-85.3407462641182,114.897042439126,89.9576396100874));
#3968=CARTESIAN_POINT('Ctrl Pts',(-85.3076374350215,114.0333275384,90.5008314658842));
#3969=CARTESIAN_POINT('Ctrl Pts',(-85.2890229264861,113.5477281128,90.8062258187477));
#3970=CARTESIAN_POINT('Ctrl Pts',(-85.2704084179507,112.968490635545,90.9627310769704));
#3971=CARTESIAN_POINT('Ctrl Pts',(-85.2517939094153,112.390124526424,90.9644671304308));
#3972=CARTESIAN_POINT('Ctrl Pts',(-85.1625119572408,112.390528147253,90.9642616310383));
#3973=CARTESIAN_POINT('Ctrl Pts',(-85.1803013956361,112.943350906787,90.9632564941341));
#3974=CARTESIAN_POINT('Ctrl Pts',(-85.1980908340313,113.49665576047,90.8211042748973));
#3975=CARTESIAN_POINT('Ctrl Pts',(-85.2158802724266,113.967850041847,90.5408828051582));
#3976=CARTESIAN_POINT('Ctrl Pts',(-85.2489891015234,114.844813697856,90.0193483674377));
#3977=CARTESIAN_POINT('Ctrl Pts',(-85.2820979306202,115.437355968361,89.0195582505761));
#3978=CARTESIAN_POINT('Ctrl Pts',(-85.3152067597169,115.473815653306,87.9998844137112));
#3979=CARTESIAN_POINT('Ctrl Pts',(-85.3483155888137,115.51027533825,86.9802105768464));
#3980=CARTESIAN_POINT('Ctrl Pts',(-85.3814244179105,114.990652437634,85.9406530199785));
#3981=CARTESIAN_POINT('Ctrl Pts',(-85.4145332470073,114.153175940114,85.3578173710619));
#3982=CARTESIAN_POINT('Ctrl Pts',(-85.4476420761041,113.315699442595,84.7749817221452));
#3983=CARTESIAN_POINT('Ctrl Pts',(-85.4807509052008,112.160369348172,84.6488679811799));
#3984=CARTESIAN_POINT('Ctrl Pts',(-85.5138597342976,111.216872187152,85.0372931479241));
#3985=CARTESIAN_POINT('Ctrl Pts',(-85.5469685633944,110.273375026132,85.4257183146683));
#3986=CARTESIAN_POINT('Ctrl Pts',(-85.5800773924912,109.541710798514,86.3286823891221));
#3987=CARTESIAN_POINT('Ctrl Pts',(-85.613186221588,109.357316504046,87.3322092534634));
#3988=CARTESIAN_POINT('Ctrl Pts',(-85.6462950506848,109.172922209577,88.3357361178047));
#3989=CARTESIAN_POINT('Ctrl Pts',(-85.6794038797816,109.535797848257,89.4398257720335));
#3990=CARTESIAN_POINT('Ctrl Pts',(-85.7125127088784,110.279593418252,90.1382779456708));
#3991=CARTESIAN_POINT('Ctrl Pts',(-85.7375124583325,110.841217112059,90.6656638370771));
#3992=CARTESIAN_POINT('Ctrl Pts',(-85.7625122077867,111.62001957411,90.9617784267053));
#3993=CARTESIAN_POINT('Ctrl Pts',(-85.7875119572408,112.393998141301,90.9688371664359));
#3994=CARTESIAN_POINT('Origin',(-78.8955162086915,112.391155613357,87.8896607750357));
#3995=CARTESIAN_POINT('',(-86.0830162086915,112.393710652402,90.6109341990994));
#3996=CARTESIAN_POINT('',(-86.2062896579646,112.389975674698,90.6154067078551));
#3997=CARTESIAN_POINT('',(-78.8955162086915,112.391155613357,90.6118482750357));
#3998=CARTESIAN_POINT('',(-86.3009023079251,114.610216911522,86.3052229417644));
#3999=CARTESIAN_POINT('Ctrl Pts',(-86.0830162086915,112.393710652402,90.6109341990994));
#4000=CARTESIAN_POINT('Ctrl Pts',(-86.0919503584743,112.638381301367,90.6130815503052));
#4001=CARTESIAN_POINT('Ctrl Pts',(-86.1339933373538,113.78726352797,90.4706765266808));
#4002=CARTESIAN_POINT('Ctrl Pts',(-86.2066220370983,115.406573698352,88.9044168650353));
#4003=CARTESIAN_POINT('Ctrl Pts',(-86.2703165870601,115.090786081028,86.9865241330887));
#4004=CARTESIAN_POINT('Ctrl Pts',(-86.3009023079251,114.610227941617,86.3052096299788));
#4005=CARTESIAN_POINT('',(-86.3009023079251,114.607244793305,89.4705635334853));
#4006=CARTESIAN_POINT('Origin',(-86.3009023079251,112.391155613357,87.8896607750357));
#4007=CARTESIAN_POINT('Ctrl Pts',(-86.2062896579646,112.389975674698,90.6154067078551));
#4008=CARTESIAN_POINT('Ctrl Pts',(-86.2378272079514,113.247679844861,90.6123907639633));
#4009=CARTESIAN_POINT('Ctrl Pts',(-86.2693647579382,114.106019521375,90.1731746813904));
#4010=CARTESIAN_POINT('Ctrl Pts',(-86.3009023079251,114.607244793305,89.4705635334853));
#4011=CARTESIAN_POINT('Origin',(-78.8955162086915,112.391155613357,87.8896607750357));
#4012=CARTESIAN_POINT('',(-85.4580162086915,112.390244125812,90.6078095635323));
#4013=CARTESIAN_POINT('',(-85.5812896579646,112.393668426522,90.6116727037436));
#4014=CARTESIAN_POINT('',(-78.8955162086915,112.391155613357,90.6118482750357));
#4015=CARTESIAN_POINT('Ctrl Pts',(-85.4580162086915,112.390244125812,90.6078095635323));
#4016=CARTESIAN_POINT('Ctrl Pts',(-85.4766307172269,112.901523522661,90.6062748809979));
#4017=CARTESIAN_POINT('Ctrl Pts',(-85.5283540548591,114.324334071232,90.2218430355977));
#4018=CARTESIAN_POINT('Ctrl Pts',(-85.613186221588,115.609687081249,87.9246123509651));
#4019=CARTESIAN_POINT('Ctrl Pts',(-85.7125127088784,114.163488194291,85.2028098430945));
#4020=CARTESIAN_POINT('Ctrl Pts',(-85.8118391961687,111.09211662518,84.9447263318036));
#4021=CARTESIAN_POINT('Ctrl Pts',(-85.9111656834591,109.211997576357,87.3868685881269));
#4022=CARTESIAN_POINT('Ctrl Pts',(-86.0015580209667,110.153654196619,90.0290886210618));
#4023=CARTESIAN_POINT('Ctrl Pts',(-86.0588415293775,111.731662822435,90.6051237383349));
#4024=CARTESIAN_POINT('Ctrl Pts',(-86.0830162086915,112.393710652402,90.6109341990994));
#4025=CARTESIAN_POINT('Ctrl Pts',(-85.5812896579646,112.393668426522,90.6116727037436));
#4026=CARTESIAN_POINT('Ctrl Pts',(-85.5893987376073,112.615600617106,90.6136967411493));
#4027=CARTESIAN_POINT('Ctrl Pts',(-85.6306166463467,113.741386529066,90.4873304488115));
#4028=CARTESIAN_POINT('Ctrl Pts',(-85.7049433841829,115.438532342666,88.9256834329094));
#4029=CARTESIAN_POINT('Ctrl Pts',(-85.8042698714733,114.912530791781,85.8886544757581));
#4030=CARTESIAN_POINT('Ctrl Pts',(-85.9035963587636,112.07401248868,84.6867489334762));
#4031=CARTESIAN_POINT('Ctrl Pts',(-86.002922846054,109.527496448638,86.4210238227411));
#4032=CARTESIAN_POINT('Ctrl Pts',(-86.1022493333443,109.60420012787,89.5033695661717));
#4033=CARTESIAN_POINT('Ctrl Pts',(-86.1700382706479,111.404107462689,90.5949753205871));
#4034=CARTESIAN_POINT('Ctrl Pts',(-86.2047183788546,112.347242721578,90.6155569696743));
#4035=CARTESIAN_POINT('Ctrl Pts',(-86.2062896579646,112.389975674698,90.6154067078551));
#4036=CARTESIAN_POINT('Origin',(-78.8955162086915,112.391155613357,87.8896607750357));
#4037=CARTESIAN_POINT('',(-84.8330162086915,112.389100095546,90.6143589708945));
#4038=CARTESIAN_POINT('',(-84.9562896579646,112.390600929246,90.6076279007348));
#4039=CARTESIAN_POINT('',(-78.8955162086915,112.391155613357,90.6118482750357));
#4040=CARTESIAN_POINT('Ctrl Pts',(-84.8330162086915,112.389100095546,90.6143589708945));
#4041=CARTESIAN_POINT('Ctrl Pts',(-84.8613110759795,113.161522751205,90.6078728689432));
#4042=CARTESIAN_POINT('Ctrl Pts',(-84.9227147723643,114.848765338238,89.8600082952333));
#4043=CARTESIAN_POINT('Ctrl Pts',(-85.0172272978458,115.483555505145,86.9967587577813));
#4044=CARTESIAN_POINT('Ctrl Pts',(-85.1165537851363,113.315141783325,84.8064055991997));
#4045=CARTESIAN_POINT('Ctrl Pts',(-85.2158802724265,110.299489989194,85.4432048272008));
#4046=CARTESIAN_POINT('Ctrl Pts',(-85.315206759717,109.20176588247,88.3232498273252));
#4047=CARTESIAN_POINT('Ctrl Pts',(-85.3959187384719,110.686164488662,90.3404895109529));
#4048=CARTESIAN_POINT('Ctrl Pts',(-85.4435218881301,111.992132756914,90.6090045550934));
#4049=CARTESIAN_POINT('Ctrl Pts',(-85.4580162086915,112.390244125812,90.6078095635323));
#4050=CARTESIAN_POINT('Ctrl Pts',(-84.9562896579646,112.390600929246,90.6076279007347));
#4051=CARTESIAN_POINT('Ctrl Pts',(-84.9740790963599,112.87929983916,90.6067393531832));
#4052=CARTESIAN_POINT('Ctrl Pts',(-85.0249773638519,114.27876050921,90.2471971611028));
#4053=CARTESIAN_POINT('Ctrl Pts',(-85.1089844604408,115.607827727301,88.004676525132));
#4054=CARTESIAN_POINT('Ctrl Pts',(-85.2083109477311,114.229777670289,85.2477496290869));
#4055=CARTESIAN_POINT('Ctrl Pts',(-85.3076374350215,111.165819748882,84.9132935307869));
#4056=CARTESIAN_POINT('Ctrl Pts',(-85.4069639223118,109.225431961148,87.3079718500179));
#4057=CARTESIAN_POINT('Ctrl Pts',(-85.4981813299596,110.109218072972,89.9969897906139));
#4058=CARTESIAN_POINT('Ctrl Pts',(-85.5562899085105,111.70946634627,90.6054327319765));
#4059=CARTESIAN_POINT('Ctrl Pts',(-85.5812896579646,112.393668426522,90.6116727037436));
#4060=CARTESIAN_POINT('Origin',(-78.8955162086915,112.391155613357,87.8896607750357));
#4061=CARTESIAN_POINT('',(-84.2080162086915,112.393225586791,90.614319560804));
#4062=CARTESIAN_POINT('',(-84.3312896579646,112.388899149891,90.6137189764724));
#4063=CARTESIAN_POINT('',(-78.8955162086915,112.391155613357,90.6118482750357));
#4064=CARTESIAN_POINT('Ctrl Pts',(-84.2080162086915,112.393225586791,90.614319560804));
#4065=CARTESIAN_POINT('Ctrl Pts',(-84.2128826056353,112.526078541723,90.6154404831848));
#4066=CARTESIAN_POINT('Ctrl Pts',(-84.250857831676,113.561631310694,90.5461823281254));
#4067=CARTESIAN_POINT('Ctrl Pts',(-84.3219418868133,115.322890438062,89.218247486198));
#4068=CARTESIAN_POINT('Ctrl Pts',(-84.4212683741038,115.095698880228,86.1444795696533));
#4069=CARTESIAN_POINT('Ctrl Pts',(-84.5205948613941,112.388610556832,84.6709335012512));
#4070=CARTESIAN_POINT('Ctrl Pts',(-84.6199213486845,109.683855883578,86.1487587348235));
#4071=CARTESIAN_POINT('Ctrl Pts',(-84.7192478359748,109.461525498477,89.2228820803743));
#4072=CARTESIAN_POINT('Ctrl Pts',(-84.7902794559771,111.223581667553,90.5470525171334));
#4073=CARTESIAN_POINT('Ctrl Pts',(-84.8282022468827,112.257683569477,90.6154624871882));
#4074=CARTESIAN_POINT('Ctrl Pts',(-84.8330162086915,112.389100095546,90.6143589708945));
#4075=CARTESIAN_POINT('Ctrl Pts',(-84.3312896579646,112.388899149891,90.6137189764724));
#4076=CARTESIAN_POINT('Ctrl Pts',(-84.3587594551125,113.139255842374,90.6070291289042));
#4077=CARTESIAN_POINT('Ctrl Pts',(-84.4193380813572,114.805142302791,89.8956963877347));
#4078=CARTESIAN_POINT('Ctrl Pts',(-84.5130255366986,115.504814765257,87.0739769337953));
#4079=CARTESIAN_POINT('Ctrl Pts',(-84.612352023989,113.391570020555,84.8303496366198));
#4080=CARTESIAN_POINT('Ctrl Pts',(-84.7116785112794,110.361007852103,85.3919190681242));
#4081=CARTESIAN_POINT('Ctrl Pts',(-84.8110049985697,109.191964176867,88.2437611005752));
#4082=CARTESIAN_POINT('Ctrl Pts',(-84.8925420474648,110.640370602031,90.3183005107412));
#4083=CARTESIAN_POINT('Ctrl Pts',(-84.9409702672631,111.969757428172,90.6083930742492));
#4084=CARTESIAN_POINT('Ctrl Pts',(-84.9562896579646,112.390600929246,90.6076279007347));
#4085=CARTESIAN_POINT('Origin',(-78.8955162086915,112.391155613357,87.8896607750357));
#4086=CARTESIAN_POINT('',(-83.5830162086914,112.392045478111,90.6077958067924));
#4087=CARTESIAN_POINT('',(-83.7062896579646,112.392972826579,90.6149142881192));
#4088=CARTESIAN_POINT('',(-78.8955162086915,112.391155613357,90.6118482750357));
#4089=CARTESIAN_POINT('Ctrl Pts',(-83.5830162086914,112.392045478111,90.6077958067924));
#4090=CARTESIAN_POINT('Ctrl Pts',(-83.5975629643879,112.791601948522,90.6089653077385));
#4091=CARTESIAN_POINT('Ctrl Pts',(-83.6452185491812,114.09905692029,90.3391012481187));
#4092=CARTESIAN_POINT('Ctrl Pts',(-83.7259829630713,115.581227799963,88.3182061916326));
#4093=CARTESIAN_POINT('Ctrl Pts',(-83.8253094503615,114.478949419591,85.4398998168243));
#4094=CARTESIAN_POINT('Ctrl Pts',(-83.924635937652,111.4622948938,84.8078707929717));
#4095=CARTESIAN_POINT('Ctrl Pts',(-84.0239624249423,109.297347465946,87.0016501461274));
#4096=CARTESIAN_POINT('Ctrl Pts',(-84.1184225152888,109.936310223123,89.862304377263));
#4097=CARTESIAN_POINT('Ctrl Pts',(-84.1797737765386,111.622205341365,90.6078142192432));
#4098=CARTESIAN_POINT('Ctrl Pts',(-84.2080162086915,112.393225586791,90.614319560804));
#4099=CARTESIAN_POINT('Ctrl Pts',(-83.7062896579646,112.392972826579,90.6149142881192));
#4100=CARTESIAN_POINT('Ctrl Pts',(-83.7103309847683,112.503238521782,90.6157617273715));
#4101=CARTESIAN_POINT('Ctrl Pts',(-83.7474811406688,113.51599228469,90.5595828318941));
#4102=CARTESIAN_POINT('Ctrl Pts',(-83.8177401256661,115.288926568911,89.2907806853726));
#4103=CARTESIAN_POINT('Ctrl Pts',(-83.9170666129565,115.138283633783,86.2123113325171));
#4104=CARTESIAN_POINT('Ctrl Pts',(-84.0163931002468,112.468696378458,84.6718663526975));
#4105=CARTESIAN_POINT('Ctrl Pts',(-84.1157195875373,109.728009097643,86.0819373030262));
#4106=CARTESIAN_POINT('Ctrl Pts',(-84.2150460748275,109.429260359885,89.1495774442751));
#4107=CARTESIAN_POINT('Ctrl Pts',(-84.2869027649701,111.177902761172,90.533065129971));
#4108=CARTESIAN_POINT('Ctrl Pts',(-84.3256506260157,112.234865054219,90.615092276172));
#4109=CARTESIAN_POINT('Ctrl Pts',(-84.3312896579646,112.388899149891,90.6137189764724));
#4110=CARTESIAN_POINT('Origin',(-78.8955162086915,112.391155613357,87.8896607750357));
#4111=CARTESIAN_POINT('',(-82.9580162086915,112.388688413241,90.6110508214539));
#4112=CARTESIAN_POINT('',(-83.0812896579646,112.392384491815,90.608060443332));
#4113=CARTESIAN_POINT('',(-78.8955162086915,112.391155613357,90.6118482750357));
#4114=CARTESIAN_POINT('Ctrl Pts',(-82.9580162086915,112.388688413241,90.6110508214539));
#4115=CARTESIAN_POINT('Ctrl Pts',(-82.9822433231406,113.052133418969,90.6052004742516));
#4116=CARTESIAN_POINT('Ctrl Pts',(-83.0395792666865,114.631372834432,90.0269819693411));
#4117=CARTESIAN_POINT('Ctrl Pts',(-83.1300240393291,115.56958079104,87.3818959478897));
#4118=CARTESIAN_POINT('Ctrl Pts',(-83.2293505266195,113.685504364598,84.9426499097733));
#4119=CARTESIAN_POINT('Ctrl Pts',(-83.3286770139098,110.614591208456,85.2056282407598));
#4120=CARTESIAN_POINT('Ctrl Pts',(-83.4280035012002,109.172676331482,87.9296962837249));
#4121=CARTESIAN_POINT('Ctrl Pts',(-83.5127832327941,110.460872815887,90.2234800994944));
#4122=CARTESIAN_POINT('Ctrl Pts',(-83.5644541352912,111.882200074359,90.6063034903709));
#4123=CARTESIAN_POINT('Ctrl Pts',(-83.5830162086914,112.392045478111,90.6077958067924));
#4124=CARTESIAN_POINT('Ctrl Pts',(-83.0812896579646,112.392384491815,90.608060443332));
#4125=CARTESIAN_POINT('Ctrl Pts',(-83.0950113435209,112.769187176153,90.6095924089555));
#4126=CARTESIAN_POINT('Ctrl Pts',(-83.1418418581741,114.053234385809,90.3605755326419));
#4127=CARTESIAN_POINT('Ctrl Pts',(-83.221781201924,115.569577872191,88.3974456294015));
#4128=CARTESIAN_POINT('Ctrl Pts',(-83.3211076892144,114.539255675023,85.4926043220435));
#4129=CARTESIAN_POINT('Ctrl Pts',(-83.4204341765047,111.539260273622,84.7857136356805));
#4130=CARTESIAN_POINT('Ctrl Pts',(-83.5197606637951,109.320399537879,86.9249480516226));
#4131=CARTESIAN_POINT('Ctrl Pts',(-83.6150458242817,109.892946365567,89.8257327101366));
#4132=CARTESIAN_POINT('Ctrl Pts',(-83.6772221556715,111.599879740117,90.6088190269323));
#4133=CARTESIAN_POINT('Ctrl Pts',(-83.7062896579646,112.392972826579,90.6149142881192));
#4134=CARTESIAN_POINT('Origin',(-78.8955162086915,112.391155613357,87.8896607750357));
#4135=CARTESIAN_POINT('',(-82.3330162086915,112.391561680393,90.6164193675128));
#4136=CARTESIAN_POINT('',(-82.4562896579646,112.388781345068,90.6104084903277));
#4137=CARTESIAN_POINT('',(-78.8955162086915,112.391155613357,90.6118482750357));
#4138=CARTESIAN_POINT('Ctrl Pts',(-82.3330162086915,112.391561680393,90.6164193675128));
#4139=CARTESIAN_POINT('Ctrl Pts',(-82.3338148527965,112.413320504199,90.6164646003377));
#4140=CARTESIAN_POINT('Ctrl Pts',(-82.3677223259982,113.337076563689,90.6063653457632));
#4141=CARTESIAN_POINT('Ctrl Pts',(-82.4347386282965,115.138272851318,89.5670273449498));
#4142=CARTESIAN_POINT('Ctrl Pts',(-82.5340651155869,115.288935128538,86.4885592043284));
#4143=CARTESIAN_POINT('Ctrl Pts',(-82.6333916028774,112.782515100737,84.6948134419812));
#4144=CARTESIAN_POINT('Ctrl Pts',(-82.7327180901676,109.917242937009,85.8305425658193));
#4145=CARTESIAN_POINT('Ctrl Pts',(-82.832044577458,109.320393736944,88.8543541088027));
#4146=CARTESIAN_POINT('Ctrl Pts',(-82.9071439502993,110.998033103797,90.4718098471394));
#4147=CARTESIAN_POINT('Ctrl Pts',(-82.9491344940438,112.145467981947,90.6131955718966));
#4148=CARTESIAN_POINT('Ctrl Pts',(-82.9580162086915,112.388688413241,90.6110508214539));
#4149=CARTESIAN_POINT('Ctrl Pts',(-82.4562896579646,112.388781345068,90.6104084903277));
#4150=CARTESIAN_POINT('Ctrl Pts',(-82.4796917022736,113.030016288939,90.6050680692641));
#4151=CARTESIAN_POINT('Ctrl Pts',(-82.5362025756794,114.586657281692,90.0581502247042));
#4152=CARTESIAN_POINT('Ctrl Pts',(-82.6258222781818,115.581230768921,87.4611353782919));
#4153=CARTESIAN_POINT('Ctrl Pts',(-82.7251487654722,113.758428242458,84.9757666329152));
#4154=CARTESIAN_POINT('Ctrl Pts',(-82.8244752527626,110.681922358099,85.1622562958871));
#4155=CARTESIAN_POINT('Ctrl Pts',(-82.9238017400529,109.172676306158,87.8496050275575));
#4156=CARTESIAN_POINT('Ctrl Pts',(-83.0094065417869,110.415379889172,90.1973584539211));
#4157=CARTESIAN_POINT('Ctrl Pts',(-83.0619025144242,111.860006184669,90.6058959543325));
#4158=CARTESIAN_POINT('Ctrl Pts',(-83.0812896579646,112.392384491815,90.608060443332));
#4159=CARTESIAN_POINT('Origin',(-78.8955162086915,112.391155613357,87.8896607750357));
#4160=CARTESIAN_POINT('',(-81.7080162086915,112.393393162838,90.6098439948513));
#4161=CARTESIAN_POINT('',(-81.8312896579646,112.391142104206,90.6164938666796));
#4162=CARTESIAN_POINT('',(-78.8955162086915,112.391155613357,90.6118482750357));
#4163=CARTESIAN_POINT('Ctrl Pts',(-81.7080162086915,112.393393162838,90.6098439948513));
#4164=CARTESIAN_POINT('Ctrl Pts',(-81.718495211549,112.680676856519,90.6120644721373));
#4165=CARTESIAN_POINT('Ctrl Pts',(-81.7620830435033,113.873020223007,90.4378092453387));
#4166=CARTESIAN_POINT('Ctrl Pts',(-81.8387797045544,115.504809368709,88.7053641223386));
#4167=CARTESIAN_POINT('Ctrl Pts',(-81.9381061918448,114.763042612664,85.7138014498502));
#4168=CARTESIAN_POINT('Ctrl Pts',(-82.0374326791352,111.846404030869,84.7173654776692));
#4169=CARTESIAN_POINT('Ctrl Pts',(-82.1367591664256,109.429268536348,86.6297255921612));
#4170=CARTESIAN_POINT('Ctrl Pts',(-82.2352870096109,109.725595998932,89.6727016811018));
#4171=CARTESIAN_POINT('Ctrl Pts',(-82.3007060236997,111.511280190746,90.6145894148065));
#4172=CARTESIAN_POINT('Ctrl Pts',(-82.3330162086915,112.391561680393,90.6164193675128));
#4173=CARTESIAN_POINT('Ctrl Pts',(-81.8312896579646,112.3911421043,90.6164938343086));
#4174=CARTESIAN_POINT('Ctrl Pts',(-81.8643720610261,113.292396455641,90.6164276767595));
#4175=CARTESIAN_POINT('Ctrl Pts',(-81.9305632931846,115.095748590631,89.6340413521901));
#4176=CARTESIAN_POINT('Ctrl Pts',(-82.0298633544397,115.322899043555,86.561092382025));
#4177=CARTESIAN_POINT('Ctrl Pts',(-82.1291898417301,112.861884857342,84.7055396257167));
#4178=CARTESIAN_POINT('Ctrl Pts',(-82.2285163290204,109.96924144063,85.7696265175607));
#4179=CARTESIAN_POINT('Ctrl Pts',(-82.3278428163109,109.297341616508,88.7776520288753));
#4180=CARTESIAN_POINT('Ctrl Pts',(-82.4037672592922,110.952201251284,90.4545715268035));
#4181=CARTESIAN_POINT('Ctrl Pts',(-82.4465828731768,112.122807590109,90.6126236095394));
#4182=CARTESIAN_POINT('Ctrl Pts',(-82.4562896579646,112.388781345068,90.6104084903277));
#4183=CARTESIAN_POINT('Origin',(-78.8955162086915,112.391155613357,87.8896607750357));
#4184=CARTESIAN_POINT('',(-81.0830162086915,112.389632531209,90.6083826762559));
#4185=CARTESIAN_POINT('',(-81.2062896579646,112.393537493923,90.6104485228774));
#4186=CARTESIAN_POINT('',(-78.8955162086915,112.391155613357,90.6118482750357));
#4187=CARTESIAN_POINT('Ctrl Pts',(-81.0830162086915,112.389632531209,90.6083826762559));
#4188=CARTESIAN_POINT('Ctrl Pts',(-81.1031755703017,112.94305198269,90.6055756633372));
#4189=CARTESIAN_POINT('Ctrl Pts',(-81.1564437610086,114.409423325596,90.1721562678117));
#4190=CARTESIAN_POINT('Ctrl Pts',(-81.2428207808122,115.607828172534,87.7746652586383));
#4191=CARTESIAN_POINT('Ctrl Pts',(-81.3421472681028,114.036411332823,85.1231927369827));
#4192=CARTESIAN_POINT('Ctrl Pts',(-81.441473755393,110.956396559936,85.0083972709044));
#4193=CARTESIAN_POINT('Ctrl Pts',(-81.5408002426834,109.191966678796,87.5355403659482));
#4194=CARTESIAN_POINT('Ctrl Pts',(-81.6296477271162,110.237659429611,90.086517740714));
#4195=CARTESIAN_POINT('Ctrl Pts',(-81.6853863824522,111.772992523793,90.6050487852466));
#4196=CARTESIAN_POINT('Ctrl Pts',(-81.7080162086915,112.393393162838,90.6098439948513));
#4197=CARTESIAN_POINT('Ctrl Pts',(-81.2062896579646,112.393537493923,90.6104485228773));
#4198=CARTESIAN_POINT('Ctrl Pts',(-81.2159435906821,112.658053226637,90.6126610976044));
#4199=CARTESIAN_POINT('Ctrl Pts',(-81.2587063524963,113.827173672787,90.4556965358925));
#4200=CARTESIAN_POINT('Ctrl Pts',(-81.3345779434071,115.48355015755,88.7825823118493));
#4201=CARTESIAN_POINT('Ctrl Pts',(-81.4339044306976,114.816446040945,85.7734897259899));
#4202=CARTESIAN_POINT('Ctrl Pts',(-81.5332309179879,111.925502374811,84.7047933226609));
#4203=CARTESIAN_POINT('Ctrl Pts',(-81.6325574052783,109.461533628569,86.5564209356515));
#4204=CARTESIAN_POINT('Ctrl Pts',(-81.7318838925687,109.683844705085,89.6305459436668));
#4205=CARTESIAN_POINT('Ctrl Pts',(-81.7981279767974,111.487728051817,90.6161673710884));
#4206=CARTESIAN_POINT('Ctrl Pts',(-81.8312632319294,112.390422187456,90.6164938871548));
#4207=CARTESIAN_POINT('Ctrl Pts',(-81.8312896579646,112.3911421043,90.6164938343086));
#4208=CARTESIAN_POINT('Origin',(-78.8955162086915,112.391155613357,87.8896607750357));
#4209=CARTESIAN_POINT('',(-80.4580162086915,112.389522396452,90.6153554619418));
#4210=CARTESIAN_POINT('',(-80.5812896579646,112.389939548346,90.6080342252554));
#4211=CARTESIAN_POINT('',(-78.8955162086915,112.391155613357,90.6118482750357));
#4212=CARTESIAN_POINT('Ctrl Pts',(-80.4580162086915,112.389522396452,90.6153554619418));
#4213=CARTESIAN_POINT('Ctrl Pts',(-80.4878559290542,113.203257412359,90.6098444215952));
#4214=CARTESIAN_POINT('Ctrl Pts',(-80.5508044785139,114.929830866581,89.7907258603643));
#4215=CARTESIAN_POINT('Ctrl Pts',(-80.6468618570701,115.438538547455,86.8536573675088));
#4216=CARTESIAN_POINT('Ctrl Pts',(-80.7461883443606,113.170572241395,84.7667373229355));
#4217=CARTESIAN_POINT('Ctrl Pts',(-80.8455148316509,110.187800154512,85.5432687724306));
#4218=CARTESIAN_POINT('Ctrl Pts',(-80.9448413189412,109.225428583204,88.471329747074));
#4219=CARTESIAN_POINT('Ctrl Pts',(-81.0240084446214,110.771981996006,90.3799923205749));
#4220=CARTESIAN_POINT('Ctrl Pts',(-81.0700667412049,112.034140758601,90.610185775145));
#4221=CARTESIAN_POINT('Ctrl Pts',(-81.0830162086915,112.389632531209,90.6083826762559));
#4222=CARTESIAN_POINT('Ctrl Pts',(-80.5812896579646,112.389939548346,90.6080342252554));
#4223=CARTESIAN_POINT('Ctrl Pts',(-80.6006239494347,112.920879127325,90.6059159365961));
#4224=CARTESIAN_POINT('Ctrl Pts',(-80.6530670700015,114.364031827961,90.199066369608));
#4225=CARTESIAN_POINT('Ctrl Pts',(-80.738619019665,115.609687584464,87.8547294336541));
#4226=CARTESIAN_POINT('Ctrl Pts',(-80.8379455069554,114.104737498272,85.1649870189509));
#4227=CARTESIAN_POINT('Ctrl Pts',(-80.9372719942458,111.028527808094,84.9735896106694));
#4228=CARTESIAN_POINT('Ctrl Pts',(-81.0365984815362,109.201768333168,87.4560516326426));
#4229=CARTESIAN_POINT('Ctrl Pts',(-81.1262710361091,110.192784047009,90.0561801648833));
#4230=CARTESIAN_POINT('Ctrl Pts',(-81.1828347615853,111.750878249954,90.6050729197451));
#4231=CARTESIAN_POINT('Ctrl Pts',(-81.2062896579646,112.393537493923,90.6104485228773));
#4232=CARTESIAN_POINT('Ctrl Pts',(-79.8446806340519,109.938527088346,89.070727286058));
#4233=CARTESIAN_POINT('Ctrl Pts',(-79.8777894631487,110.331640651828,89.8870755021543));
#4234=CARTESIAN_POINT('Ctrl Pts',(-79.9440071213422,111.992297064503,91.0814842126335));
#4235=CARTESIAN_POINT('Ctrl Pts',(-80.0433336086326,114.86313847871,89.9537532279249));
#4236=CARTESIAN_POINT('Ctrl Pts',(-80.1426600959229,115.462834887101,86.9293354402812));
#4237=CARTESIAN_POINT('Ctrl Pts',(-80.2419865832134,113.248290728224,84.7873159487482));
#4238=CARTESIAN_POINT('Ctrl Pts',(-80.3413130705036,110.246740149635,85.4890689065437));
#4239=CARTESIAN_POINT('Ctrl Pts',(-80.440639557794,109.211994095444,88.3924330107244));
#4240=CARTESIAN_POINT('Ctrl Pts',(-80.5399660450843,111.092098021993,90.8345873091759));
#4241=CARTESIAN_POINT('Ctrl Pts',(-80.6392925323748,114.16347144149,90.5765230782047));
#4242=CARTESIAN_POINT('Ctrl Pts',(-80.738619019665,115.609687584464,87.8547294336541));
#4243=CARTESIAN_POINT('Ctrl Pts',(-80.8379455069554,114.104737498272,85.1649870189509));
#4244=CARTESIAN_POINT('Ctrl Pts',(-80.9372719942458,111.028527808094,84.9735896106694));
#4245=CARTESIAN_POINT('Ctrl Pts',(-81.0365984815362,109.201768333168,87.4560516326426));
#4246=CARTESIAN_POINT('Ctrl Pts',(-81.1359249688265,110.299474428129,90.3361037828335));
#4247=CARTESIAN_POINT('Ctrl Pts',(-81.2352514561169,113.315122477487,90.9729220254939));
#4248=CARTESIAN_POINT('Ctrl Pts',(-81.3345779434071,115.48355015755,88.7825823118493));
#4249=CARTESIAN_POINT('Ctrl Pts',(-81.4339044306976,114.816446040945,85.7734897259899));
#4250=CARTESIAN_POINT('Ctrl Pts',(-81.5332309179879,111.925502374811,84.7047933226609));
#4251=CARTESIAN_POINT('Ctrl Pts',(-81.6325574052783,109.461533628569,86.5564209356515));
#4252=CARTESIAN_POINT('Ctrl Pts',(-81.7318838925687,109.683844705085,89.6305459436668));
#4253=CARTESIAN_POINT('Ctrl Pts',(-81.831210379859,112.388590319707,91.1083883098743));
#4254=CARTESIAN_POINT('Ctrl Pts',(-81.9305368671494,115.09568814066,89.6348591347435));
#4255=CARTESIAN_POINT('Ctrl Pts',(-82.0298633544397,115.322899043555,86.561092382025));
#4256=CARTESIAN_POINT('Ctrl Pts',(-82.1291898417301,112.861884857342,84.7055396257167));
#4257=CARTESIAN_POINT('Ctrl Pts',(-82.2285163290204,109.96924144063,85.7696265175607));
#4258=CARTESIAN_POINT('Ctrl Pts',(-82.3278428163109,109.297341616508,88.7776520288753));
#4259=CARTESIAN_POINT('Ctrl Pts',(-82.4271693036011,111.462275437901,90.9714451824022));
#4260=CARTESIAN_POINT('Ctrl Pts',(-82.5264957908915,114.478934197073,90.3394350705693));
#4261=CARTESIAN_POINT('Ctrl Pts',(-82.6258222781818,115.581230768921,87.4611353782919));
#4262=CARTESIAN_POINT('Ctrl Pts',(-82.7251487654722,113.758428242458,84.9757666329152));
#4263=CARTESIAN_POINT('Ctrl Pts',(-82.8244752527626,110.681922358099,85.1622562958871));
#4264=CARTESIAN_POINT('Ctrl Pts',(-82.9238017400529,109.172676306158,87.8496050275575));
#4265=CARTESIAN_POINT('Ctrl Pts',(-83.0231282273433,110.614574180386,90.5736823706623));
#4266=CARTESIAN_POINT('Ctrl Pts',(-83.1224547146336,113.685485947454,90.8366800318447));
#4267=CARTESIAN_POINT('Ctrl Pts',(-83.221781201924,115.569577872191,88.3974456294015));
#4268=CARTESIAN_POINT('Ctrl Pts',(-83.3211076892144,114.539255675023,85.4926043220435));
#4269=CARTESIAN_POINT('Ctrl Pts',(-83.4204341765047,111.539260273622,84.7857136356805));
#4270=CARTESIAN_POINT('Ctrl Pts',(-83.5197606637951,109.320399537879,86.9249480516226));
#4271=CARTESIAN_POINT('Ctrl Pts',(-83.6190871510854,109.917229777898,89.9487636074182));
#4272=CARTESIAN_POINT('Ctrl Pts',(-83.7184136383758,112.78249504766,91.0845108436619));
#4273=CARTESIAN_POINT('Ctrl Pts',(-83.8177401256661,115.288926568911,89.2907806853726));
#4274=CARTESIAN_POINT('Ctrl Pts',(-83.9170666129565,115.138283633783,86.2123113325171));
#4275=CARTESIAN_POINT('Ctrl Pts',(-84.0163931002468,112.468696378458,84.6718663526975));
#4276=CARTESIAN_POINT('Ctrl Pts',(-84.1157195875373,109.728009097643,86.0819373030262));
#4277=CARTESIAN_POINT('Ctrl Pts',(-84.2150460748275,109.429260359885,89.1495774442751));
#4278=CARTESIAN_POINT('Ctrl Pts',(-84.314372562118,111.846384039009,91.0619529204791));
#4279=CARTESIAN_POINT('Ctrl Pts',(-84.4136990494083,114.763029136677,90.0655352001306));
#4280=CARTESIAN_POINT('Ctrl Pts',(-84.5130255366986,115.504814765257,87.0739769337953));
#4281=CARTESIAN_POINT('Ctrl Pts',(-84.612352023989,113.391570020555,84.8303496366198));
#4282=CARTESIAN_POINT('Ctrl Pts',(-84.7116785112794,110.361007852103,85.3919190681242));
#4283=CARTESIAN_POINT('Ctrl Pts',(-84.8110049985697,109.191964176867,88.2437611005752));
#4284=CARTESIAN_POINT('Ctrl Pts',(-84.9103314858601,110.956378321478,90.7709155064494));
#4285=CARTESIAN_POINT('Ctrl Pts',(-85.0096579731504,114.036394080548,90.6561393954331));
#4286=CARTESIAN_POINT('Ctrl Pts',(-85.1089844604408,115.607827727301,88.004676525132));
#4287=CARTESIAN_POINT('Ctrl Pts',(-85.2083109477311,114.229777670289,85.2477496290869));
#4288=CARTESIAN_POINT('Ctrl Pts',(-85.3076374350215,111.165819748882,84.9132935307869));
#4289=CARTESIAN_POINT('Ctrl Pts',(-85.4069639223118,109.225431961148,87.3079718500179));
#4290=CARTESIAN_POINT('Ctrl Pts',(-85.5062904096022,110.187785225368,90.236039125638));
#4291=CARTESIAN_POINT('Ctrl Pts',(-85.6056168968926,113.17055264933,91.0125893969356));
#4292=CARTESIAN_POINT('Ctrl Pts',(-85.7049433841829,115.438532342666,88.9256834329094));
#4293=CARTESIAN_POINT('Ctrl Pts',(-85.8042698714733,114.912530791781,85.8886544757581));
#4294=CARTESIAN_POINT('Ctrl Pts',(-85.9035963587636,112.07401248868,84.6867489334762));
#4295=CARTESIAN_POINT('Ctrl Pts',(-86.002922846054,109.527496448638,86.4210238227411));
#4296=CARTESIAN_POINT('Ctrl Pts',(-86.1022493333443,109.60420012787,89.5033695661717));
#4297=CARTESIAN_POINT('Ctrl Pts',(-86.2015758206347,112.241481078524,91.1028247192525));
#4298=CARTESIAN_POINT('Ctrl Pts',(-86.2677934788283,114.081047232802,90.2081805147413));
#4299=CARTESIAN_POINT('Ctrl Pts',(-86.3009023079251,114.607244793305,89.4705635334853));
#4300=CARTESIAN_POINT('Ctrl Pts',(-79.9134214004773,109.831254505631,89.1223845401849));
#4301=CARTESIAN_POINT('Ctrl Pts',(-79.9465302295741,110.241561992622,89.9744380335551));
#4302=CARTESIAN_POINT('Ctrl Pts',(-80.0127478877676,111.974851867957,91.2210875566497));
#4303=CARTESIAN_POINT('Ctrl Pts',(-80.112074375058,114.971257577746,90.0440320965452));
#4304=CARTESIAN_POINT('Ctrl Pts',(-80.2114008623484,115.597183389374,86.8873329201869));
#4305=CARTESIAN_POINT('Ctrl Pts',(-80.3107273496387,113.285779934832,84.6516262025863));
#4306=CARTESIAN_POINT('Ctrl Pts',(-80.4100538369291,110.152948129009,85.384072292849));
#4307=CARTESIAN_POINT('Ctrl Pts',(-80.5093803242194,109.072944555973,88.4144231636112));
#4308=CARTESIAN_POINT('Ctrl Pts',(-80.6087068115097,111.035280097264,90.9633919251221));
#4309=CARTESIAN_POINT('Ctrl Pts',(-80.7080332988001,114.240988641641,90.6940405317127));
#4310=CARTESIAN_POINT('Ctrl Pts',(-80.8073597860905,115.750459101051,87.853201613534));
#4311=CARTESIAN_POINT('Ctrl Pts',(-80.9066862733808,114.179685804799,85.0458157755727));
#4312=CARTESIAN_POINT('Ctrl Pts',(-81.0060127606713,110.968929461887,84.8460470651954));
#4313=CARTESIAN_POINT('Ctrl Pts',(-81.1053392479616,109.062271541324,87.4370865214899));
#4314=CARTESIAN_POINT('Ctrl Pts',(-81.2046657352519,110.207988888975,90.4431058246163));
#4315=CARTESIAN_POINT('Ctrl Pts',(-81.3039922225423,113.355534757964,91.1077770979799));
#4316=CARTESIAN_POINT('Ctrl Pts',(-81.4033187098326,115.618804700236,88.8216367379227));
#4317=CARTESIAN_POINT('Ctrl Pts',(-81.502645197123,114.922522915346,85.680933054002));
#4318=CARTESIAN_POINT('Ctrl Pts',(-81.6019716844133,111.9051357253,84.5654942181545));
#4319=CARTESIAN_POINT('Ctrl Pts',(-81.7012981717037,109.333398399984,86.4981079545006));
#4320=CARTESIAN_POINT('Ctrl Pts',(-81.800624658994,109.56543287452,89.7066884358317));
#4321=CARTESIAN_POINT('Ctrl Pts',(-81.8999511462844,112.3884781194,91.2491683799896));
#4322=CARTESIAN_POINT('Ctrl Pts',(-81.9992776335748,115.213978450946,89.711190276409));
#4323=CARTESIAN_POINT('Ctrl Pts',(-82.0986041208652,115.451127059501,86.5029837196744));
#4324=CARTESIAN_POINT('Ctrl Pts',(-82.1979306081554,112.882473520178,84.5662731628662));
#4325=CARTESIAN_POINT('Ctrl Pts',(-82.2972570954458,109.863312236197,85.6769008773244));
#4326=CARTESIAN_POINT('Ctrl Pts',(-82.3965835827362,109.162024990082,88.8164908152043));
#4327=CARTESIAN_POINT('Ctrl Pts',(-82.4959100700265,111.421648259983,91.1062356610162));
#4328=CARTESIAN_POINT('Ctrl Pts',(-82.595236557317,114.570249045012,90.4465828155582));
#4329=CARTESIAN_POINT('Ctrl Pts',(-82.6945630446072,115.720757646922,87.4423926190037));
#4330=CARTESIAN_POINT('Ctrl Pts',(-82.7938895318976,113.818229743054,84.8483193056109));
#4331=CARTESIAN_POINT('Ctrl Pts',(-82.8932160191879,110.607164251079,85.042965616682));
#4332=CARTESIAN_POINT('Ctrl Pts',(-82.9925425064784,109.031907092975,87.8478530771743));
#4333=CARTESIAN_POINT('Ctrl Pts',(-83.0918689937687,110.536870412051,90.6910755778639));
#4334=CARTESIAN_POINT('Ctrl Pts',(-83.191195481059,113.742097112337,90.9655761788823));
#4335=CARTESIAN_POINT('Ctrl Pts',(-83.2905219683494,115.708595078093,88.4196550232155));
#4336=CARTESIAN_POINT('Ctrl Pts',(-83.3898484556398,114.633208851867,85.3877623396546));
#4337=CARTESIAN_POINT('Ctrl Pts',(-83.4891749429301,111.502000243265,84.6499538078657));
#4338=CARTESIAN_POINT('Ctrl Pts',(-83.5885014302205,109.186091414271,86.8827536367885));
#4339=CARTESIAN_POINT('Ctrl Pts',(-83.6878279175108,109.809025697619,90.0388242410008));
#4340=CARTESIAN_POINT('Ctrl Pts',(-83.7871544048011,112.799611374657,91.2242465658691));
#4341=CARTESIAN_POINT('Ctrl Pts',(-83.8864808920916,115.415668703461,89.3520625916794));
#4342=CARTESIAN_POINT('Ctrl Pts',(-83.9858073793818,115.258436977346,86.1389477534103));
#4343=CARTESIAN_POINT('Ctrl Pts',(-84.0851338666723,112.472087841149,84.5311270948727));
#4344=CARTESIAN_POINT('Ctrl Pts',(-84.1844603539626,109.611528920569,86.0028714503301));
#4345=CARTESIAN_POINT('Ctrl Pts',(-84.2837868412529,109.29971356944,89.2046834310711));
#4346=CARTESIAN_POINT('Ctrl Pts',(-84.3831133285433,111.822556927331,91.2007020086911));
#4347=CARTESIAN_POINT('Ctrl Pts',(-84.4824398158337,114.866769673055,90.1607031666053));
#4348=CARTESIAN_POINT('Ctrl Pts',(-84.581766303124,115.640999375161,87.0383007148178));
#4349=CARTESIAN_POINT('Ctrl Pts',(-84.6810927904144,113.435325948593,84.6965420894109));
#4350=CARTESIAN_POINT('Ctrl Pts',(-84.7804192777047,110.272213649711,85.2826733339566));
#4351=CARTESIAN_POINT('Ctrl Pts',(-84.8797457649951,109.052038572768,88.2592486707773));
#4352=CARTESIAN_POINT('Ctrl Pts',(-84.9790722522854,110.893624315255,90.8969352576455));
#4353=CARTESIAN_POINT('Ctrl Pts',(-85.0783987395759,114.108353196149,90.7771390917219));
#4354=CARTESIAN_POINT('Ctrl Pts',(-85.1777252268661,115.748517897823,88.0097070613261));
#4355=CARTESIAN_POINT('Ctrl Pts',(-85.2770517141565,114.310194959199,85.1321982404281));
#4356=CARTESIAN_POINT('Ctrl Pts',(-85.3763782014469,111.112226250504,84.7831137672628));
#4357=CARTESIAN_POINT('Ctrl Pts',(-85.4757046887373,109.086970164397,87.2825300545371));
#4358=CARTESIAN_POINT('Ctrl Pts',(-85.5750311760276,110.091414645891,90.3386645591796));
#4359=CARTESIAN_POINT('Ctrl Pts',(-85.674357663318,113.204641763175,91.1491794330902));
#4360=CARTESIAN_POINT('Ctrl Pts',(-85.7736841506083,115.571817905043,88.9709967875932));
#4361=CARTESIAN_POINT('Ctrl Pts',(-85.8730106378986,115.022810202064,85.8011348568826));
#4362=CARTESIAN_POINT('Ctrl Pts',(-85.972337125189,112.060141345241,84.5466606070344));
#4363=CARTESIAN_POINT('Ctrl Pts',(-86.0716636124794,109.402246288868,86.356788869369));
#4364=CARTESIAN_POINT('Ctrl Pts',(-86.1709900997697,109.482304818495,89.5739496430197));
#4365=CARTESIAN_POINT('Ctrl Pts',(-86.2703165870601,112.234934643238,91.2433614501384));
#4366=CARTESIAN_POINT('Ctrl Pts',(-86.3365342452537,114.154959379169,90.3095874738537));
#4367=CARTESIAN_POINT('Ctrl Pts',(-86.3696430743504,114.704171664796,89.5397087465457));
#4368=CARTESIAN_POINT('Ctrl Pts',(-79.9821621669027,109.723981922916,89.1740417943118));
#4369=CARTESIAN_POINT('Ctrl Pts',(-80.0152709959995,110.151483333416,90.0618005649559));
#4370=CARTESIAN_POINT('Ctrl Pts',(-80.081488654193,111.957406671411,91.3606909006658));
#4371=CARTESIAN_POINT('Ctrl Pts',(-80.1808151414833,115.079376676782,90.1343109651654));
#4372=CARTESIAN_POINT('Ctrl Pts',(-80.2801416287737,115.731531891647,86.8453304000928));
#4373=CARTESIAN_POINT('Ctrl Pts',(-80.3794681160641,113.323269141441,84.5159364564244));
#4374=CARTESIAN_POINT('Ctrl Pts',(-80.4787946033544,110.059156108382,85.2790756791541));
#4375=CARTESIAN_POINT('Ctrl Pts',(-80.5781210906449,108.933895016503,88.4364133164981));
#4376=CARTESIAN_POINT('Ctrl Pts',(-80.6774475779351,110.978462172536,91.0921965410683));
#4377=CARTESIAN_POINT('Ctrl Pts',(-80.7767740652256,114.318505841793,90.8115579852206));
#4378=CARTESIAN_POINT('Ctrl Pts',(-80.8761005525159,115.891230617638,87.8516737934139));
#4379=CARTESIAN_POINT('Ctrl Pts',(-80.9754270398062,114.254634111325,84.9266445321943));
#4380=CARTESIAN_POINT('Ctrl Pts',(-81.0747535270965,110.90933111568,84.7185045197215));
#4381=CARTESIAN_POINT('Ctrl Pts',(-81.174080014387,108.92277474948,87.418121410337));
#4382=CARTESIAN_POINT('Ctrl Pts',(-81.2734065016773,110.11650334982,90.5501078663994));
#4383=CARTESIAN_POINT('Ctrl Pts',(-81.3727329889677,113.395947038441,91.2426321704656));
#4384=CARTESIAN_POINT('Ctrl Pts',(-81.472059476258,115.754059242922,88.8606911639963));
#4385=CARTESIAN_POINT('Ctrl Pts',(-81.5713859635484,115.028599789748,85.5883763820141));
#4386=CARTESIAN_POINT('Ctrl Pts',(-81.6707124508387,111.884769075789,84.4261951136482));
#4387=CARTESIAN_POINT('Ctrl Pts',(-81.7700389381291,109.205263171399,86.4397949733497));
#4388=CARTESIAN_POINT('Ctrl Pts',(-81.8693654254194,109.447021043955,89.7828309279966));
#4389=CARTESIAN_POINT('Ctrl Pts',(-81.9686919127098,112.388365919092,91.3899484501047));
#4390=CARTESIAN_POINT('Ctrl Pts',(-82.0680184000002,115.332268761232,89.7875214180748));
#4391=CARTESIAN_POINT('Ctrl Pts',(-82.1673448872905,115.579355075447,86.4448750573235));
#4392=CARTESIAN_POINT('Ctrl Pts',(-82.2666713745809,112.903062183013,84.4270067000158));
#4393=CARTESIAN_POINT('Ctrl Pts',(-82.3659978618712,109.757383031765,85.5841752370881));
#4394=CARTESIAN_POINT('Ctrl Pts',(-82.4653243491616,109.026708363655,88.8553296015335));
#4395=CARTESIAN_POINT('Ctrl Pts',(-82.5646508364519,111.381021082064,91.2410261396302));
#4396=CARTESIAN_POINT('Ctrl Pts',(-82.6639773237423,114.661563892951,90.5537305605472));
#4397=CARTESIAN_POINT('Ctrl Pts',(-82.7633038110326,115.860284524923,87.4236498597154));
#4398=CARTESIAN_POINT('Ctrl Pts',(-82.862630298323,113.878031243649,84.7208719783066));
#4399=CARTESIAN_POINT('Ctrl Pts',(-82.9619567856133,110.532406144059,84.9236749374768));
#4400=CARTESIAN_POINT('Ctrl Pts',(-83.0612832729037,108.891137879791,87.8461011267909));
#4401=CARTESIAN_POINT('Ctrl Pts',(-83.1606097601941,110.459166643717,90.8084687850656));
#4402=CARTESIAN_POINT('Ctrl Pts',(-83.2599362474844,113.798708277219,91.0944723259198));
#4403=CARTESIAN_POINT('Ctrl Pts',(-83.3592627347748,115.847612283996,88.4418644170295));
#4404=CARTESIAN_POINT('Ctrl Pts',(-83.4585892220651,114.727162028712,85.2829203572656));
#4405=CARTESIAN_POINT('Ctrl Pts',(-83.5579157093555,111.464740212908,84.514193980051));
#4406=CARTESIAN_POINT('Ctrl Pts',(-83.6572421966459,109.051783290662,86.8405592219542));
#4407=CARTESIAN_POINT('Ctrl Pts',(-83.7565686839361,109.70082161734,90.1288848745834));
#4408=CARTESIAN_POINT('Ctrl Pts',(-83.8558951712266,112.816727701654,91.3639822880762));
#4409=CARTESIAN_POINT('Ctrl Pts',(-83.9552216585169,115.542410838012,89.4133444979862));
#4410=CARTESIAN_POINT('Ctrl Pts',(-84.0545481458073,115.37859032091,86.0655841743035));
#4411=CARTESIAN_POINT('Ctrl Pts',(-84.1538746330977,112.47547930384,84.3903878370482));
#4412=CARTESIAN_POINT('Ctrl Pts',(-84.253201120388,109.495048743496,85.923805597634));
#4413=CARTESIAN_POINT('Ctrl Pts',(-84.3525276076783,109.170166778994,89.2597894178671));
#4414=CARTESIAN_POINT('Ctrl Pts',(-84.4518540949688,111.798729815653,91.339451096903));
#4415=CARTESIAN_POINT('Ctrl Pts',(-84.551180582259,114.970510209433,90.2558711330799));
#4416=CARTESIAN_POINT('Ctrl Pts',(-84.6505070695495,115.777183985065,87.0026244958404));
#4417=CARTESIAN_POINT('Ctrl Pts',(-84.7498335568397,113.479081876632,84.562734542202));
#4418=CARTESIAN_POINT('Ctrl Pts',(-84.8491600441302,110.183419447319,85.1734275997891));
#4419=CARTESIAN_POINT('Ctrl Pts',(-84.9484865314204,108.912112968669,88.2747362409795));
#4420=CARTESIAN_POINT('Ctrl Pts',(-85.0478130187109,110.830870309032,91.0229550088415));
#4421=CARTESIAN_POINT('Ctrl Pts',(-85.1471395060012,114.18031231175,90.8981387880107));
#4422=CARTESIAN_POINT('Ctrl Pts',(-85.2464659932916,115.889208068344,88.0147375975202));
#4423=CARTESIAN_POINT('Ctrl Pts',(-85.3457924805819,114.390612248108,85.0166468517694));
#4424=CARTESIAN_POINT('Ctrl Pts',(-85.4451189678722,111.058632752127,84.6529340037387));
#4425=CARTESIAN_POINT('Ctrl Pts',(-85.5444454551626,108.948508367647,87.2570882590566));
#4426=CARTESIAN_POINT('Ctrl Pts',(-85.643771942453,109.995044066414,90.4412899927208));
#4427=CARTESIAN_POINT('Ctrl Pts',(-85.7430984297434,113.238730877021,91.285769469245));
#4428=CARTESIAN_POINT('Ctrl Pts',(-85.8424249170336,115.70510346742,89.0163101422769));
#4429=CARTESIAN_POINT('Ctrl Pts',(-85.9417514043241,115.133089612348,85.7136152380071));
#4430=CARTESIAN_POINT('Ctrl Pts',(-86.0410778916143,112.046270201801,84.4065722805926));
#4431=CARTESIAN_POINT('Ctrl Pts',(-86.1404043789048,109.276996129098,86.292553915997));
#4432=CARTESIAN_POINT('Ctrl Pts',(-86.2397308661951,109.360409509119,89.6445297198676));
#4433=CARTESIAN_POINT('Ctrl Pts',(-86.3390573534855,112.228388207953,91.3838981810243));
#4434=CARTESIAN_POINT('Ctrl Pts',(-86.4052750116791,114.228871525537,90.410994432966));
#4435=CARTESIAN_POINT('Ctrl Pts',(-86.4383838407758,114.801098536288,89.6088539596061));
#4436=CARTESIAN_POINT('Ctrl Pts',(-80.0509029333281,109.616709340201,89.2256990484387));
#4437=CARTESIAN_POINT('Ctrl Pts',(-80.0840117624249,110.06140467421,90.1491630963567));
#4438=CARTESIAN_POINT('Ctrl Pts',(-80.1502294206184,111.939961474865,91.500294244682));
#4439=CARTESIAN_POINT('Ctrl Pts',(-80.2495559079088,115.187495775817,90.2245898337856));
#4440=CARTESIAN_POINT('Ctrl Pts',(-80.3488823951991,115.865880393919,86.8033278799984));
#4441=CARTESIAN_POINT('Ctrl Pts',(-80.4482088824896,113.360758348049,84.3802467102626));
#4442=CARTESIAN_POINT('Ctrl Pts',(-80.5475353697798,109.965364087755,85.1740790654594));
#4443=CARTESIAN_POINT('Ctrl Pts',(-80.6468618570702,108.794845477033,88.458403469385));
#4444=CARTESIAN_POINT('Ctrl Pts',(-80.7461883443605,110.921644247807,91.2210011570145));
#4445=CARTESIAN_POINT('Ctrl Pts',(-80.845514831651,114.396023041944,90.9290754387285));
#4446=CARTESIAN_POINT('Ctrl Pts',(-80.9448413189413,116.032002134226,87.8501459732938));
#4447=CARTESIAN_POINT('Ctrl Pts',(-81.0441678062316,114.329582417852,84.8074732888161));
#4448=CARTESIAN_POINT('Ctrl Pts',(-81.143494293522,110.849732769474,84.5909619742474));
#4449=CARTESIAN_POINT('Ctrl Pts',(-81.2428207808124,108.783277957636,87.3991562991844));
#4450=CARTESIAN_POINT('Ctrl Pts',(-81.3421472681026,110.025017810666,90.6571099081822));
#4451=CARTESIAN_POINT('Ctrl Pts',(-81.4414737553931,113.436359318917,91.3774872429516));
#4452=CARTESIAN_POINT('Ctrl Pts',(-81.5408002426834,115.889313785608,88.8997455900697));
#4453=CARTESIAN_POINT('Ctrl Pts',(-81.6401267299737,115.134676664149,85.4958197100263));
#4454=CARTESIAN_POINT('Ctrl Pts',(-81.7394532172641,111.864402426279,84.2868960091419));
#4455=CARTESIAN_POINT('Ctrl Pts',(-81.8387797045545,109.077127942814,86.3814819921988));
#4456=CARTESIAN_POINT('Ctrl Pts',(-81.9381061918449,109.32860921339,89.8589734201616));
#4457=CARTESIAN_POINT('Ctrl Pts',(-82.0374326791351,112.388253718784,91.5307285202199));
#4458=CARTESIAN_POINT('Ctrl Pts',(-82.1367591664255,115.450559071518,89.8638525597403));
#4459=CARTESIAN_POINT('Ctrl Pts',(-82.2360856537159,115.707583091393,86.3867663949728));
#4460=CARTESIAN_POINT('Ctrl Pts',(-82.3354121410062,112.923650845848,84.2877402371653));
#4461=CARTESIAN_POINT('Ctrl Pts',(-82.4347386282966,109.651453827333,85.4914495968519));
#4462=CARTESIAN_POINT('Ctrl Pts',(-82.534065115587,108.891391737229,88.8941683878625));
#4463=CARTESIAN_POINT('Ctrl Pts',(-82.6333916028773,111.340393904146,91.3758166182443));
#4464=CARTESIAN_POINT('Ctrl Pts',(-82.7327180901677,114.752878740889,90.660878305536));
#4465=CARTESIAN_POINT('Ctrl Pts',(-82.832044577458,115.999811402925,87.4049071004272));
#4466=CARTESIAN_POINT('Ctrl Pts',(-82.9313710647484,113.937832744245,84.5934246510023));
#4467=CARTESIAN_POINT('Ctrl Pts',(-83.0306975520387,110.457648037039,84.8043842582717));
#4468=CARTESIAN_POINT('Ctrl Pts',(-83.1300240393291,108.750368666607,87.8443491764075));
#4469=CARTESIAN_POINT('Ctrl Pts',(-83.2293505266195,110.381462875382,90.9258619922672));
#4470=CARTESIAN_POINT('Ctrl Pts',(-83.3286770139098,113.855319442102,91.2233684729574));
#4471=CARTESIAN_POINT('Ctrl Pts',(-83.4280035012002,115.986629489898,88.4640738108435));
#4472=CARTESIAN_POINT('Ctrl Pts',(-83.5273299884905,114.821115205557,85.1780783748766));
#4473=CARTESIAN_POINT('Ctrl Pts',(-83.6266564757809,111.427480182551,84.3784341522363));
#4474=CARTESIAN_POINT('Ctrl Pts',(-83.7259829630712,108.917475167053,86.7983648071201));
#4475=CARTESIAN_POINT('Ctrl Pts',(-83.8253094503617,109.592617537061,90.218945508166));
#4476=CARTESIAN_POINT('Ctrl Pts',(-83.9246359376519,112.833844028651,91.5037180102834));
#4477=CARTESIAN_POINT('Ctrl Pts',(-84.0239624249423,115.669152972562,89.474626404293));
#4478=CARTESIAN_POINT('Ctrl Pts',(-84.1232889122327,115.498743664474,85.9922205951966));
#4479=CARTESIAN_POINT('Ctrl Pts',(-84.222615399523,112.478870766531,84.2496485792235));
#4480=CARTESIAN_POINT('Ctrl Pts',(-84.3219418868134,109.378568566422,85.8447397449379));
#4481=CARTESIAN_POINT('Ctrl Pts',(-84.4212683741037,109.040619988548,89.3148954046631));
#4482=CARTESIAN_POINT('Ctrl Pts',(-84.5205948613941,111.774902703975,91.4782001851148));
#4483=CARTESIAN_POINT('Ctrl Pts',(-84.6199213486845,115.07425074581,90.3510390995547));
#4484=CARTESIAN_POINT('Ctrl Pts',(-84.7192478359748,115.913368594969,86.9669482768629));
#4485=CARTESIAN_POINT('Ctrl Pts',(-84.8185743232651,113.52283780467,84.4289269949931));
#4486=CARTESIAN_POINT('Ctrl Pts',(-84.9179008105556,110.094625244927,85.0641818656216));
#4487=CARTESIAN_POINT('Ctrl Pts',(-85.0172272978458,108.772187364571,88.2902238111815));
#4488=CARTESIAN_POINT('Ctrl Pts',(-85.1165537851362,110.76811630281,91.1489747600376));
#4489=CARTESIAN_POINT('Ctrl Pts',(-85.2158802724266,114.252271427351,91.0191384842994));
#4490=CARTESIAN_POINT('Ctrl Pts',(-85.3152067597169,116.029898238866,88.0197681337144));
#4491=CARTESIAN_POINT('Ctrl Pts',(-85.4145332470073,114.471029537018,84.9010954631106));
#4492=CARTESIAN_POINT('Ctrl Pts',(-85.5138597342976,111.00503925375,84.5227542402145));
#4493=CARTESIAN_POINT('Ctrl Pts',(-85.613186221588,108.810046570897,87.2316464635759));
#4494=CARTESIAN_POINT('Ctrl Pts',(-85.7125127088784,109.898673486937,90.5439154262623));
#4495=CARTESIAN_POINT('Ctrl Pts',(-85.8118391961688,113.272819990866,91.4223595053997));
#4496=CARTESIAN_POINT('Ctrl Pts',(-85.9111656834591,115.838389029797,89.0616234969606));
#4497=CARTESIAN_POINT('Ctrl Pts',(-86.0104921707495,115.243369022631,85.6260956191315));
#4498=CARTESIAN_POINT('Ctrl Pts',(-86.1098186580398,112.032399058362,84.2664839541509));
#4499=CARTESIAN_POINT('Ctrl Pts',(-86.2091451453302,109.151745969328,86.2283189626249));
#4500=CARTESIAN_POINT('Ctrl Pts',(-86.3084716326205,109.238514199744,89.7151097967157));
#4501=CARTESIAN_POINT('Ctrl Pts',(-86.4077981199109,112.221841772668,91.5244349119101));
#4502=CARTESIAN_POINT('Ctrl Pts',(-86.4740157781044,114.302783671904,90.5124013920784));
#4503=CARTESIAN_POINT('Ctrl Pts',(-86.5071246072012,114.898025407779,89.6779991726665));
#4504=CARTESIAN_POINT('',(-86.3009023079251,109.616700940267,89.2256816048119));
#4505=CARTESIAN_POINT('Ctrl Pts',(-86.300902307925,109.612709462997,89.2290982560136));
#4506=CARTESIAN_POINT('Ctrl Pts',(-86.300902307925,109.650018023478,89.2974461548257));
#4507=CARTESIAN_POINT('Ctrl Pts',(-86.300902307925,109.689995623643,89.3641204211739));
#4508=CARTESIAN_POINT('Ctrl Pts',(-86.300902307925,109.732641124523,89.4289506214297));
#4509=CARTESIAN_POINT('Ctrl Pts',(-86.300902307925,109.787604542235,89.5125066661109));
#4510=CARTESIAN_POINT('Ctrl Pts',(-86.300902307925,109.846998381599,89.5930009664013));
#4511=CARTESIAN_POINT('Ctrl Pts',(-86.300902307925,109.910435959432,89.670287330141));
#4512=CARTESIAN_POINT('Ctrl Pts',(-86.300902307925,109.975149540991,89.7491282565148));
#4513=CARTESIAN_POINT('Ctrl Pts',(-86.300902307925,110.044071928216,89.8246314323));
#4514=CARTESIAN_POINT('Ctrl Pts',(-86.300902307925,110.116830080149,89.8966030902667));
#4515=CARTESIAN_POINT('Ctrl Pts',(-86.300902307925,110.187079358991,89.9660929953132));
#4516=CARTESIAN_POINT('Ctrl Pts',(-86.300902307925,110.26090534487,90.0322908755786));
#4517=CARTESIAN_POINT('Ctrl Pts',(-86.300902307925,110.337994036376,90.0949823223836));
#4518=CARTESIAN_POINT('Ctrl Pts',(-86.300902307925,110.349138444593,90.1040453776938));
#4519=CARTESIAN_POINT('Ctrl Pts',(-86.300902307925,110.36035106628,90.1130350782493));
#4520=CARTESIAN_POINT('Ctrl Pts',(-86.300902307925,110.371630975205,90.1219507011778));
#4521=CARTESIAN_POINT('Ctrl Pts',(-86.300902307925,110.383340433898,90.1312058395912));
#4522=CARTESIAN_POINT('Ctrl Pts',(-86.300902307925,110.395115482578,90.1403756640932));
#4523=CARTESIAN_POINT('Ctrl Pts',(-86.300902307925,110.406952478974,90.1494578743654));
#4524=CARTESIAN_POINT('Ctrl Pts',(-86.300902307925,110.487422707735,90.2112005254398));
#4525=CARTESIAN_POINT('Ctrl Pts',(-86.300902307925,110.570788618579,90.2689254916535));
#4526=CARTESIAN_POINT('Ctrl Pts',(-86.300902307925,110.656668540717,90.3224738153642));
#4527=CARTESIAN_POINT('Ctrl Pts',(-86.300902307925,110.742669848751,90.3760978262796));
#4528=CARTESIAN_POINT('Ctrl Pts',(-86.300902307925,110.831193174319,90.4255337853875));
#4529=CARTESIAN_POINT('Ctrl Pts',(-86.300902307925,110.921880801125,90.4705767246386));
#4530=CARTESIAN_POINT('Ctrl Pts',(-86.300902307925,111.011333817752,90.5150064548638));
#4531=CARTESIAN_POINT('Ctrl Pts',(-86.300902307925,111.102893472922,90.5551622366873));
#4532=CARTESIAN_POINT('Ctrl Pts',(-86.300902307925,111.196228191319,90.5907984204895));
#4533=CARTESIAN_POINT('Ctrl Pts',(-86.300902307925,111.238551295577,90.6069578298533));
#4534=CARTESIAN_POINT('Ctrl Pts',(-86.300902307925,111.281239473663,90.6221872159587));
#4535=CARTESIAN_POINT('Ctrl Pts',(-86.300902307925,111.324261900908,90.6364600538759));
#4536=CARTESIAN_POINT('Ctrl Pts',(-86.300902307925,111.341697879502,90.6422444996251));
#4537=CARTESIAN_POINT('Ctrl Pts',(-86.300902307925,111.359188756573,90.6478718063178));
#4538=CARTESIAN_POINT('Ctrl Pts',(-86.300902307925,111.376732469958,90.6533400963774));
#4539=CARTESIAN_POINT('Ctrl Pts',(-86.300902307925,111.393324423524,90.6585117275347));
#4540=CARTESIAN_POINT('Ctrl Pts',(-86.300902307925,111.409965379671,90.6635415395441));
#4541=CARTESIAN_POINT('Ctrl Pts',(-86.300902307925,111.426632724511,90.6684220753004));
#4542=CARTESIAN_POINT('Ctrl Pts',(-86.300902307925,111.521560314189,90.6962187939835));
#4543=CARTESIAN_POINT('Ctrl Pts',(-86.300902307925,111.617492399079,90.7192253607171));
#4544=CARTESIAN_POINT('Ctrl Pts',(-86.300902307925,111.714093339441,90.7372543816889));
#4545=CARTESIAN_POINT('Ctrl Pts',(-86.300902307925,111.808129586044,90.7548047435773));
#4546=CARTESIAN_POINT('Ctrl Pts',(-86.300902307925,111.902800427257,90.7676384560958));
#4547=CARTESIAN_POINT('Ctrl Pts',(-86.300902307925,111.997801573967,90.7755346306084));
#4548=CARTESIAN_POINT('Ctrl Pts',(-86.300902307925,112.082893838355,90.782607212283));
#4549=CARTESIAN_POINT('Ctrl Pts',(-86.300902307925,112.168251516364,90.7857180683346));
#4550=CARTESIAN_POINT('Ctrl Pts',(-86.300902307925,112.253652324364,90.7846730693536));
#4551=CARTESIAN_POINT('Ctrl Pts',(-86.300902307925,112.311777544398,90.7839618255478));
#4552=CARTESIAN_POINT('Ctrl Pts',(-86.300902307925,112.369922668791,90.7813245564341));
#4553=CARTESIAN_POINT('Ctrl Pts',(-86.300902307925,112.428013377054,90.7767963755166));
#4554=CARTESIAN_POINT('Ctrl Pts',(-86.300902307925,112.447886838826,90.7752472356791));
#4555=CARTESIAN_POINT('Ctrl Pts',(-86.300902307925,112.467753909197,90.7734767339176));
#4556=CARTESIAN_POINT('Ctrl Pts',(-86.300902307925,112.487611535229,90.771486124419));
#4557=CARTESIAN_POINT('Ctrl Pts',(-86.300902307925,112.505574543896,90.7696854390996));
#4558=CARTESIAN_POINT('Ctrl Pts',(-86.300902307925,112.523532764118,90.7677041832185));
#4559=CARTESIAN_POINT('Ctrl Pts',(-86.300902307925,112.541459375617,90.7655465013883));
#4560=CARTESIAN_POINT('Ctrl Pts',(-86.300902307925,112.63584021581,90.7541866398761));
#4561=CARTESIAN_POINT('Ctrl Pts',(-86.300902307925,112.729484593882,90.7379285689345));
#4562=CARTESIAN_POINT('Ctrl Pts',(-86.300902307925,112.822086481565,90.717011559632));
#4563=CARTESIAN_POINT('Ctrl Pts',(-86.300902307925,112.916955446916,90.6955824605021));
#4564=CARTESIAN_POINT('Ctrl Pts',(-86.300902307925,113.010731114292,90.6692631891184));
#4565=CARTESIAN_POINT('Ctrl Pts',(-86.300902307925,113.103071080058,90.6382584914748));
#4566=CARTESIAN_POINT('Ctrl Pts',(-86.300902307925,113.195002257664,90.6073910513356));
#4567=CARTESIAN_POINT('Ctrl Pts',(-86.300902307925,113.285511214061,90.571879030142));
#4568=CARTESIAN_POINT('Ctrl Pts',(-86.300902307925,113.374234585532,90.5318799628493));
#4569=CARTESIAN_POINT('Ctrl Pts',(-86.300902307925,113.414402093641,90.5137712860351));
#4570=CARTESIAN_POINT('Ctrl Pts',(-86.300902307925,113.454203204618,90.4947423784618));
#4571=CARTESIAN_POINT('Ctrl Pts',(-86.300902307925,113.493601801033,90.4748052916885));
#4572=CARTESIAN_POINT('Ctrl Pts',(-86.300902307925,113.513553783736,90.464708880987));
#4573=CARTESIAN_POINT('Ctrl Pts',(-86.300902307925,113.533402513148,90.4543795397623));
#4574=CARTESIAN_POINT('Ctrl Pts',(-86.300902307925,113.553143124672,90.4438186934299));
#4575=CARTESIAN_POINT('Ctrl Pts',(-86.300902307925,113.566882670172,90.4364683016493));
#4576=CARTESIAN_POINT('Ctrl Pts',(-86.300902307925,113.580565288462,90.4290081507863));
#4577=CARTESIAN_POINT('Ctrl Pts',(-86.300902307925,113.594182890326,90.4214426759239));
#4578=CARTESIAN_POINT('Ctrl Pts',(-86.300902307925,113.678528555202,90.3745831030156));
#4579=CARTESIAN_POINT('Ctrl Pts',(-86.300902307925,113.760461078451,90.3236443468326));
#4580=CARTESIAN_POINT('Ctrl Pts',(-86.300902307925,113.839635528374,90.2688051036174));
#4581=CARTESIAN_POINT('Ctrl Pts',(-86.300902307925,113.916125186804,90.2158254493711));
#4582=CARTESIAN_POINT('Ctrl Pts',(-86.3009023079251,113.990041162102,90.1592046986085));
#4583=CARTESIAN_POINT('Ctrl Pts',(-86.3009023079251,114.061039464633,90.0990706016883));
#4584=CARTESIAN_POINT('Ctrl Pts',(-86.3009023079251,114.086930789376,90.0771411839981));
#4585=CARTESIAN_POINT('Ctrl Pts',(-86.3009023079251,114.112433736539,90.0547442509736));
#4586=CARTESIAN_POINT('Ctrl Pts',(-86.3009023079251,114.137530279537,90.03188508763));
#4587=CARTESIAN_POINT('Ctrl Pts',(-86.3009023079251,114.15061967153,90.0199626268484));
#4588=CARTESIAN_POINT('Ctrl Pts',(-86.300902307925,114.163598706108,90.0079140999649));
#4589=CARTESIAN_POINT('Ctrl Pts',(-86.300902307925,114.176453892591,89.9957508412896));
#4590=CARTESIAN_POINT('Ctrl Pts',(-86.300902307925,114.244575119402,89.9312962257106));
#4591=CARTESIAN_POINT('Ctrl Pts',(-86.3009023079251,114.309299425166,89.8635527588243));
#4592=CARTESIAN_POINT('Ctrl Pts',(-86.3009023079251,114.370285078204,89.7926648891199));
#4593=CARTESIAN_POINT('Ctrl Pts',(-86.3009023079251,114.429555408426,89.7237708585267));
#4594=CARTESIAN_POINT('Ctrl Pts',(-86.3009023079251,114.485294881995,89.651906268324));
#4595=CARTESIAN_POINT('Ctrl Pts',(-86.3009023079251,114.537148317397,89.5771779330222));
#4596=CARTESIAN_POINT('Ctrl Pts',(-86.3009023079251,114.561376099607,89.5422621782883));
#4597=CARTESIAN_POINT('Ctrl Pts',(-86.3009023079251,114.584754883739,89.5067209187394));
#4598=CARTESIAN_POINT('Ctrl Pts',(-86.3009023079251,114.607244793305,89.4705635334853));
#4599=CARTESIAN_POINT('Ctrl Pts',(-85.7875119572408,112.393998141301,90.9688371664359));
#4600=CARTESIAN_POINT('Ctrl Pts',(-85.7956210368835,112.645050811032,90.9711267846882));
#4601=CARTESIAN_POINT('Ctrl Pts',(-85.8037301165261,112.89559594149,90.9430038006795));
#4602=CARTESIAN_POINT('Ctrl Pts',(-85.8118391961688,113.138057080033,90.8824961574703));
#4603=CARTESIAN_POINT('Ctrl Pts',(-85.8449480252656,114.12800967051,90.6354475025867));
#4604=CARTESIAN_POINT('Ctrl Pts',(-85.8780568543623,114.983199350153,89.8485354997736));
#4605=CARTESIAN_POINT('Ctrl Pts',(-85.9111656834591,115.311624188781,88.8824915187289));
#4606=CARTESIAN_POINT('Ctrl Pts',(-85.9442745125559,115.640049027409,87.9164475376842));
#4607=CARTESIAN_POINT('Ctrl Pts',(-85.9773833416527,115.44170902502,86.7712715784079));
#4608=CARTESIAN_POINT('Ctrl Pts',(-86.0104921707495,114.807377363114,85.9720816546063));
#4609=CARTESIAN_POINT('Ctrl Pts',(-86.0436009998462,114.173045701208,85.1728917308046));
#4610=CARTESIAN_POINT('Ctrl Pts',(-86.076709828943,113.102722379785,84.7196878424778));
#4611=CARTESIAN_POINT('Ctrl Pts',(-86.1098186580398,112.087451870901,84.8200583997266));
#4612=CARTESIAN_POINT('Ctrl Pts',(-86.1429274871366,111.072181362017,84.9204289569755));
#4613=CARTESIAN_POINT('Ctrl Pts',(-86.1760363162334,110.111963665673,85.5743739598002));
#4614=CARTESIAN_POINT('Ctrl Pts',(-86.2091451453302,109.646316189236,86.4824782668943));
#4615=CARTESIAN_POINT('Ctrl Pts',(-86.2397308661951,109.21615408069,87.3213791163283));
#4616=CARTESIAN_POINT('Ctrl Pts',(-86.2703165870601,109.208055436552,88.377178097015));
#4617=CARTESIAN_POINT('Ctrl Pts',(-86.300902307925,109.612709462997,89.2290982560144));
#4618=CARTESIAN_POINT('',(-80.0509029333281,114.607254732771,89.4705496003769));
#4619=CARTESIAN_POINT('Ctrl Pts',(-80.050902933328,114.610218275381,89.4741259301594));
#4620=CARTESIAN_POINT('Ctrl Pts',(-80.050902933328,114.574015896912,89.5330713411883));
#4621=CARTESIAN_POINT('Ctrl Pts',(-80.050902933328,114.535499910744,89.590434666715));
#4622=CARTESIAN_POINT('Ctrl Pts',(-80.050902933328,114.49469671574,89.6460572795663));
#4623=CARTESIAN_POINT('Ctrl Pts',(-80.050902933328,114.440713082345,89.7196473682894));
#4624=CARTESIAN_POINT('Ctrl Pts',(-80.050902933328,114.382727749193,89.7901920245102));
#4625=CARTESIAN_POINT('Ctrl Pts',(-80.050902933328,114.321119542798,89.8576045979108));
#4626=CARTESIAN_POINT('Ctrl Pts',(-80.050902933328,114.285450404087,89.8966342754848));
#4627=CARTESIAN_POINT('Ctrl Pts',(-80.050902933328,114.248565970092,89.9346136058197));
#4628=CARTESIAN_POINT('Ctrl Pts',(-80.050902933328,114.210533292751,89.971521434877));
#4629=CARTESIAN_POINT('Ctrl Pts',(-80.050902933328,114.193558369569,89.9879943104894));
#4630=CARTESIAN_POINT('Ctrl Pts',(-80.050902933328,114.176354652658,90.0042536912873));
#4631=CARTESIAN_POINT('Ctrl Pts',(-80.050902933328,114.158927843865,90.0202974665764));
#4632=CARTESIAN_POINT('Ctrl Pts',(-80.050902933328,114.146143407735,90.0320672990735));
#4633=CARTESIAN_POINT('Ctrl Pts',(-80.050902933328,114.133245413945,90.0437150772303));
#4634=CARTESIAN_POINT('Ctrl Pts',(-80.050902933328,114.120238622359,90.0552384000248));
#4635=CARTESIAN_POINT('Ctrl Pts',(-80.050902933328,114.049324113345,90.1180648682412));
#4636=CARTESIAN_POINT('Ctrl Pts',(-80.050902933328,113.97515913489,90.1772128355018));
#4637=CARTESIAN_POINT('Ctrl Pts',(-80.050902933328,113.898149873735,90.2325859384726));
#4638=CARTESIAN_POINT('Ctrl Pts',(-80.050902933328,113.831063943733,90.2808237225277));
#4639=CARTESIAN_POINT('Ctrl Pts',(-80.050902933328,113.761818432298,90.3261965512196));
#4640=CARTESIAN_POINT('Ctrl Pts',(-80.050902933328,113.690657423814,90.3686195455787));
#4641=CARTESIAN_POINT('Ctrl Pts',(-80.050902933328,113.654799988716,90.3899961364855));
#4642=CARTESIAN_POINT('Ctrl Pts',(-80.050902933328,113.618455877806,90.4106234114517));
#4643=CARTESIAN_POINT('Ctrl Pts',(-80.050902933328,113.581654641867,90.4304883373903));
#4644=CARTESIAN_POINT('Ctrl Pts',(-80.050902933328,113.567163460765,90.438310526836));
#4645=CARTESIAN_POINT('Ctrl Pts',(-80.050902933328,113.552599769361,90.4460152613772));
#4646=CARTESIAN_POINT('Ctrl Pts',(-80.050902933328,113.537980546361,90.4535940107241));
#4647=CARTESIAN_POINT('Ctrl Pts',(-80.050902933328,113.451778180067,90.4982821673556));
#4648=CARTESIAN_POINT('Ctrl Pts',(-80.050902933328,113.363539086079,90.5386531282136));
#4649=CARTESIAN_POINT('Ctrl Pts',(-80.050902933328,113.273671047744,90.5746077181813));
#4650=CARTESIAN_POINT('Ctrl Pts',(-80.050902933328,113.182708451614,90.6110002210874));
#4651=CARTESIAN_POINT('Ctrl Pts',(-80.050902933328,113.090076185203,90.6428686420084));
#4652=CARTESIAN_POINT('Ctrl Pts',(-80.050902933328,112.996162852603,90.6700696358154));
#4653=CARTESIAN_POINT('Ctrl Pts',(-80.050902933328,112.903315792153,90.6969617952817));
#4654=CARTESIAN_POINT('Ctrl Pts',(-80.050902933328,112.809215695074,90.7192922765012));
#4655=CARTESIAN_POINT('Ctrl Pts',(-80.050902933328,112.714217685068,90.7368768298331));
#4656=CARTESIAN_POINT('Ctrl Pts',(-80.050902933328,112.657971706799,90.7472882100769));
#4657=CARTESIAN_POINT('Ctrl Pts',(-80.050902933328,112.601410638867,90.7560349960567));
#4658=CARTESIAN_POINT('Ctrl Pts',(-80.050902933328,112.54460668779,90.763070439443));
#4659=CARTESIAN_POINT('Ctrl Pts',(-80.050902933328,112.523301330234,90.7657092107621));
#4660=CARTESIAN_POINT('Ctrl Pts',(-80.050902933328,112.501955274188,90.7681077068001));
#4661=CARTESIAN_POINT('Ctrl Pts',(-80.050902933328,112.480607592751,90.7702600183706));
#4662=CARTESIAN_POINT('Ctrl Pts',(-80.050902933328,112.381961826938,90.7802056615906));
#4663=CARTESIAN_POINT('Ctrl Pts',(-80.050902933328,112.283174273909,90.7849149904712));
#4664=CARTESIAN_POINT('Ctrl Pts',(-80.050902933328,112.184637335054,90.7842488934406));
#4665=CARTESIAN_POINT('Ctrl Pts',(-80.050902933328,112.133936395164,90.7839061616094));
#4666=CARTESIAN_POINT('Ctrl Pts',(-80.0509029333281,112.083301436317,90.7821395375723));
#4667=CARTESIAN_POINT('Ctrl Pts',(-80.0509029333281,112.032784234106,90.7789249428316));
#4668=CARTESIAN_POINT('Ctrl Pts',(-80.0509029333281,111.937284855187,90.7728479673108));
#4669=CARTESIAN_POINT('Ctrl Pts',(-80.0509029333281,111.8422062066,90.7615996783765));
#4670=CARTESIAN_POINT('Ctrl Pts',(-80.0509029333281,111.747823611701,90.7454360537462));
#4671=CARTESIAN_POINT('Ctrl Pts',(-80.0509029333281,111.651648723655,90.728965487421));
#4672=CARTESIAN_POINT('Ctrl Pts',(-80.0509029333281,111.556195824089,90.7073909166902));
#4673=CARTESIAN_POINT('Ctrl Pts',(-80.0509029333281,111.461761469582,90.6809295785789));
#4674=CARTESIAN_POINT('Ctrl Pts',(-80.0509029333281,111.44341723023,90.6757893610975));
#4675=CARTESIAN_POINT('Ctrl Pts',(-80.0509029333281,111.425111461146,90.6704645900526));
#4676=CARTESIAN_POINT('Ctrl Pts',(-80.0509029333281,111.406846397054,90.6649566402664));
#4677=CARTESIAN_POINT('Ctrl Pts',(-80.0509029333281,111.394453984403,90.6612196270114));
#4678=CARTESIAN_POINT('Ctrl Pts',(-80.0509029333281,111.382081648238,90.6573986484111));
#4679=CARTESIAN_POINT('Ctrl Pts',(-80.0509029333281,111.369739310044,90.6534972223952));
#4680=CARTESIAN_POINT('Ctrl Pts',(-80.0509029333281,111.275630854963,90.6237494412841));
#4681=CARTESIAN_POINT('Ctrl Pts',(-80.0509029333281,111.183118275035,90.5892848659043));
#4682=CARTESIAN_POINT('Ctrl Pts',(-80.0509029333281,111.09248830785,90.550402218762));
#4683=CARTESIAN_POINT('Ctrl Pts',(-80.0509029333281,111.000285439585,90.5108447555555));
#4684=CARTESIAN_POINT('Ctrl Pts',(-80.0509029333281,110.910030315585,90.4667142546388));
#4685=CARTESIAN_POINT('Ctrl Pts',(-80.0509029333281,110.822030089293,90.4182703139101));
#4686=CARTESIAN_POINT('Ctrl Pts',(-80.0509029333281,110.733588160189,90.3695832167058));
#4687=CARTESIAN_POINT('Ctrl Pts',(-80.0509029333281,110.647422993811,90.3165388655696));
#4688=CARTESIAN_POINT('Ctrl Pts',(-80.0509029333281,110.563863806367,90.259351129616));
#4689=CARTESIAN_POINT('Ctrl Pts',(-80.0509029333281,110.515186672393,90.2260365992837));
#4690=CARTESIAN_POINT('Ctrl Pts',(-80.0509029333281,110.467394292945,90.1913150713791));
#4691=CARTESIAN_POINT('Ctrl Pts',(-80.0509029333281,110.420556182769,90.1552219529525));
#4692=CARTESIAN_POINT('Ctrl Pts',(-80.0509029333281,110.408102922859,90.145625558413));
#4693=CARTESIAN_POINT('Ctrl Pts',(-80.0509029333281,110.395717143186,90.1359321782342));
#4694=CARTESIAN_POINT('Ctrl Pts',(-80.0509029333281,110.383400199245,90.1261424229811));
#4695=CARTESIAN_POINT('Ctrl Pts',(-80.0509029333281,110.370979177387,90.1162699445027));
#4696=CARTESIAN_POINT('Ctrl Pts',(-80.0509029333281,110.358634028975,90.1063040748834));
#4697=CARTESIAN_POINT('Ctrl Pts',(-80.0509029333281,110.346371344493,90.0962502405542));
#4698=CARTESIAN_POINT('Ctrl Pts',(-80.0509029333281,110.266583143531,90.0308341112332));
#4699=CARTESIAN_POINT('Ctrl Pts',(-80.0509029333281,110.190211958291,89.9616403206693));
#4700=CARTESIAN_POINT('Ctrl Pts',(-80.0509029333281,110.117572464091,89.8889363669322));
#4701=CARTESIAN_POINT('Ctrl Pts',(-80.0509029333281,110.045126408614,89.8164260235719));
#4702=CARTESIAN_POINT('Ctrl Pts',(-80.0509029333281,109.976391384709,89.740423687241));
#4703=CARTESIAN_POINT('Ctrl Pts',(-80.0509029333281,109.911703927474,89.6611492512198));
#4704=CARTESIAN_POINT('Ctrl Pts',(-80.0509029333281,109.848614504314,89.5838332048998));
#4705=CARTESIAN_POINT('Ctrl Pts',(-80.0509029333281,109.789374510237,89.5034041509764));
#4706=CARTESIAN_POINT('Ctrl Pts',(-80.0509029333281,109.734329742182,89.4200309356207));
#4707=CARTESIAN_POINT('Ctrl Pts',(-80.0509029333281,109.692662976492,89.3569206282892));
#4708=CARTESIAN_POINT('Ctrl Pts',(-80.0509029333281,109.653400629356,89.292122594224));
#4709=CARTESIAN_POINT('Ctrl Pts',(-80.0509029333281,109.616709340201,89.2256990484387));
#4710=CARTESIAN_POINT('Ctrl Pts',(-80.050902933328,114.610218275381,89.4741259301593));
#4711=CARTESIAN_POINT('Ctrl Pts',(-80.081488654193,115.090780542372,88.7928144988815));
#4712=CARTESIAN_POINT('Ctrl Pts',(-80.1451832041547,115.406580661774,86.8749234988219));
#4713=CARTESIAN_POINT('Ctrl Pts',(-80.2419865832134,113.248290728224,84.7873159487482));
#4714=CARTESIAN_POINT('Ctrl Pts',(-80.3413130705036,110.246740149635,85.4890689065437));
#4715=CARTESIAN_POINT('Ctrl Pts',(-80.440639557794,109.211994095444,88.3924330107244));
#4716=CARTESIAN_POINT('Ctrl Pts',(-80.5206317536143,110.726128396956,90.35921236832));
#4717=CARTESIAN_POINT('Ctrl Pts',(-80.5675151203378,112.011676542458,90.6095433804725));
#4718=CARTESIAN_POINT('Ctrl Pts',(-80.5812896579646,112.389939548346,90.6080342252554));
#4719=CARTESIAN_POINT('Origin',(-78.8955162086915,112.391155613357,87.8896607750357));
#4720=CARTESIAN_POINT('',(-80.0509029333281,114.607254732771,86.3087719496946));
#4721=CARTESIAN_POINT('Origin',(-80.0509023079251,112.391155613357,87.8896607750357));
#4722=CARTESIAN_POINT('Ctrl Pts',(-80.0509029333281,114.607254732771,86.3087719496947));
#4723=CARTESIAN_POINT('Ctrl Pts',(-80.0840117624249,114.081061809851,85.5711516601246));
#4724=CARTESIAN_POINT('Ctrl Pts',(-80.1502294206185,112.241503172996,84.6764948902182));
#4725=CARTESIAN_POINT('Ctrl Pts',(-80.2495559079087,109.604210174959,86.275934747113));
#4726=CARTESIAN_POINT('Ctrl Pts',(-80.3488823951992,109.527487783074,89.3582794809165));
#4727=CARTESIAN_POINT('Ctrl Pts',(-80.4183691621267,111.308969895929,90.5715537097593));
#4728=CARTESIAN_POINT('Ctrl Pts',(-80.4547470999575,112.300373161294,90.6159592273227));
#4729=CARTESIAN_POINT('Ctrl Pts',(-80.4580162086915,112.389522396452,90.6153554619418));
#4730=CARTESIAN_POINT('Ctrl Pts',(-79.8446806340519,114.898036651436,86.1013381387241));
#4731=CARTESIAN_POINT('Ctrl Pts',(-79.8777894631487,114.302800161658,85.266932176903));
#4732=CARTESIAN_POINT('Ctrl Pts',(-79.9440071213423,112.221866766231,84.2548844429278));
#4733=CARTESIAN_POINT('Ctrl Pts',(-80.0433336086326,109.238525565145,86.0641922548713));
#4734=CARTESIAN_POINT('Ctrl Pts',(-80.1426600959229,109.151736166725,89.5509819468588));
#4735=CARTESIAN_POINT('Ctrl Pts',(-80.2419865832133,112.032376132629,91.512835062299));
#4736=CARTESIAN_POINT('Ctrl Pts',(-80.3413130705037,115.243354644919,90.1532436573082));
#4737=CARTESIAN_POINT('Ctrl Pts',(-80.4406395577939,115.838396048738,86.7177198293612));
#4738=CARTESIAN_POINT('Ctrl Pts',(-80.5399660450844,113.272842153672,84.3569678928185));
#4739=CARTESIAN_POINT('Ctrl Pts',(-80.6392925323747,109.898690374985,85.2353906804804));
#4740=CARTESIAN_POINT('Ctrl Pts',(-80.7386190196651,108.810042749722,88.5476525154174));
#4741=CARTESIAN_POINT('Ctrl Pts',(-80.8379455069554,111.005018200708,91.2565583044908));
#4742=CARTESIAN_POINT('Ctrl Pts',(-80.9372719942458,114.471010570072,90.8782389066112));
#4743=CARTESIAN_POINT('Ctrl Pts',(-81.0365984815361,116.029898742519,87.7595763049887));
#4744=CARTESIAN_POINT('Ctrl Pts',(-81.1359249688265,114.252290943355,84.7601950366619));
#4745=CARTESIAN_POINT('Ctrl Pts',(-81.2352514561169,110.768136934399,84.6303368662181));
#4746=CARTESIAN_POINT('Ctrl Pts',(-81.3345779434072,108.772190194787,87.4890750201111));
#4747=CARTESIAN_POINT('Ctrl Pts',(-81.4339044306976,110.094607678177,90.7151250022832));
#4748=CARTESIAN_POINT('Ctrl Pts',(-81.533230917988,113.522815948796,91.3504013722159));
#4749=CARTESIAN_POINT('Ctrl Pts',(-81.6325574052783,115.913362490322,88.8123953387279));
#4750=CARTESIAN_POINT('Ctrl Pts',(-81.7318838925687,115.074265990027,85.4282995317367));
#4751=CARTESIAN_POINT('Ctrl Pts',(-81.831210379859,111.774925319035,84.3011177994589));
#4752=CARTESIAN_POINT('Ctrl Pts',(-81.9305368671494,109.040629237872,86.4644052025359));
#4753=CARTESIAN_POINT('Ctrl Pts',(-82.0298633544397,109.378555968952,89.934562688186));
#4754=CARTESIAN_POINT('Ctrl Pts',(-82.1291898417302,112.478847873362,91.52967320887));
#4755=CARTESIAN_POINT('Ctrl Pts',(-82.2285163290204,115.498731467205,89.7871203296144));
#4756=CARTESIAN_POINT('Ctrl Pts',(-82.3278428163108,115.669162655326,86.3047158918132));
#4757=CARTESIAN_POINT('Ctrl Pts',(-82.4271693036011,112.83386671296,84.2756066343035));
#4758=CARTESIAN_POINT('Ctrl Pts',(-82.5264957908915,109.592632422823,85.5603586474247));
#4759=CARTESIAN_POINT('Ctrl Pts',(-82.6258222781819,108.917468604958,88.9809348091237));
#4760=CARTESIAN_POINT('Ctrl Pts',(-82.7251487654722,111.427458189628,91.4008810366067));
#4761=CARTESIAN_POINT('Ctrl Pts',(-82.8244752527626,114.821097947939,90.6012582194134));
#4762=CARTESIAN_POINT('Ctrl Pts',(-82.9238017400529,115.98663279174,87.3152703942876));
#4763=CARTESIAN_POINT('Ctrl Pts',(-83.0231282273433,113.855340275821,84.555962569744));
#4764=CARTESIAN_POINT('Ctrl Pts',(-83.1224547146336,110.381482137764,84.8534471838573));
#4765=CARTESIAN_POINT('Ctrl Pts',(-83.221781201924,108.750368695253,87.9349494792744));
#4766=CARTESIAN_POINT('Ctrl Pts',(-83.3211076892144,110.457628805683,90.9749248696886));
#4767=CARTESIAN_POINT('Ctrl Pts',(-83.4204341765046,113.937811886836,91.1859063395342));
#4768=CARTESIAN_POINT('Ctrl Pts',(-83.5197606637952,115.9998080444,88.3744370963703));
#4769=CARTESIAN_POINT('Ctrl Pts',(-83.6190871510854,114.752895960806,85.1184583318931));
#4770=CARTESIAN_POINT('Ctrl Pts',(-83.7184136383758,111.340415912919,84.4034986256546));
#4771=CARTESIAN_POINT('Ctrl Pts',(-83.8177401256662,108.891398354192,86.8851312448712));
#4772=CARTESIAN_POINT('Ctrl Pts',(-83.9170666129565,109.651438985146,90.2878545215423));
#4773=CARTESIAN_POINT('Ctrl Pts',(-84.0163931002469,112.923628153866,91.491584350646));
#4774=CARTESIAN_POINT('Ctrl Pts',(-84.1157195875372,115.707573356744,89.3925758768372));
#4775=CARTESIAN_POINT('Ctrl Pts',(-84.2150460748276,115.450571220262,85.9154883955342));
#4776=CARTESIAN_POINT('Ctrl Pts',(-84.3143725621179,112.388276611291,84.2485933251593));
#4777=CARTESIAN_POINT('Ctrl Pts',(-84.4136990494083,109.328621858651,85.9203290445511));
#4778=CARTESIAN_POINT('Ctrl Pts',(-84.5130255366987,109.077118745945,89.3978185919116));
#4779=CARTESIAN_POINT('Ctrl Pts',(-84.6123520239889,111.864379820178,91.4924219188665));
#4780=CARTESIAN_POINT('Ctrl Pts',(-84.7116785112794,115.134661377305,90.2835188830324));
#4781=CARTESIAN_POINT('Ctrl Pts',(-84.8110049985697,115.88931983488,86.8795980407888));
#4782=CARTESIAN_POINT('Ctrl Pts',(-84.9103314858602,113.43638115794,84.401841178814));
#4783=CARTESIAN_POINT('Ctrl Pts',(-85.0096579731503,110.025035413552,85.1221970039457));
#4784=CARTESIAN_POINT('Ctrl Pts',(-85.1089844604408,108.783275185374,88.3801425246925));
#4785=CARTESIAN_POINT('Ctrl Pts',(-85.2083109477311,110.849712160626,91.1883496011503));
#4786=CARTESIAN_POINT('Ctrl Pts',(-85.3076374350215,114.329562876198,90.9718601819463));
#4787=CARTESIAN_POINT('Ctrl Pts',(-85.4069639223118,116.032001564983,87.9291984663695));
#4788=CARTESIAN_POINT('Ctrl Pts',(-85.5062904096022,114.396041992937,84.8502589746283));
#4789=CARTESIAN_POINT('Ctrl Pts',(-85.6056168968925,110.921665291982,84.558311446186));
#4790=CARTESIAN_POINT('Ctrl Pts',(-85.704943384183,108.794849414689,87.3208955115987));
#4791=CARTESIAN_POINT('Ctrl Pts',(-85.8042698714733,109.965347123211,90.6052270050681));
#4792=CARTESIAN_POINT('Ctrl Pts',(-85.9035963587636,113.360736380096,91.3990806371278));
#4793=CARTESIAN_POINT('Ctrl Pts',(-86.002922846054,115.86587288407,88.9760153560871));
#4794=CARTESIAN_POINT('Ctrl Pts',(-86.1022493333443,115.187510620976,85.5547495967756));
#4795=CARTESIAN_POINT('Ctrl Pts',(-86.2015758206347,111.939981873818,84.2790237183707));
#4796=CARTESIAN_POINT('Ctrl Pts',(-86.2677934788283,110.061418880282,85.6301438060638));
#4797=CARTESIAN_POINT('Ctrl Pts',(-86.3009023079251,109.616717740245,86.5536050580588));
#4798=CARTESIAN_POINT('Ctrl Pts',(-79.9134214004773,114.801109345215,86.170482742381));
#4799=CARTESIAN_POINT('Ctrl Pts',(-79.9465302295741,114.228887377722,85.3683386713102));
#4800=CARTESIAN_POINT('Ctrl Pts',(-80.0127478877677,112.228412235152,84.3954212586914));
#4801=CARTESIAN_POINT('Ctrl Pts',(-80.112074375058,109.360420435083,86.1347730856185));
#4802=CARTESIAN_POINT('Ctrl Pts',(-80.2114008623484,109.276986705508,89.4867477915447));
#4803=CARTESIAN_POINT('Ctrl Pts',(-80.3107273496387,112.046248162481,91.3727468338185));
#4804=CARTESIAN_POINT('Ctrl Pts',(-80.4100538369291,115.133075790542,90.0657233530515));
#4805=CARTESIAN_POINT('Ctrl Pts',(-80.5093803242193,115.705110214977,86.763032342077));
#4806=CARTESIAN_POINT('Ctrl Pts',(-80.6087068115099,113.238752182913,84.4935577028575));
#4807=CARTESIAN_POINT('Ctrl Pts',(-80.7080332988001,109.995060301494,85.3380167111305));
#4808=CARTESIAN_POINT('Ctrl Pts',(-80.8073597860905,108.948504694216,88.5222115926363));
#4809=CARTESIAN_POINT('Ctrl Pts',(-80.9066862733808,111.058612513091,91.1263788891546));
#4810=CARTESIAN_POINT('Ctrl Pts',(-81.0060127606712,114.39059401451,90.762687022287));
#4811=CARTESIAN_POINT('Ctrl Pts',(-81.1053392479616,115.889208552524,87.7646059562053));
#4812=CARTESIAN_POINT('Ctrl Pts',(-81.2046657352519,114.180331073178,84.8811942701021));
#4813=CARTESIAN_POINT('Ctrl Pts',(-81.3039922225423,110.830890142911,84.7563570011136));
#4814=CARTESIAN_POINT('Ctrl Pts',(-81.4033187098326,108.912115689457,87.5045634687234));
#4815=CARTESIAN_POINT('Ctrl Pts',(-81.502645197123,110.183402559779,90.6058798357943));
#4816=CARTESIAN_POINT('Ctrl Pts',(-81.6019716844133,113.479060865804,91.2165935614257));
#4817=CARTESIAN_POINT('Ctrl Pts',(-81.7012981717037,115.777178116451,88.7767182665982));
#4818=CARTESIAN_POINT('Ctrl Pts',(-81.8006246589941,114.970524864239,85.5234668377745));
#4819=CARTESIAN_POINT('Ctrl Pts',(-81.8999511462845,111.798751556313,84.4398670255291));
#4820=CARTESIAN_POINT('Ctrl Pts',(-81.9992776335747,109.170175670698,86.5195119990776));
#4821=CARTESIAN_POINT('Ctrl Pts',(-82.0986041208652,109.495036633101,89.8554975746372));
#4822=CARTESIAN_POINT('Ctrl Pts',(-82.1979306081555,112.475457295824,91.3889339418424));
#4823=CARTESIAN_POINT('Ctrl Pts',(-82.2972570954458,115.378578595243,89.7137560013928));
#4824=CARTESIAN_POINT('Ctrl Pts',(-82.3965835827361,115.542420146397,86.3659969959849));
#4825=CARTESIAN_POINT('Ctrl Pts',(-82.4959100700266,112.816749508885,84.4153422368627));
#4826=CARTESIAN_POINT('Ctrl Pts',(-82.5952365573169,109.700835927552,85.6504199535563));
#4827=CARTESIAN_POINT('Ctrl Pts',(-82.6945630446073,109.051776982286,88.93874124235));
#4828=CARTESIAN_POINT('Ctrl Pts',(-82.7938895318975,111.464719070331,91.2651214547456));
#4829=CARTESIAN_POINT('Ctrl Pts',(-82.8932160191881,114.727145438352,90.4964156553473));
#4830=CARTESIAN_POINT('Ctrl Pts',(-82.9925425064782,115.847615458173,87.3374789121549));
#4831=CARTESIAN_POINT('Ctrl Pts',(-83.0918689937687,113.798728305413,84.6848583497538));
#4832=CARTESIAN_POINT('Ctrl Pts',(-83.1911954810591,110.459185161328,84.9708408694914));
#4833=CARTESIAN_POINT('Ctrl Pts',(-83.2905219683494,108.891137907329,87.9331984140912));
#4834=CARTESIAN_POINT('Ctrl Pts',(-83.3898484556398,110.532387656274,90.8556346707783));
#4835=CARTESIAN_POINT('Ctrl Pts',(-83.4891749429301,113.878011192682,91.0584586472189));
#4836=CARTESIAN_POINT('Ctrl Pts',(-83.5885014302205,115.860281296254,88.3556934614578));
#4837=CARTESIAN_POINT('Ctrl Pts',(-83.6878279175108,114.661580447067,85.2256054935367));
#4838=CARTESIAN_POINT('Ctrl Pts',(-83.7871544048012,111.381042239879,84.5382893480937));
#4839=CARTESIAN_POINT('Ctrl Pts',(-83.8864808920915,109.026714724777,86.9239708786232));
#4840=CARTESIAN_POINT('Ctrl Pts',(-83.9858073793819,109.757368763444,90.1951295552933));
#4841=CARTESIAN_POINT('Ctrl Pts',(-84.0851338666723,112.903040368405,91.3523177703428));
#4842=CARTESIAN_POINT('Ctrl Pts',(-84.1844603539626,115.579345717183,89.3344664132909));
#4843=CARTESIAN_POINT('Ctrl Pts',(-84.283786841253,115.332280440251,85.9918187869072));
#4844=CARTESIAN_POINT('Ctrl Pts',(-84.3831133285433,112.388387926471,84.3893733838567));
#4845=CARTESIAN_POINT('Ctrl Pts',(-84.4824398158337,109.447033200293,85.9964722746419));
#4846=CARTESIAN_POINT('Ctrl Pts',(-84.5817663031241,109.205254330122,89.3395064213992));
#4847=CARTESIAN_POINT('Ctrl Pts',(-84.6810927904143,111.884747343742,91.3531229544054));
#4848=CARTESIAN_POINT('Ctrl Pts',(-84.7804192777049,115.028585093961,90.1909615520858));
#4849=CARTESIAN_POINT('Ctrl Pts',(-84.879745764995,115.754065058302,86.9186516131197));
#4850=CARTESIAN_POINT('Ctrl Pts',(-84.9790722522856,113.395968033069,84.5366959856092));
#4851=CARTESIAN_POINT('Ctrl Pts',(-85.0783987395756,110.116520272099,85.2291996116974));
#4852=CARTESIAN_POINT('Ctrl Pts',(-85.1777252268662,108.922772084406,88.3611782922368));
#4853=CARTESIAN_POINT('Ctrl Pts',(-85.2770517141565,110.909311303663,91.060807441342));
#4854=CARTESIAN_POINT('Ctrl Pts',(-85.376378201447,114.25461532524,90.8526884776605));
#4855=CARTESIAN_POINT('Ctrl Pts',(-85.4757046887372,115.891230070405,87.9276697612347));
#4856=CARTESIAN_POINT('Ctrl Pts',(-85.5750311760276,114.318524060055,84.9677759307836));
#4857=CARTESIAN_POINT('Ctrl Pts',(-85.6743576633179,110.978482403048,84.6871164080586));
#4858=CARTESIAN_POINT('Ctrl Pts',(-85.7736841506083,108.933898801911,87.3428865371082));
#4859=CARTESIAN_POINT('Ctrl Pts',(-85.8730106378987,110.059139799763,90.5002309898821));
#4860=CARTESIAN_POINT('Ctrl Pts',(-85.972337125189,113.323248022868,91.2633906668156));
#4861=CARTESIAN_POINT('Ctrl Pts',(-86.0716636124794,115.731524672162,88.9340119975138));
#4862=CARTESIAN_POINT('Ctrl Pts',(-86.1709900997697,115.07939094796,85.6450277740556));
#4863=CARTESIAN_POINT('Ctrl Pts',(-86.2703165870601,111.957426281648,84.4186272010771));
#4864=CARTESIAN_POINT('Ctrl Pts',(-86.3365342452537,110.151496990217,85.7175069038088));
#4865=CARTESIAN_POINT('Ctrl Pts',(-86.3696430743504,109.723989998176,86.6052629866328));
#4866=CARTESIAN_POINT('Ctrl Pts',(-79.9821621669027,114.704182038993,86.2396273460378));
#4867=CARTESIAN_POINT('Ctrl Pts',(-80.0152709959995,114.154974593786,85.4697451657174));
#4868=CARTESIAN_POINT('Ctrl Pts',(-80.081488654193,112.234957704074,84.5359580744548));
#4869=CARTESIAN_POINT('Ctrl Pts',(-80.1808151414834,109.482315305021,86.2053539163657));
#4870=CARTESIAN_POINT('Ctrl Pts',(-80.2801416287737,109.402237244291,89.4225136362306));
#4871=CARTESIAN_POINT('Ctrl Pts',(-80.3794681160641,112.060120192333,91.232658605338));
#4872=CARTESIAN_POINT('Ctrl Pts',(-80.4787946033544,115.022796936166,89.9782030487947));
#4873=CARTESIAN_POINT('Ctrl Pts',(-80.5781210906448,115.571824381216,86.8083448547929));
#4874=CARTESIAN_POINT('Ctrl Pts',(-80.6774475779352,113.204662212153,84.6301475128966));
#4875=CARTESIAN_POINT('Ctrl Pts',(-80.7767740652254,110.091430228003,85.4406427417805));
#4876=CARTESIAN_POINT('Ctrl Pts',(-80.8761005525159,109.08696663871,88.4967706698552));
#4877=CARTESIAN_POINT('Ctrl Pts',(-80.9754270398061,111.112206825473,90.9961994738185));
#4878=CARTESIAN_POINT('Ctrl Pts',(-81.0747535270966,114.310177458948,90.6471351379629));
#4879=CARTESIAN_POINT('Ctrl Pts',(-81.1740800143869,115.748518362529,87.7696356074218));
#4880=CARTESIAN_POINT('Ctrl Pts',(-81.2734065016774,114.108371203,85.0021935035424));
#4881=CARTESIAN_POINT('Ctrl Pts',(-81.3727329889676,110.893643351424,84.882377136009));
#4882=CARTESIAN_POINT('Ctrl Pts',(-81.4720594762581,109.052041184126,87.5200519173358));
#4883=CARTESIAN_POINT('Ctrl Pts',(-81.5713859635483,110.272197441381,90.4966346693055));
#4884=CARTESIAN_POINT('Ctrl Pts',(-81.6707124508387,113.435305782812,91.0827857506357));
#4885=CARTESIAN_POINT('Ctrl Pts',(-81.770038938129,115.64099374258,88.7410411944684));
#4886=CARTESIAN_POINT('Ctrl Pts',(-81.8693654254194,114.866783738452,85.6186341438124));
#4887=CARTESIAN_POINT('Ctrl Pts',(-81.9686919127098,111.822577793591,84.5786162515991));
#4888=CARTESIAN_POINT('Ctrl Pts',(-82.0680184000002,109.299722103523,86.5746187956194));
#4889=CARTESIAN_POINT('Ctrl Pts',(-82.1673448872905,109.611517297249,89.7764324610883));
#4890=CARTESIAN_POINT('Ctrl Pts',(-82.2666713745809,112.472066718285,91.2481946748146));
#4891=CARTESIAN_POINT('Ctrl Pts',(-82.3659978618712,115.258425723281,89.6403916731714));
#4892=CARTESIAN_POINT('Ctrl Pts',(-82.4653243491616,115.415677637467,86.4272781001566));
#4893=CARTESIAN_POINT('Ctrl Pts',(-82.5646508364519,112.799632304811,84.5550778394221));
#4894=CARTESIAN_POINT('Ctrl Pts',(-82.6639773237424,109.80903943228,85.7404812596877));
#4895=CARTESIAN_POINT('Ctrl Pts',(-82.7633038110326,109.186085359616,88.8965476755764));
#4896=CARTESIAN_POINT('Ctrl Pts',(-82.8626302983231,111.501979951033,91.1293618728845));
#4897=CARTESIAN_POINT('Ctrl Pts',(-82.9619567856133,114.633192928764,90.3915730912812));
#4898=CARTESIAN_POINT('Ctrl Pts',(-83.0612832729037,115.708598124607,87.3596874300223));
#4899=CARTESIAN_POINT('Ctrl Pts',(-83.1606097601941,113.742116335006,84.8137541297635));
#4900=CARTESIAN_POINT('Ctrl Pts',(-83.2599362474844,110.536888184892,85.0882345551257));
#4901=CARTESIAN_POINT('Ctrl Pts',(-83.3592627347748,109.031907119406,87.931447348908));
#4902=CARTESIAN_POINT('Ctrl Pts',(-83.4585892220652,110.607146506865,90.736344471868));
#4903=CARTESIAN_POINT('Ctrl Pts',(-83.5579157093554,113.818210498528,90.9310109549037));
#4904=CARTESIAN_POINT('Ctrl Pts',(-83.6572421966459,115.720754548109,88.3369498265452));
#4905=CARTESIAN_POINT('Ctrl Pts',(-83.7565686839362,114.570264933329,85.3327526551805));
#4906=CARTESIAN_POINT('Ctrl Pts',(-83.8558951712266,111.421668566839,84.6730800705326));
#4907=CARTESIAN_POINT('Ctrl Pts',(-83.9552216585169,109.162031095361,86.9628105123754));
#4908=CARTESIAN_POINT('Ctrl Pts',(-84.0545481458073,109.863298541742,90.1024045890441));
#4909=CARTESIAN_POINT('Ctrl Pts',(-84.1538746330976,112.882452582944,91.2130511900396));
#4910=CARTESIAN_POINT('Ctrl Pts',(-84.253201120388,115.451118077622,89.2763569497444));
#4911=CARTESIAN_POINT('Ctrl Pts',(-84.3525276076784,115.213989660239,86.0681491782803));
#4912=CARTESIAN_POINT('Ctrl Pts',(-84.4518540949687,112.388499241651,84.5301534425539));
#4913=CARTESIAN_POINT('Ctrl Pts',(-84.5511805822591,109.565444541935,86.0726155047327));
#4914=CARTESIAN_POINT('Ctrl Pts',(-84.6505070695494,109.3333899143,89.2811942508868));
#4915=CARTESIAN_POINT('Ctrl Pts',(-84.7498335568397,111.905114867306,91.2138239899443));
#4916=CARTESIAN_POINT('Ctrl Pts',(-84.8491600441302,114.922508810618,90.0984042211394));
#4917=CARTESIAN_POINT('Ctrl Pts',(-84.9484865314204,115.618810281724,86.9577051854505));
#4918=CARTESIAN_POINT('Ctrl Pts',(-85.047813018711,113.355554908197,84.6715507924045));
#4919=CARTESIAN_POINT('Ctrl Pts',(-85.1471395060011,110.208005130646,85.3362022194491));
#4920=CARTESIAN_POINT('Ctrl Pts',(-85.2464659932916,109.062268983438,88.3422140597809));
#4921=CARTESIAN_POINT('Ctrl Pts',(-85.3457924805818,110.9689104467,90.933265281534));
#4922=CARTESIAN_POINT('Ctrl Pts',(-85.4451189678723,114.179667774282,90.7335167733745));
#4923=CARTESIAN_POINT('Ctrl Pts',(-85.5444454551626,115.750458575827,87.9261410560999));
#4924=CARTESIAN_POINT('Ctrl Pts',(-85.643771942453,114.241006127173,85.0852928869391));
#4925=CARTESIAN_POINT('Ctrl Pts',(-85.7430984297433,111.035299514114,84.8159213699311));
#4926=CARTESIAN_POINT('Ctrl Pts',(-85.8424249170337,109.072948189134,87.3648775626176));
#4927=CARTESIAN_POINT('Ctrl Pts',(-85.9417514043241,110.152932476315,90.3952349746962));
#4928=CARTESIAN_POINT('Ctrl Pts',(-86.0410778916144,113.28575966564,91.1277006965033));
#4929=CARTESIAN_POINT('Ctrl Pts',(-86.1404043789048,115.597176460254,88.8920086389407));
#4930=CARTESIAN_POINT('Ctrl Pts',(-86.2397308661951,114.971271274943,85.7353059513356));
#4931=CARTESIAN_POINT('Ctrl Pts',(-86.3390573534855,111.974870689479,84.5582306837836));
#4932=CARTESIAN_POINT('Ctrl Pts',(-86.4052750116791,110.241575100152,85.8048700015537));
#4933=CARTESIAN_POINT('Ctrl Pts',(-86.4383838407758,109.831262256108,86.6569209152068));
#4934=CARTESIAN_POINT('Ctrl Pts',(-80.0509029333281,114.607254732771,86.3087719496947));
#4935=CARTESIAN_POINT('Ctrl Pts',(-80.0840117624249,114.081061809851,85.5711516601246));
#4936=CARTESIAN_POINT('Ctrl Pts',(-80.1502294206185,112.241503172996,84.6764948902182));
#4937=CARTESIAN_POINT('Ctrl Pts',(-80.2495559079087,109.604210174959,86.275934747113));
#4938=CARTESIAN_POINT('Ctrl Pts',(-80.3488823951992,109.527487783074,89.3582794809165));
#4939=CARTESIAN_POINT('Ctrl Pts',(-80.4482088824894,112.073992222184,91.0925703768575));
#4940=CARTESIAN_POINT('Ctrl Pts',(-80.5475353697799,114.912518081789,89.8906827445379));
#4941=CARTESIAN_POINT('Ctrl Pts',(-80.6468618570701,115.438538547455,86.8536573675088));
#4942=CARTESIAN_POINT('Ctrl Pts',(-80.7461883443606,113.170572241395,84.7667373229355));
#4943=CARTESIAN_POINT('Ctrl Pts',(-80.8455148316509,110.187800154512,85.5432687724306));
#4944=CARTESIAN_POINT('Ctrl Pts',(-80.9448413189412,109.225428583204,88.471329747074));
#4945=CARTESIAN_POINT('Ctrl Pts',(-81.0441678062316,111.165801137856,90.8660200584823));
#4946=CARTESIAN_POINT('Ctrl Pts',(-81.143494293522,114.229760903386,90.5315832536388));
#4947=CARTESIAN_POINT('Ctrl Pts',(-81.2428207808122,115.607828172534,87.7746652586383));
#4948=CARTESIAN_POINT('Ctrl Pts',(-81.3421472681028,114.036411332823,85.1231927369827));
#4949=CARTESIAN_POINT('Ctrl Pts',(-81.441473755393,110.956396559936,85.0083972709044));
#4950=CARTESIAN_POINT('Ctrl Pts',(-81.5408002426834,109.191966678796,87.5355403659482));
#4951=CARTESIAN_POINT('Ctrl Pts',(-81.6401267299737,110.360992322982,90.3873895028165));
#4952=CARTESIAN_POINT('Ctrl Pts',(-81.7394532172641,113.39155069982,90.9489779398456));
#4953=CARTESIAN_POINT('Ctrl Pts',(-81.8387797045544,115.504809368709,88.7053641223386));
#4954=CARTESIAN_POINT('Ctrl Pts',(-81.9381061918448,114.763042612664,85.7138014498502));
#4955=CARTESIAN_POINT('Ctrl Pts',(-82.0374326791352,111.846404030869,84.7173654776692));
#4956=CARTESIAN_POINT('Ctrl Pts',(-82.1367591664256,109.429268536348,86.6297255921612));
#4957=CARTESIAN_POINT('Ctrl Pts',(-82.2360856537158,109.727997961397,89.6973673475394));
#4958=CARTESIAN_POINT('Ctrl Pts',(-82.3354121410063,112.468676140747,91.1074554077871));
#4959=CARTESIAN_POINT('Ctrl Pts',(-82.4347386282965,115.138272851318,89.5670273449498));
#4960=CARTESIAN_POINT('Ctrl Pts',(-82.5340651155869,115.288935128538,86.4885592043284));
#4961=CARTESIAN_POINT('Ctrl Pts',(-82.6333916028774,112.782515100737,84.6948134419812));
#4962=CARTESIAN_POINT('Ctrl Pts',(-82.7327180901676,109.917242937009,85.8305425658193));
#4963=CARTESIAN_POINT('Ctrl Pts',(-82.832044577458,109.320393736944,88.8543541088027));
#4964=CARTESIAN_POINT('Ctrl Pts',(-82.9313710647484,111.539240831735,90.9936022910235));
#4965=CARTESIAN_POINT('Ctrl Pts',(-83.0306975520388,114.539240419177,90.286730527215));
#4966=CARTESIAN_POINT('Ctrl Pts',(-83.1300240393291,115.56958079104,87.3818959478897));
#4967=CARTESIAN_POINT('Ctrl Pts',(-83.2293505266195,113.685504364598,84.9426499097733));
#4968=CARTESIAN_POINT('Ctrl Pts',(-83.3286770139098,110.614591208456,85.2056282407598));
#4969=CARTESIAN_POINT('Ctrl Pts',(-83.4280035012002,109.172676331482,87.9296962837249));
#4970=CARTESIAN_POINT('Ctrl Pts',(-83.5273299884906,110.681905357456,90.6170542729576));
#4971=CARTESIAN_POINT('Ctrl Pts',(-83.6266564757808,113.758409804373,90.8035632625885));
#4972=CARTESIAN_POINT('Ctrl Pts',(-83.7259829630713,115.581227799963,88.3182061916326));
#4973=CARTESIAN_POINT('Ctrl Pts',(-83.8253094503615,114.478949419591,85.4398998168243));
#4974=CARTESIAN_POINT('Ctrl Pts',(-83.924635937652,111.4622948938,84.8078707929717));
#4975=CARTESIAN_POINT('Ctrl Pts',(-84.0239624249423,109.297347465946,87.0016501461274));
#4976=CARTESIAN_POINT('Ctrl Pts',(-84.1232889122327,109.96922832004,90.0096796227949));
#4977=CARTESIAN_POINT('Ctrl Pts',(-84.222615399523,112.861864797483,91.0737846097365));
#4978=CARTESIAN_POINT('Ctrl Pts',(-84.3219418868133,115.322890438062,89.218247486198));
#4979=CARTESIAN_POINT('Ctrl Pts',(-84.4212683741038,115.095698880228,86.1444795696533));
#4980=CARTESIAN_POINT('Ctrl Pts',(-84.5205948613941,112.388610556832,84.6709335012512));
#4981=CARTESIAN_POINT('Ctrl Pts',(-84.6199213486845,109.683855883578,86.1487587348235));
#4982=CARTESIAN_POINT('Ctrl Pts',(-84.7192478359748,109.461525498477,89.2228820803743));
#4983=CARTESIAN_POINT('Ctrl Pts',(-84.8185743232651,111.92548239087,91.0745250254832));
#4984=CARTESIAN_POINT('Ctrl Pts',(-84.9179008105556,114.816432527275,90.0058468901929));
#4985=CARTESIAN_POINT('Ctrl Pts',(-85.0172272978458,115.483555505145,86.9967587577813));
#4986=CARTESIAN_POINT('Ctrl Pts',(-85.1165537851363,113.315141783325,84.8064055991997));
#4987=CARTESIAN_POINT('Ctrl Pts',(-85.2158802724265,110.299489989194,85.4432048272008));
#4988=CARTESIAN_POINT('Ctrl Pts',(-85.315206759717,109.20176588247,88.3232498273252));
#4989=CARTESIAN_POINT('Ctrl Pts',(-85.4145332470072,111.028509589738,90.8057231217257));
#4990=CARTESIAN_POINT('Ctrl Pts',(-85.5138597342977,114.104720223324,90.6143450690887));
#4991=CARTESIAN_POINT('Ctrl Pts',(-85.613186221588,115.609687081249,87.9246123509651));
#4992=CARTESIAN_POINT('Ctrl Pts',(-85.7125127088784,114.163488194291,85.2028098430945));
#4993=CARTESIAN_POINT('Ctrl Pts',(-85.8118391961687,111.09211662518,84.9447263318036));
#4994=CARTESIAN_POINT('Ctrl Pts',(-85.9111656834591,109.211997576357,87.3868685881269));
#4995=CARTESIAN_POINT('Ctrl Pts',(-86.0104921707494,110.246725152868,90.2902389595103));
#4996=CARTESIAN_POINT('Ctrl Pts',(-86.1098186580398,113.248271308411,90.992010726191));
#4997=CARTESIAN_POINT('Ctrl Pts',(-86.2091451453302,115.462828248346,88.8500052803674));
#4998=CARTESIAN_POINT('Ctrl Pts',(-86.3084716326205,114.863151601927,85.8255841286156));
#4999=CARTESIAN_POINT('Ctrl Pts',(-86.4077981199109,111.99231509731,84.6978341664901));
#5000=CARTESIAN_POINT('Ctrl Pts',(-86.4740157781044,110.331653210088,85.8922330992986));
#5001=CARTESIAN_POINT('Ctrl Pts',(-86.5071246072012,109.938534514039,86.7085788437808));
#5002=CARTESIAN_POINT('',(-86.3009023079251,109.616717740245,86.5536050580587));
#5003=CARTESIAN_POINT('Ctrl Pts',(-86.300902307925,114.610227941617,86.3052096299792));
#5004=CARTESIAN_POINT('Ctrl Pts',(-86.300902307925,114.574005213977,86.2462302722522));
#5005=CARTESIAN_POINT('Ctrl Pts',(-86.300902307925,114.535486694231,86.1888682634149));
#5006=CARTESIAN_POINT('Ctrl Pts',(-86.300902307925,114.494707414841,86.1332775383498));
#5007=CARTESIAN_POINT('Ctrl Pts',(-86.300902307925,114.44121266245,86.0603529522115));
#5008=CARTESIAN_POINT('Ctrl Pts',(-86.300902307925,114.383829470229,85.9904749974412));
#5009=CARTESIAN_POINT('Ctrl Pts',(-86.300902307925,114.322944522104,85.9237150260848));
#5010=CARTESIAN_POINT('Ctrl Pts',(-86.300902307925,114.260476961277,85.8552197296292));
#5011=CARTESIAN_POINT('Ctrl Pts',(-86.300902307925,114.194322716636,85.7900061129082));
#5012=CARTESIAN_POINT('Ctrl Pts',(-86.300902307925,114.124852559308,85.7281793916767));
#5013=CARTESIAN_POINT('Ctrl Pts',(-86.300902307925,114.054376885435,85.6654577855985));
#5014=CARTESIAN_POINT('Ctrl Pts',(-86.300902307925,113.98048792368,85.6062213013303));
#5015=CARTESIAN_POINT('Ctrl Pts',(-86.300902307925,113.903534536046,85.5506162190904));
#5016=CARTESIAN_POINT('Ctrl Pts',(-86.300902307925,113.888133028206,85.5394873768605));
#5017=CARTESIAN_POINT('Ctrl Pts',(-86.300902307925,113.872605003641,85.5285017111073));
#5018=CARTESIAN_POINT('Ctrl Pts',(-86.300902307925,113.856976853046,85.5176766619515));
#5019=CARTESIAN_POINT('Ctrl Pts',(-86.300902307925,113.778376933092,85.4632333679781));
#5020=CARTESIAN_POINT('Ctrl Pts',(-86.300902307925,113.697144588843,85.4127729064608));
#5021=CARTESIAN_POINT('Ctrl Pts',(-86.300902307925,113.613691340109,85.3663823371135));
#5022=CARTESIAN_POINT('Ctrl Pts',(-86.300902307925,113.528858050558,85.3192246211273));
#5023=CARTESIAN_POINT('Ctrl Pts',(-86.300902307925,113.441729062227,85.2762719852073));
#5024=CARTESIAN_POINT('Ctrl Pts',(-86.300902307925,113.352696392152,85.2376524068891));
#5025=CARTESIAN_POINT('Ctrl Pts',(-86.300902307925,113.263484405203,85.1989550465382));
#5026=CARTESIAN_POINT('Ctrl Pts',(-86.300902307925,113.172360199792,85.1646077368589));
#5027=CARTESIAN_POINT('Ctrl Pts',(-86.300902307925,113.079690275318,85.1347830957176));
#5028=CARTESIAN_POINT('Ctrl Pts',(-86.300902307925,113.037381994165,85.1211667114388));
#5029=CARTESIAN_POINT('Ctrl Pts',(-86.300902307925,112.994751225499,85.1084936614514));
#5030=CARTESIAN_POINT('Ctrl Pts',(-86.300902307925,112.951831673411,85.096783828601));
#5031=CARTESIAN_POINT('Ctrl Pts',(-86.300902307925,112.933995409036,85.0919175225855));
#5032=CARTESIAN_POINT('Ctrl Pts',(-86.300902307925,112.916109265057,85.0872175933805));
#5033=CARTESIAN_POINT('Ctrl Pts',(-86.300902307925,112.898175638967,85.0826855869009));
#5034=CARTESIAN_POINT('Ctrl Pts',(-86.300902307925,112.884438692552,85.0792141233024));
#5035=CARTESIAN_POINT('Ctrl Pts',(-86.300902307925,112.870674805338,85.0758414837369));
#5036=CARTESIAN_POINT('Ctrl Pts',(-86.300902307925,112.8568975495,85.0725711248295));
#5037=CARTESIAN_POINT('Ctrl Pts',(-86.300902307925,112.760429481661,85.0496721376403));
#5038=CARTESIAN_POINT('Ctrl Pts',(-86.300902307925,112.663147705876,85.0317429449419));
#5039=CARTESIAN_POINT('Ctrl Pts',(-86.300902307925,112.56545446484,85.0189099793024));
#5040=CARTESIAN_POINT('Ctrl Pts',(-86.300902307925,112.468880962716,85.0062241023542));
#5041=CARTESIAN_POINT('Ctrl Pts',(-86.300902307925,112.371904459695,84.9985179511482));
#5042=CARTESIAN_POINT('Ctrl Pts',(-86.300902307925,112.274893026522,84.9959593188812));
#5043=CARTESIAN_POINT('Ctrl Pts',(-86.300902307925,112.19415122275,84.9938297906631));
#5044=CARTESIAN_POINT('Ctrl Pts',(-86.300902307925,112.113384618986,84.9952666745734));
#5045=CARTESIAN_POINT('Ctrl Pts',(-86.300902307925,112.032801157767,85.0003939879734));
#5046=CARTESIAN_POINT('Ctrl Pts',(-86.300902307925,111.971049140793,85.0043231061735));
#5047=CARTESIAN_POINT('Ctrl Pts',(-86.300902307925,111.909404567417,85.0104199242831));
#5048=CARTESIAN_POINT('Ctrl Pts',(-86.300902307925,111.847942243626,85.0186268884457));
#5049=CARTESIAN_POINT('Ctrl Pts',(-86.300902307925,111.829928450998,85.0210322408862));
#5050=CARTESIAN_POINT('Ctrl Pts',(-86.300902307925,111.811930321211,85.0236189122568));
#5051=CARTESIAN_POINT('Ctrl Pts',(-86.300902307925,111.793949761205,85.026385594871));
#5052=CARTESIAN_POINT('Ctrl Pts',(-86.300902307925,111.778374569981,85.0287821615385));
#5053=CARTESIAN_POINT('Ctrl Pts',(-86.300902307925,111.762811269008,85.0313141025467));
#5054=CARTESIAN_POINT('Ctrl Pts',(-86.300902307925,111.747278849391,85.0339773195581));
#5055=CARTESIAN_POINT('Ctrl Pts',(-86.300902307925,111.653221924175,85.0501044915933));
#5056=CARTESIAN_POINT('Ctrl Pts',(-86.300902307925,111.560150260043,85.0710626827295));
#5057=CARTESIAN_POINT('Ctrl Pts',(-86.300902307925,111.468330690002,85.0965580143832));
#5058=CARTESIAN_POINT('Ctrl Pts',(-86.300902307925,111.371906932878,85.1233317802161));
#5059=CARTESIAN_POINT('Ctrl Pts',(-86.300902307925,111.276863247081,85.1551090696418));
#5060=CARTESIAN_POINT('Ctrl Pts',(-86.300902307925,111.18350771972,85.1916084292069));
#5061=CARTESIAN_POINT('Ctrl Pts',(-86.300902307925,111.090605569191,85.2279305313084));
#5062=CARTESIAN_POINT('Ctrl Pts',(-86.300902307925,110.999374427659,85.2689294278908));
#5063=CARTESIAN_POINT('Ctrl Pts',(-86.300902307925,110.910128714589,85.3143805406281));
#5064=CARTESIAN_POINT('Ctrl Pts',(-86.300902307925,110.869784043382,85.3349273000887));
#5065=CARTESIAN_POINT('Ctrl Pts',(-86.300902307925,110.829845334956,85.3563845920525));
#5066=CARTESIAN_POINT('Ctrl Pts',(-86.300902307925,110.790343035745,85.3787348405876));
#5067=CARTESIAN_POINT('Ctrl Pts',(-86.300902307925,110.769722384766,85.3904019253787));
#5068=CARTESIAN_POINT('Ctrl Pts',(-86.300902307925,110.749220670709,85.4023123683466));
#5069=CARTESIAN_POINT('Ctrl Pts',(-86.300902307925,110.728842349487,85.4144638672657));
#5070=CARTESIAN_POINT('Ctrl Pts',(-86.300902307925,110.711926670364,85.4245506086776));
#5071=CARTESIAN_POINT('Ctrl Pts',(-86.300902307925,110.69509411889,85.4348047526911));
#5072=CARTESIAN_POINT('Ctrl Pts',(-86.300902307925,110.678367206337,85.4452122886992));
#5073=CARTESIAN_POINT('Ctrl Pts',(-86.300902307925,110.591787714197,85.4990823127798));
#5074=CARTESIAN_POINT('Ctrl Pts',(-86.300902307925,110.507919711126,85.5571263540432));
#5075=CARTESIAN_POINT('Ctrl Pts',(-86.300902307925,110.427079481176,85.6190845236282));
#5076=CARTESIAN_POINT('Ctrl Pts',(-86.300902307925,110.344630962926,85.6822753294793));
#5077=CARTESIAN_POINT('Ctrl Pts',(-86.300902307925,110.265330936207,85.7495378842785));
#5078=CARTESIAN_POINT('Ctrl Pts',(-86.300902307925,110.189538719527,85.8206462784417));
#5079=CARTESIAN_POINT('Ctrl Pts',(-86.300902307925,110.164884872556,85.8437765620627));
#5080=CARTESIAN_POINT('Ctrl Pts',(-86.300902307925,110.14060242757,85.8673141325388));
#5081=CARTESIAN_POINT('Ctrl Pts',(-86.300902307925,110.116704545672,85.8912522249449));
#5082=CARTESIAN_POINT('Ctrl Pts',(-86.300902307925,110.099693451294,85.9082919421416));
#5083=CARTESIAN_POINT('Ctrl Pts',(-86.300902307925,110.082874380483,85.925537769435));
#5084=CARTESIAN_POINT('Ctrl Pts',(-86.300902307925,110.066271430685,85.9429667178282));
#5085=CARTESIAN_POINT('Ctrl Pts',(-86.300902307925,109.995057790094,86.0177232449452));
#5086=CARTESIAN_POINT('Ctrl Pts',(-86.300902307925,109.92775044873,86.0959103445634));
#5087=CARTESIAN_POINT('Ctrl Pts',(-86.300902307925,109.864684138605,86.1772936141242));
#5088=CARTESIAN_POINT('Ctrl Pts',(-86.300902307925,109.802795786253,86.257156800224));
#5089=CARTESIAN_POINT('Ctrl Pts',(-86.3009023079251,109.744990832095,86.340098442907));
#5090=CARTESIAN_POINT('Ctrl Pts',(-86.3009023079251,109.691618434727,86.4259341754253));
#5091=CARTESIAN_POINT('Ctrl Pts',(-86.3009023079251,109.665581352486,86.4678081053397));
#5092=CARTESIAN_POINT('Ctrl Pts',(-86.3009023079251,109.640599720385,86.5103713022215));
#5093=CARTESIAN_POINT('Ctrl Pts',(-86.3009023079251,109.616717740245,86.5536050580588));
#5094=CARTESIAN_POINT('Ctrl Pts',(-80.050902933328,109.612718225167,86.5502058334248));
#5095=CARTESIAN_POINT('Ctrl Pts',(-80.050902933328,109.650002450797,86.4819035530601));
#5096=CARTESIAN_POINT('Ctrl Pts',(-80.050902933328,109.689977112368,86.4152269330526));
#5097=CARTESIAN_POINT('Ctrl Pts',(-80.050902933328,109.732651190246,86.350354195229));
#5098=CARTESIAN_POINT('Ctrl Pts',(-80.050902933328,109.788358751269,86.2656680770809));
#5099=CARTESIAN_POINT('Ctrl Pts',(-80.050902933328,109.848665442995,86.1840544663516));
#5100=CARTESIAN_POINT('Ctrl Pts',(-80.050902933328,109.913187958891,86.1056850883158));
#5101=CARTESIAN_POINT('Ctrl Pts',(-80.050902933328,109.948544372813,86.0627410070104));
#5102=CARTESIAN_POINT('Ctrl Pts',(-80.0509029333281,109.985167372934,86.0207717034622));
#5103=CARTESIAN_POINT('Ctrl Pts',(-80.0509029333281,110.022998078116,85.9798104127336));
#5104=CARTESIAN_POINT('Ctrl Pts',(-80.0509029333281,110.041600432315,85.9596686671615));
#5105=CARTESIAN_POINT('Ctrl Pts',(-80.050902933328,110.060494842237,85.9397707107384));
#5106=CARTESIAN_POINT('Ctrl Pts',(-80.050902933328,110.079674508673,85.9201208371986));
#5107=CARTESIAN_POINT('Ctrl Pts',(-80.050902933328,110.091816543118,85.9076811296494));
#5108=CARTESIAN_POINT('Ctrl Pts',(-80.050902933328,110.104070021238,85.8953438715498));
#5109=CARTESIAN_POINT('Ctrl Pts',(-80.050902933328,110.116427272175,85.8831156068635));
#5110=CARTESIAN_POINT('Ctrl Pts',(-80.050902933328,110.188950339647,85.8113495425981));
#5111=CARTESIAN_POINT('Ctrl Pts',(-80.050902933328,110.265103287024,85.7432742381411));
#5112=CARTESIAN_POINT('Ctrl Pts',(-80.050902933328,110.344497549439,85.6790636380487));
#5113=CARTESIAN_POINT('Ctrl Pts',(-80.050902933328,110.411693234623,85.6247187126349));
#5114=CARTESIAN_POINT('Ctrl Pts',(-80.0509029333281,110.48121170082,85.5731426526194));
#5115=CARTESIAN_POINT('Ctrl Pts',(-80.0509029333281,110.552832802647,85.524465691534));
#5116=CARTESIAN_POINT('Ctrl Pts',(-80.0509029333281,110.584284446487,85.5030897226613));
#5117=CARTESIAN_POINT('Ctrl Pts',(-80.0509029333281,110.616141713718,85.48227313852));
#5118=CARTESIAN_POINT('Ctrl Pts',(-80.0509029333281,110.648386507778,85.4620284988704));
#5119=CARTESIAN_POINT('Ctrl Pts',(-80.0509029333281,110.663545770824,85.4525108751217));
#5120=CARTESIAN_POINT('Ctrl Pts',(-80.0509029333281,110.678790689791,85.4431196780435));
#5121=CARTESIAN_POINT('Ctrl Pts',(-80.0509029333281,110.694119400928,85.433856288291));
#5122=CARTESIAN_POINT('Ctrl Pts',(-80.0509029333281,110.707534546512,85.4257492973627));
#5123=CARTESIAN_POINT('Ctrl Pts',(-80.0509029333281,110.721011856468,85.4177414765019));
#5124=CARTESIAN_POINT('Ctrl Pts',(-80.0509029333281,110.73454053711,85.4098390482968));
#5125=CARTESIAN_POINT('Ctrl Pts',(-80.0509029333281,110.821894747774,85.3588133498968));
#5126=CARTESIAN_POINT('Ctrl Pts',(-80.0509029333281,110.911498965879,85.3121109217702));
#5127=CARTESIAN_POINT('Ctrl Pts',(-80.0509029333281,111.002985212938,85.2699011751968));
#5128=CARTESIAN_POINT('Ctrl Pts',(-80.0509029333281,111.094099626512,85.2278629844329));
#5129=CARTESIAN_POINT('Ctrl Pts',(-80.0509029333281,111.187081692802,85.1902806808943));
#5130=CARTESIAN_POINT('Ctrl Pts',(-80.0509029333281,111.28158650117,85.1573694711444));
#5131=CARTESIAN_POINT('Ctrl Pts',(-80.0509029333281,111.373357945265,85.1254101529062));
#5132=CARTESIAN_POINT('Ctrl Pts',(-80.0509029333281,111.466566116208,85.097855520397));
#5133=CARTESIAN_POINT('Ctrl Pts',(-80.0509029333281,111.560900341546,85.0749508918625));
#5134=CARTESIAN_POINT('Ctrl Pts',(-80.0509029333281,111.617688238589,85.0611626227338));
#5135=CARTESIAN_POINT('Ctrl Pts',(-80.0509029333281,111.674884249272,85.0490603945206));
#5136=CARTESIAN_POINT('Ctrl Pts',(-80.0509029333281,111.732419779477,85.0387068254469));
#5137=CARTESIAN_POINT('Ctrl Pts',(-80.0509029333281,111.746419741622,85.036187519992));
#5138=CARTESIAN_POINT('Ctrl Pts',(-80.0509029333281,111.76043980014,85.0337717826319));
#5139=CARTESIAN_POINT('Ctrl Pts',(-80.0509029333281,111.774478953731,85.0314605803796));
#5140=CARTESIAN_POINT('Ctrl Pts',(-80.0509029333281,111.788901555987,85.0290862527105));
#5141=CARTESIAN_POINT('Ctrl Pts',(-80.0509029333281,111.803335615058,85.0268236952392));
#5142=CARTESIAN_POINT('Ctrl Pts',(-80.0509029333281,111.817777129145,85.0246739603057));
#5143=CARTESIAN_POINT('Ctrl Pts',(-80.0509029333281,111.913485834991,85.0104269535761));
#5144=CARTESIAN_POINT('Ctrl Pts',(-80.0509029333281,112.009562985863,85.0011243322077));
#5145=CARTESIAN_POINT('Ctrl Pts',(-80.0509029333281,112.105694086465,84.9969614062296));
#5146=CARTESIAN_POINT('Ctrl Pts',(-80.0509029333281,112.155019789543,84.9948253727353));
#5147=CARTESIAN_POINT('Ctrl Pts',(-80.0509029333281,112.204359795128,84.9940433338625));
#5148=CARTESIAN_POINT('Ctrl Pts',(-80.0509029333281,112.253671682255,84.9946470468709));
#5149=CARTESIAN_POINT('Ctrl Pts',(-80.0509029333281,112.350733761514,84.9958353534493));
#5150=CARTESIAN_POINT('Ctrl Pts',(-80.0509029333281,112.44768781446,85.0023894432392));
#5151=CARTESIAN_POINT('Ctrl Pts',(-80.0509029333281,112.544195196823,85.0141038317088));
#5152=CARTESIAN_POINT('Ctrl Pts',(-80.0509029333281,112.64153956308,85.0259198160795));
#5153=CARTESIAN_POINT('Ctrl Pts',(-80.0509029333281,112.738430342803,85.0429864347669));
#5154=CARTESIAN_POINT('Ctrl Pts',(-80.0509029333281,112.83449986005,85.0651412812609));
#5155=CARTESIAN_POINT('Ctrl Pts',(-80.0509029333281,112.849544278198,85.0686107144821));
#5156=CARTESIAN_POINT('Ctrl Pts',(-80.0509029333281,112.864568501068,85.072205016109));
#5157=CARTESIAN_POINT('Ctrl Pts',(-80.0509029333281,112.879571050686,85.0759236579072));
#5158=CARTESIAN_POINT('Ctrl Pts',(-80.0509029333281,112.894762153905,85.0796890359811));
#5159=CARTESIAN_POINT('Ctrl Pts',(-80.0509029333281,112.909924299701,85.0835802760095));
#5160=CARTESIAN_POINT('Ctrl Pts',(-80.0509029333281,112.925048068515,85.0875942739374));
#5161=CARTESIAN_POINT('Ctrl Pts',(-80.0509029333281,113.018454895943,85.1123853704126));
#5162=CARTESIAN_POINT('Ctrl Pts',(-80.0509029333281,113.110494315836,85.1418783227756));
#5163=CARTESIAN_POINT('Ctrl Pts',(-80.0509029333281,113.200844632787,85.1758426733655));
#5164=CARTESIAN_POINT('Ctrl Pts',(-80.0509029333281,113.291623354223,85.209968069103));
#5165=CARTESIAN_POINT('Ctrl Pts',(-80.0509029333281,113.380697749796,85.2486078681521));
#5166=CARTESIAN_POINT('Ctrl Pts',(-80.0509029333281,113.467720885637,85.2915768692072));
#5167=CARTESIAN_POINT('Ctrl Pts',(-80.0509029333281,113.553830234977,85.3340946742354));
#5168=CARTESIAN_POINT('Ctrl Pts',(-80.0509029333281,113.637931907211,85.3808518097447));
#5169=CARTESIAN_POINT('Ctrl Pts',(-80.0509029333281,113.719658066305,85.4317081199575));
#5170=CARTESIAN_POINT('Ctrl Pts',(-80.0509029333281,113.766714736588,85.4609904042111));
#5171=CARTESIAN_POINT('Ctrl Pts',(-80.0509029333281,113.812983213136,85.4916323610345));
#5172=CARTESIAN_POINT('Ctrl Pts',(-80.0509029333281,113.858387002739,85.5236121538857));
#5173=CARTESIAN_POINT('Ctrl Pts',(-80.0509029333281,113.872482264123,85.5335400375089));
#5174=CARTESIAN_POINT('Ctrl Pts',(-80.0509029333281,113.886495831554,85.5435982246506));
#5175=CARTESIAN_POINT('Ctrl Pts',(-80.0509029333281,113.90040715173,85.5537724816477));
#5176=CARTESIAN_POINT('Ctrl Pts',(-80.0509029333281,113.977227594175,85.6099562883734));
#5177=CARTESIAN_POINT('Ctrl Pts',(-80.0509029333281,114.051056850473,85.6697620088147));
#5178=CARTESIAN_POINT('Ctrl Pts',(-80.0509029333281,114.121573119646,85.7330116742323));
#5179=CARTESIAN_POINT('Ctrl Pts',(-80.0509029333281,114.191157683185,85.7954256449897));
#5180=CARTESIAN_POINT('Ctrl Pts',(-80.0509029333281,114.257516866162,85.8611937211579));
#5181=CARTESIAN_POINT('Ctrl Pts',(-80.0509029333281,114.320305478821,85.9301795599085));
#5182=CARTESIAN_POINT('Ctrl Pts',(-80.0509029333281,114.381080585221,85.9969531596519));
#5183=CARTESIAN_POINT('Ctrl Pts',(-80.0509029333281,114.438510851772,86.0667420023343));
#5184=CARTESIAN_POINT('Ctrl Pts',(-80.0509029333281,114.492241995945,86.1394469262546));
#5185=CARTESIAN_POINT('Ctrl Pts',(-80.0509029333281,114.532738282744,86.194243441313));
#5186=CARTESIAN_POINT('Ctrl Pts',(-80.0509029333281,114.571132552826,86.2506969324299));
#5187=CARTESIAN_POINT('Ctrl Pts',(-80.0509029333281,114.607254732771,86.3087719496947));
#5188=CARTESIAN_POINT('Ctrl Pts',(-86.3009023079251,109.616717740245,86.5536050580588));
#5189=CARTESIAN_POINT('Ctrl Pts',(-86.2677934788283,110.061418880282,85.6301438060638));
#5190=CARTESIAN_POINT('Ctrl Pts',(-86.2346846497315,111.00070037705,84.9545837622173));
#5191=CARTESIAN_POINT('Ctrl Pts',(-86.2015758206347,112.011595916627,84.8294247200282));
#5192=CARTESIAN_POINT('Ctrl Pts',(-86.1684669915379,113.022491456204,84.704265677839));
#5193=CARTESIAN_POINT('Ctrl Pts',(-86.1353581624411,114.10500103859,85.1295076373073));
#5194=CARTESIAN_POINT('Ctrl Pts',(-86.1022493333444,114.759316206965,85.9123395769267));
#5195=CARTESIAN_POINT('Ctrl Pts',(-86.0691405042476,115.413631375341,86.6951715165461));
#5196=CARTESIAN_POINT('Ctrl Pts',(-86.0360316751508,115.639752129706,87.8355934363166));
#5197=CARTESIAN_POINT('Ctrl Pts',(-86.002922846054,115.335289756226,88.8096486097086));
#5198=CARTESIAN_POINT('Ctrl Pts',(-85.9698140169572,115.030827382746,89.7837037831007));
#5199=CARTESIAN_POINT('Ctrl Pts',(-85.9367051878604,114.195781881421,90.5913922101143));
#5200=CARTESIAN_POINT('Ctrl Pts',(-85.9035963587636,113.212360921278,90.8629274849444));
#5201=CARTESIAN_POINT('Ctrl Pts',(-85.8946622089808,112.946992728046,90.9361990829688));
#5202=CARTESIAN_POINT('Ctrl Pts',(-85.8857280591981,112.670820626518,90.9704308725568));
#5203=CARTESIAN_POINT('Ctrl Pts',(-85.8767939094153,112.394045907783,90.9680017600803));
#5204=CARTESIAN_POINT('Origin',(-86.3009023079251,207.666224917182,167.539730078861));
#5205=CARTESIAN_POINT('Origin',(-86.3009023079251,112.391155613357,87.8896607750357));
#5206=CARTESIAN_POINT('Origin',(-80.0509029333281,112.391155613357,87.8896607750357));
#5207=CARTESIAN_POINT('Origin',(-30.0509029333281,112.391155613357,87.8896607750357));
#5208=CARTESIAN_POINT('',(-80.0509029333281,112.391155613357,91.0146607750357));
#5209=CARTESIAN_POINT('Origin',(-80.0509029333281,112.391155613357,87.8896607750357));
#5210=CARTESIAN_POINT('',(-30.0509029333281,112.391155613357,91.0146607750357));
#5211=CARTESIAN_POINT('',(-30.0509029333281,112.391155613357,91.0146607750357));
#5212=CARTESIAN_POINT('Origin',(-30.050902307925,112.391155613357,87.8896607750357));
#5213=CARTESIAN_POINT('Origin',(-80.0509023079251,207.666224917182,167.539730078861));
#5214=CARTESIAN_POINT('Origin',(-25.0509029333281,134.937060744716,80.6462790702184));
#5215=CARTESIAN_POINT('',(-23.8009029333281,112.391155613357,93.663163466932));
#5216=CARTESIAN_POINT('',(-23.8009029333281,117.391155613357,90.7764121209838));
#5217=CARTESIAN_POINT('',(-23.8009029333281,134.937060744716,80.6462790702184));
#5218=CARTESIAN_POINT('',(-25.0509029333281,118.641155613357,91.4980999574709));
#5219=CARTESIAN_POINT('Origin',(-25.0509029333281,117.391155613357,90.7764121209838));
#5220=CARTESIAN_POINT('',(-25.0509029333281,112.391155613357,95.106539139906));
#5221=CARTESIAN_POINT('',(-25.0509029333281,135.562060744716,81.7288108249489));
#5222=CARTESIAN_POINT('Origin',(-25.0509029333281,112.391155613357,93.663163466932));
#5223=CARTESIAN_POINT('Origin',(-25.0509029333281,117.391155613357,125.910475835731));
#5224=CARTESIAN_POINT('',(-23.8009029333281,117.391155613357,85.0029094290876));
#5225=CARTESIAN_POINT('',(-23.8009029333281,117.391155613357,125.910475835731));
#5226=CARTESIAN_POINT('',(-25.0509029333281,118.641155613357,84.2812215926005));
#5227=CARTESIAN_POINT('Origin',(-25.0509029333281,117.391155613357,85.0029094290876));
#5228=CARTESIAN_POINT('',(-25.0509029333281,118.641155613357,125.910475835731));
#5229=CARTESIAN_POINT('Origin',(-25.0509029333281,166.301552459868,113.241340214592));
#5230=CARTESIAN_POINT('',(-23.8009029333281,112.391155613357,82.1161580831394));
#5231=CARTESIAN_POINT('',(-23.8009029333281,166.301552459868,113.241340214592));
#5232=CARTESIAN_POINT('',(-25.0509029333281,112.391155613357,80.6727824101654));
#5233=CARTESIAN_POINT('Origin',(-25.0509029333281,112.391155613357,82.1161580831394));
#5234=CARTESIAN_POINT('',(-25.0509029333281,166.926552459868,112.158808459861));
#5235=CARTESIAN_POINT('Origin',(-25.0509029333281,126.812060744716,73.7902446235915));
#5236=CARTESIAN_POINT('',(-23.8009029333281,107.391155613357,85.0029094290876));
#5237=CARTESIAN_POINT('',(-23.8009029333281,126.812060744716,73.7902446235915));
#5238=CARTESIAN_POINT('',(-25.0509029333281,106.141155613357,84.2812215926005));
#5239=CARTESIAN_POINT('Origin',(-25.0509029333281,107.391155613357,85.0029094290876));
#5240=CARTESIAN_POINT('',(-25.0509029333281,126.187060744716,72.707712868861));
#5241=CARTESIAN_POINT('Origin',(-25.0509029333281,107.391155613357,129.518915018166));
#5242=CARTESIAN_POINT('',(-25.0509029333281,106.141155613357,91.4980999574709));
#5243=CARTESIAN_POINT('',(-25.0509029333281,106.141155613357,129.518915018166));
#5244=CARTESIAN_POINT('',(-23.8009029333281,107.391155613357,90.7764121209838));
#5245=CARTESIAN_POINT('',(-23.8009029333281,107.391155613357,129.518915018166));
#5246=CARTESIAN_POINT('Origin',(-25.0509029333281,107.391155613357,90.7764121209838));
#5247=CARTESIAN_POINT('Origin',(-25.0509029333281,164.426552459868,123.705813843654));
#5248=CARTESIAN_POINT('',(-25.0509029333281,163.801552459868,124.788345598384));
#5249=CARTESIAN_POINT('',(-23.8009029333281,164.426552459868,123.705813843654));
#5250=CARTESIAN_POINT('Origin',(-30.0509029333281,106.141155613357,91.4980999574709));
#5251=CARTESIAN_POINT('',(-30.0509029333281,106.141155613357,91.4980999574709));
#5252=CARTESIAN_POINT('',(-30.0509029333281,106.141155613357,91.4980999574709));
#5253=CARTESIAN_POINT('',(-30.0509029333281,106.141155613357,84.2812215926005));
#5254=CARTESIAN_POINT('',(-30.0509029333281,106.141155613357,91.4980999574709));
#5255=CARTESIAN_POINT('',(-30.0509029333281,106.141155613357,84.2812215926005));
#5256=CARTESIAN_POINT('Origin',(-30.0509029333281,112.391155613357,95.106539139906));
#5257=CARTESIAN_POINT('',(-30.0509029333281,112.391155613357,95.106539139906));
#5258=CARTESIAN_POINT('',(-30.0509029333281,112.391155613357,95.106539139906));
#5259=CARTESIAN_POINT('',(-30.0509029333281,112.391155613357,95.106539139906));
#5260=CARTESIAN_POINT('Origin',(-30.0509029333281,118.641155613357,91.4980999574709));
#5261=CARTESIAN_POINT('',(-30.0509029333281,118.641155613357,91.4980999574709));
#5262=CARTESIAN_POINT('',(-30.0509029333281,118.641155613357,91.4980999574709));
#5263=CARTESIAN_POINT('',(-30.0509029333281,118.641155613357,91.4980999574709));
#5264=CARTESIAN_POINT('Origin',(-23.8009029333281,207.666224917182,167.539730078861));
#5265=CARTESIAN_POINT('Origin',(-30.0509029333281,118.641155613357,84.2812215926005));
#5266=CARTESIAN_POINT('',(-30.0509029333281,118.641155613357,84.2812215926005));
#5267=CARTESIAN_POINT('',(-30.0509029333281,118.641155613357,84.2812215926005));
#5268=CARTESIAN_POINT('',(-30.0509029333281,118.641155613357,84.2812215926005));
#5269=CARTESIAN_POINT('Origin',(-30.0509029333281,112.391155613357,80.6727824101654));
#5270=CARTESIAN_POINT('',(-30.0509029333281,112.391155613357,80.6727824101654));
#5271=CARTESIAN_POINT('',(-30.0509029333281,112.391155613357,80.6727824101654));
#5272=CARTESIAN_POINT('',(-30.0509029333281,112.391155613357,80.6727824101654));
#5273=CARTESIAN_POINT('Origin',(-30.0509029333281,106.141155613357,84.2812215926005));
#5274=CARTESIAN_POINT('',(-30.0509029333281,106.141155613357,84.2812215926005));
#5275=CARTESIAN_POINT('Origin',(-30.050902307925,207.666224917182,167.539730078861));
#5276=UNCERTAINTY_MEASURE_WITH_UNIT(LENGTH_MEASURE(0.01),#5280,
'DISTANCE_ACCURACY_VALUE',
'Maximum model space distance between geometric entities at asserted c
onnectivities');
#5277=UNCERTAINTY_MEASURE_WITH_UNIT(LENGTH_MEASURE(0.01),#5280,
'DISTANCE_ACCURACY_VALUE',
'Maximum model space distance between geometric entities at asserted c
onnectivities');
#5278=(
GEOMETRIC_REPRESENTATION_CONTEXT(3)
GLOBAL_UNCERTAINTY_ASSIGNED_CONTEXT((#5276))
GLOBAL_UNIT_ASSIGNED_CONTEXT((#5280,#5282,#5283))
REPRESENTATION_CONTEXT('','3D')
);
#5279=(
GEOMETRIC_REPRESENTATION_CONTEXT(3)
GLOBAL_UNCERTAINTY_ASSIGNED_CONTEXT((#5277))
GLOBAL_UNIT_ASSIGNED_CONTEXT((#5280,#5282,#5283))
REPRESENTATION_CONTEXT('','3D')
);
#5280=(
LENGTH_UNIT()
NAMED_UNIT(*)
SI_UNIT(.MILLI.,.METRE.)
);
#5281=(
LENGTH_UNIT()
NAMED_UNIT(*)
SI_UNIT($,.METRE.)
);
#5282=(
NAMED_UNIT(*)
PLANE_ANGLE_UNIT()
SI_UNIT($,.RADIAN.)
);
#5283=(
NAMED_UNIT(*)
SI_UNIT($,.STERADIAN.)
SOLID_ANGLE_UNIT()
);
#5284=SHAPE_DEFINITION_REPRESENTATION(#5285,#5286);
#5285=PRODUCT_DEFINITION_SHAPE('',$,#5288);
#5286=SHAPE_REPRESENTATION('',(#1406),#5278);
#5287=PRODUCT_DEFINITION_CONTEXT('part definition',#5292,'design');
#5288=PRODUCT_DEFINITION('Fastener','Fastener',#5289,#5287);
#5289=PRODUCT_DEFINITION_FORMATION('',$,#5294);
#5290=PRODUCT_RELATED_PRODUCT_CATEGORY('Fastener','Fastener',(#5294));
#5291=APPLICATION_PROTOCOL_DEFINITION('international standard',
'automotive_design',2009,#5292);
#5292=APPLICATION_CONTEXT(
'Core Data for Automotive Mechanical Design Process');
#5293=PRODUCT_CONTEXT('part definition',#5292,'mechanical');
#5294=PRODUCT('Fastener','Fastener',$,(#5293));
#5295=PRESENTATION_STYLE_ASSIGNMENT((#5297));
#5296=PRESENTATION_STYLE_ASSIGNMENT((#5298));
#5297=SURFACE_STYLE_USAGE(.BOTH.,#5299);
#5298=SURFACE_STYLE_USAGE(.BOTH.,#5300);
#5299=SURFACE_SIDE_STYLE('',(#5301));
#5300=SURFACE_SIDE_STYLE('',(#5302));
#5301=SURFACE_STYLE_FILL_AREA(#5303);
#5302=SURFACE_STYLE_FILL_AREA(#5304);
#5303=FILL_AREA_STYLE('Steel - Satin',(#5305));
#5304=FILL_AREA_STYLE('EPX 86FR (with Carbon M2 M3 L1 3D Printers)',(#5306));
#5305=FILL_AREA_STYLE_COLOUR('Steel - Satin',#5307);
#5306=FILL_AREA_STYLE_COLOUR(
'EPX 86FR (with Carbon M2 M3 L1 3D Printers)',#5308);
#5307=COLOUR_RGB('Steel - Satin',0.627450980392157,0.627450980392157,0.627450980392157);
#5308=COLOUR_RGB('EPX 86FR (with Carbon M2 M3 L1 3D Printers)',0.247058823529412,
0.247058823529412,0.247058823529412);
ENDSEC;
END-ISO-10303-21;
