ISO-10303-21;
HEADER;
/* Generated by software containing ST-Developer
 * from STEP Tools, Inc. (www.steptools.com) 
 */

FILE_DESCRIPTION(
/* description */ (''),
/* implementation_level */ '2;1');

FILE_NAME(
/* name */ 'Frame.step',
/* time_stamp */ '2026-01-21T13:36:16+05:30',
/* author */ (''),
/* organization */ (''),
/* preprocessor_version */ 'ST-DEVELOPER v20.1',
/* originating_system */ 'Autodesk Translation Framework v14.21.0.0',
/* authorisation */ '');

FILE_SCHEMA (('AUTOMOTIVE_DESIGN { 1 0 10303 214 3 1 1 }'));
ENDSEC;

DATA;
#10=MECHANICAL_DESIGN_GEOMETRIC_PRESENTATION_REPRESENTATION('',(#23,#24),
#6061);
#11=ITEM_DEFINED_TRANSFORMATION($,$,#3496,#3752);
#12=ITEM_DEFINED_TRANSFORMATION($,$,#3615,#3753);
#13=(
REPRESENTATION_RELATIONSHIP($,$,#6075,#6074)
REPRESENTATION_RELATIONSHIP_WITH_TRANSFORMATION(#11)
SHAPE_REPRESENTATION_RELATIONSHIP()
);
#14=(
REPRESENTATION_RELATIONSHIP($,$,#6076,#6074)
REPRESENTATION_RELATIONSHIP_WITH_TRANSFORMATION(#12)
SHAPE_REPRESENTATION_RELATIONSHIP()
);
#15=CONTEXT_DEPENDENT_SHAPE_REPRESENTATION(#13,#6072);
#16=CONTEXT_DEPENDENT_SHAPE_REPRESENTATION(#14,#6073);
#17=NEXT_ASSEMBLY_USAGE_OCCURRENCE('Upper Frame:1','Upper Frame:1',
'Upper Frame:1',#6078,#6079,'Upper Frame:1');
#18=NEXT_ASSEMBLY_USAGE_OCCURRENCE('Lower Frame:1','Lower Frame:1',
'Lower Frame:1',#6078,#6080,'Lower Frame:1');
#19=SHAPE_REPRESENTATION_RELATIONSHIP('SRR','None',#6075,#21);
#20=SHAPE_REPRESENTATION_RELATIONSHIP('SRR','None',#6076,#22);
#21=ADVANCED_BREP_SHAPE_REPRESENTATION('',(#25),#6059);
#22=ADVANCED_BREP_SHAPE_REPRESENTATION('',(#26),#6060);
#23=STYLED_ITEM('',(#6094),#25);
#24=STYLED_ITEM('',(#6094),#26);
#25=MANIFOLD_SOLID_BREP('Frame 1',#3470);
#26=MANIFOLD_SOLID_BREP('Frame 1',#3471);
#27=B_SPLINE_CURVE_WITH_KNOTS('',3,(#4825,#4826,#4827,#4828,#4829,#4830,
#4831,#4832,#4833,#4834),.UNSPECIFIED.,.F.,.F.,(4,2,2,2,4),(0.,0.0963338882058283,
0.192667776411657,0.288713566848932,0.384759357286208),.UNSPECIFIED.);
#28=B_SPLINE_CURVE_WITH_KNOTS('',3,(#4836,#4837,#4838,#4839,#4840,#4841,
#4842,#4843,#4844,#4845),.UNSPECIFIED.,.F.,.F.,(4,2,2,2,4),(1.15427807185863,
1.25032386229591,1.34636965273318,1.44270354093901,1.53903742914484),
 .UNSPECIFIED.);
#29=B_SPLINE_CURVE_WITH_KNOTS('',3,(#4847,#4848,#4849,#4850,#4851,#4852,
#4853,#4854,#4855,#4856),.UNSPECIFIED.,.F.,.F.,(4,2,2,2,4),(0.769518714572419,
0.865852602778247,0.962186490984076,1.05823228142135,1.15427807185863),
 .UNSPECIFIED.);
#30=B_SPLINE_CURVE_WITH_KNOTS('',3,(#4860,#4861,#4862,#4863,#4864,#4865,
#4866,#4867,#4868,#4869,#4870,#4871,#4872,#4873,#4874,#4875,#4876,#4877),
 .UNSPECIFIED.,.F.,.F.,(4,2,2,2,2,2,2,2,4),(0.,0.0963338882058283,0.192667776411657,
0.288713566848932,0.384759357286208,0.480805147723485,0.576850938160762,
0.67318482636659,0.769518714572419),.UNSPECIFIED.);
#31=B_SPLINE_CURVE_WITH_KNOTS('',3,(#4878,#4879,#4880,#4881,#4882,#4883,
#4884,#4885,#4886,#4887,#4888,#4889,#4890,#4891,#4892,#4893,#4894,#4895),
 .UNSPECIFIED.,.F.,.F.,(4,2,2,2,2,2,2,2,4),(0.769518714572419,0.865852602778247,
0.962186490984076,1.05823228142135,1.15427807185863,1.25032386229591,1.34636965273318,
1.44270354093901,1.53903742914484),.UNSPECIFIED.);
#32=B_SPLINE_CURVE_WITH_KNOTS('',3,(#4896,#4897,#4898,#4899,#4900,#4901,
#4902,#4903,#4904,#4905),.UNSPECIFIED.,.F.,.F.,(4,2,2,2,4),(0.384759357286208,
0.480805147723485,0.576850938160762,0.67318482636659,0.769518714572419),
 .UNSPECIFIED.);
#33=B_SPLINE_CURVE_WITH_KNOTS('',3,(#4933,#4934,#4935,#4936,#4937,#4938,
#4939,#4940,#4941,#4942),.UNSPECIFIED.,.F.,.F.,(4,2,2,2,4),(0.379762634233779,
0.474682468919739,0.5696023036057,0.664563786036628,0.759525268467556),
 .UNSPECIFIED.);
#34=B_SPLINE_CURVE_WITH_KNOTS('',3,(#4944,#4945,#4946,#4947,#4948,#4949,
#4950,#4951,#4952,#4953),.UNSPECIFIED.,.F.,.F.,(4,2,2,2,4),(0.759525268467556,
0.854486750898485,0.949448233329413,1.04436806801537,1.13928790270133),
 .UNSPECIFIED.);
#35=B_SPLINE_CURVE_WITH_KNOTS('',3,(#4958,#4959,#4960,#4961,#4962,#4963,
#4964,#4965,#4966,#4967),.UNSPECIFIED.,.F.,.F.,(4,2,2,2,4),(1.13928790270133,
1.2342077373873,1.32912757207326,1.42408905450419,1.51905053693511),
 .UNSPECIFIED.);
#36=B_SPLINE_CURVE_WITH_KNOTS('',3,(#4968,#4969,#4970,#4971,#4972,#4973,
#4974,#4975,#4976,#4977),.UNSPECIFIED.,.F.,.F.,(4,2,2,2,4),(0.,0.0949614824309284,
0.189922964861857,0.284842799547818,0.379762634233779),.UNSPECIFIED.);
#37=B_SPLINE_CURVE_WITH_KNOTS('',3,(#4980,#4981,#4982,#4983,#4984,#4985,
#4986,#4987,#4988,#4989,#4990,#4991,#4992,#4993,#4994,#4995,#4996,#4997),
 .UNSPECIFIED.,.F.,.F.,(4,2,2,2,2,2,2,2,4),(0.,0.0949614824309289,0.189922964861858,
0.284842799547819,0.37976263423378,0.47468246891974,0.569602303605701,0.664563786036629,
0.759525268467558),.UNSPECIFIED.);
#38=B_SPLINE_CURVE_WITH_KNOTS('',3,(#4998,#4999,#5000,#5001,#5002,#5003,
#5004,#5005,#5006,#5007,#5008,#5009,#5010,#5011,#5012,#5013,#5014,#5015),
 .UNSPECIFIED.,.F.,.F.,(4,2,2,2,2,2,2,2,4),(0.759525268467558,0.854486750898486,
0.949448233329414,1.04436806801537,1.13928790270134,1.2342077373873,1.32912757207326,
1.42408905450419,1.51905053693511),.UNSPECIFIED.);
#39=B_SPLINE_CURVE_WITH_KNOTS('',3,(#5248,#5249,#5250,#5251,#5252,#5253,
#5254,#5255,#5256,#5257),.UNSPECIFIED.,.F.,.F.,(4,2,2,2,4),(-0.736220449888521,
-0.565279653672494,-0.376642941821081,-0.188321470910541,0.),
 .UNSPECIFIED.);
#40=B_SPLINE_CURVE_WITH_KNOTS('',3,(#5261,#5262,#5263,#5264,#5265,#5266,
#5267,#5268,#5269,#5270),.UNSPECIFIED.,.F.,.F.,(4,2,2,2,4),(-0.736238738318036,
-0.565288589773882,-0.376641375925327,-0.188320687962664,0.),
 .UNSPECIFIED.);
#41=B_SPLINE_CURVE_WITH_KNOTS('',3,(#5280,#5281,#5282,#5283,#5284,#5285,
#5286,#5287,#5288,#5289),.UNSPECIFIED.,.F.,.F.,(4,2,2,2,4),(0.,0.188321470910541,
0.376642941821081,0.565279653672494,0.736220449888523),.UNSPECIFIED.);
#42=B_SPLINE_CURVE_WITH_KNOTS('',3,(#5292,#5293,#5294,#5295,#5296,#5297,
#5298,#5299,#5300,#5301),.UNSPECIFIED.,.F.,.F.,(4,2,2,2,4),(0.,0.188320687962663,
0.376641375925327,0.565288589773882,0.73623873831804),.UNSPECIFIED.);
#43=B_SPLINE_CURVE_WITH_KNOTS('',3,(#5305,#5306,#5307,#5308),
 .UNSPECIFIED.,.F.,.F.,(4,4),(3.01475320444624,3.0179713681307),
 .UNSPECIFIED.);
#44=B_SPLINE_CURVE_WITH_KNOTS('',3,(#5310,#5311,#5312,#5313,#5314,#5315,
#5316,#5317,#5318,#5319,#5320,#5321,#5322,#5323,#5324,#5325,#5326,#5327,
#5328,#5329,#5330,#5331,#5332,#5333,#5334,#5335,#5336,#5337,#5338,#5339,
#5340,#5341,#5342,#5343,#5344),.UNSPECIFIED.,.F.,.F.,(4,2,2,2,2,2,2,2,3,
2,2,2,2,2,2,2,4),(-3.01475320444624,-2.63790865262908,-2.26106410081191,
-1.88421954899475,-1.50737499717759,-1.13053124788319,-0.753687498588794,
-0.376843749294396,0.,0.376843749294396,0.753687498588792,1.13053124788319,
1.50737499717758,1.88421954899475,2.26106410081191,2.63790865262908,3.01475320444624),
 .UNSPECIFIED.);
#45=B_SPLINE_CURVE_WITH_KNOTS('',3,(#5346,#5347,#5348,#5349),
 .UNSPECIFIED.,.F.,.F.,(4,4),(-3.01797136813069,-3.01475320444624),
 .UNSPECIFIED.);
#46=B_SPLINE_CURVE_WITH_KNOTS('',3,(#5357,#5358,#5359,#5360),
 .UNSPECIFIED.,.F.,.F.,(4,4),(-5.02926789257132,-5.0289226324172),
 .UNSPECIFIED.);
#47=B_SPLINE_CURVE_WITH_KNOTS('',3,(#5362,#5363,#5364,#5365,#5366,#5367,
#5368,#5369,#5370,#5371),.UNSPECIFIED.,.F.,.F.,(4,2,2,2,4),(0.,0.188317094532803,
0.376634189065607,0.56532960600498,0.736322680356245),.UNSPECIFIED.);
#48=B_SPLINE_CURVE_WITH_KNOTS('',3,(#5375,#5376,#5377,#5378,#5379,#5380,
#5381,#5382,#5383,#5384),.UNSPECIFIED.,.F.,.F.,(4,2,2,2,4),(-0.73632268035624,
-0.56532960600498,-0.376634189065607,-0.188317094532803,0.),
 .UNSPECIFIED.);
#49=B_SPLINE_CURVE_WITH_KNOTS('',3,(#5386,#5387,#5388,#5389),
 .UNSPECIFIED.,.F.,.F.,(4,4),(5.02892263236155,5.02926789251553),
 .UNSPECIFIED.);
#50=B_SPLINE_CURVE_WITH_KNOTS('',3,(#5397,#5398,#5399,#5400,#5401,#5402,
#5403,#5404,#5405,#5406),.UNSPECIFIED.,.F.,.F.,(4,2,2,2,4),(0.,0.0941723035955587,
0.188344607191117,0.282516920848854,0.376689234506591),.UNSPECIFIED.);
#51=B_SPLINE_CURVE_WITH_KNOTS('',3,(#5407,#5408,#5409,#5410,#5411,#5412,
#5413,#5414,#5415,#5416,#5417,#5418,#5419,#5420,#5421,#5422,#5423,#5424,
#5425,#5426,#5427,#5428,#5429,#5430,#5431,#5432),.UNSPECIFIED.,.F.,.F.,
(4,2,2,2,2,2,2,2,2,2,2,2,4),(0.376689234506591,0.470861491545089,0.565033748583587,
0.659206014912949,0.753378281242311,0.847550561776693,0.941722842311074,
1.03589508514455,1.13006732797803,1.2242396562114,1.31841198444478,1.4125842734647,
1.50675656248462),.UNSPECIFIED.);
#52=B_SPLINE_CURVE_WITH_KNOTS('',3,(#5437,#5438,#5439,#5440,#5441,#5442,
#5443,#5444,#5445,#5446),.UNSPECIFIED.,.F.,.F.,(4,2,2,2,4),(-0.736299913109094,
-0.565318481274565,-0.376636138255554,-0.188318069127777,0.),
 .UNSPECIFIED.);
#53=B_SPLINE_CURVE_WITH_KNOTS('',3,(#5455,#5456,#5457,#5458,#5459,#5460,
#5461,#5462,#5463,#5464),.UNSPECIFIED.,.F.,.F.,(4,2,2,2,4),(0.,0.188318069127777,
0.376636138255554,0.565318481274565,0.736299913109099),.UNSPECIFIED.);
#54=B_SPLINE_CURVE_WITH_KNOTS('',3,(#5468,#5469,#5470,#5471),
 .UNSPECIFIED.,.F.,.F.,(4,4),(7.02961655247714,7.02996180551933),
 .UNSPECIFIED.);
#55=B_SPLINE_CURVE_WITH_KNOTS('',3,(#5474,#5475,#5476,#5477),
 .UNSPECIFIED.,.F.,.F.,(4,4),(5.02884066453902,5.02918591758122),
 .UNSPECIFIED.);
#56=B_SPLINE_CURVE_WITH_KNOTS('',3,(#5481,#5482,#5483,#5484),
 .UNSPECIFIED.,.F.,.F.,(4,4),(-5.02889978949948,-5.02855456127328),
 .UNSPECIFIED.);
#57=B_SPLINE_CURVE_WITH_KNOTS('',3,(#5487,#5488,#5489,#5490),
 .UNSPECIFIED.,.F.,.F.,(4,4),(7.02933650827333,7.02968174221004),
 .UNSPECIFIED.);
#58=B_SPLINE_CURVE_WITH_KNOTS('',3,(#5493,#5494,#5495,#5496),
 .UNSPECIFIED.,.F.,.F.,(4,4),(5.028554561227,5.02889978945308),
 .UNSPECIFIED.);
#59=B_SPLINE_CURVE_WITH_KNOTS('',3,(#5498,#5499,#5500,#5501),
 .UNSPECIFIED.,.F.,.F.,(4,4),(5.02862040995907,5.02896564389577),
 .UNSPECIFIED.);
#60=B_SPLINE_CURVE_WITH_KNOTS('',3,(#5506,#5507,#5508,#5509),
 .UNSPECIFIED.,.F.,.F.,(4,4),(3.01454317341315,3.01776133646946),
 .UNSPECIFIED.);
#61=B_SPLINE_CURVE_WITH_KNOTS('',3,(#5514,#5515,#5516,#5517),
 .UNSPECIFIED.,.F.,.F.,(4,4),(-3.01776133646946,-3.01454317341315),
 .UNSPECIFIED.);
#62=B_SPLINE_CURVE_WITH_KNOTS('',3,(#5518,#5519,#5520,#5521,#5522,#5523,
#5524,#5525,#5526,#5527,#5528,#5529,#5530,#5531,#5532,#5533,#5534,#5535,
#5536,#5537,#5538,#5539,#5540,#5541,#5542,#5543,#5544,#5545,#5546,#5547,
#5548,#5549,#5550,#5551,#5552),.UNSPECIFIED.,.F.,.F.,(4,2,2,2,2,2,2,2,3,
2,2,2,2,2,2,2,4),(-3.01454317341315,-2.63772491217641,-2.26090665093966,
-1.88408838970292,-1.50727012846617,-1.13045259634963,-0.753635064233086,
-0.376817532116544,0.,0.376817532116542,0.753635064233084,1.13045259634963,
1.50727012846617,1.88408838970291,2.26090665093966,2.63772491217641,3.01454317341315),
 .UNSPECIFIED.);
#63=B_SPLINE_CURVE_WITH_KNOTS('',3,(#5556,#5557,#5558,#5559,#5560,#5561,
#5562,#5563,#5564,#5565,#5566,#5567,#5568,#5569,#5570,#5571,#5572,#5573,
#5574,#5575,#5576,#5577,#5578,#5579,#5580,#5581),.UNSPECIFIED.,.F.,.F.,
(4,2,2,2,2,2,2,2,2,2,2,2,4),(0.,0.0941721989194663,0.188344397838933,0.282516605150509,
0.376688812462085,0.470860972573437,0.565033132684788,0.659205300537994,
0.753377468391199,0.847549648086339,0.94172182778148,1.0358939760509,1.13006612432031),
 .UNSPECIFIED.);
#64=B_SPLINE_CURVE_WITH_KNOTS('',3,(#5583,#5584,#5585,#5586,#5587,#5588,
#5589,#5590,#5591,#5592),.UNSPECIFIED.,.F.,.F.,(4,2,2,2,4),(1.13006612432031,
1.22423834378278,1.31841056324525,1.41258275001382,1.50675493678239),
 .UNSPECIFIED.);
#65=B_SPLINE_CURVE_WITH_KNOTS('',3,(#5595,#5596,#5597,#5598,#5599,#5600,
#5601,#5602,#5603,#5604,#5605,#5606,#5607,#5608,#5609,#5610,#5611,#5612),
 .UNSPECIFIED.,.F.,.F.,(4,2,2,2,2,2,2,2,4),(0.379900855817393,0.470861065449782,
0.565033242907481,0.659205428384148,0.753377613860815,0.847549811602321,
0.941722009343827,1.03589417453669,1.12685437190612),.UNSPECIFIED.);
#66=B_SPLINE_CURVE_WITH_KNOTS('',3,(#5616,#5617,#5618,#5619,#5620,#5621,
#5622,#5623,#5624,#5625,#5626,#5627,#5628,#5629,#5630,#5631,#5632,#5633),
 .UNSPECIFIED.,.F.,.F.,(4,2,2,2,2,2,2,2,4),(0.379901108422613,0.470861376009122,
0.565033611469285,0.659205855875347,0.753378100281408,0.847550358366409,
0.94172261645141,1.03589483823263,1.1268550921423),.UNSPECIFIED.);
#67=CYLINDRICAL_SURFACE('',#3529,3.125);
#68=CYLINDRICAL_SURFACE('',#3530,4.6875);
#69=CYLINDRICAL_SURFACE('',#3535,6.125);
#70=CYLINDRICAL_SURFACE('',#3540,9.5);
#71=CYLINDRICAL_SURFACE('',#3545,25.);
#72=CYLINDRICAL_SURFACE('',#3547,3.12499999999999);
#73=CYLINDRICAL_SURFACE('',#3549,6.24999999999996);
#74=CYLINDRICAL_SURFACE('',#3552,6.24999999999992);
#75=CYLINDRICAL_SURFACE('',#3554,6.25);
#76=CYLINDRICAL_SURFACE('',#3555,3.125);
#77=CYLINDRICAL_SURFACE('',#3558,3.125);
#78=CYLINDRICAL_SURFACE('',#3560,3.125);
#79=CYLINDRICAL_SURFACE('',#3579,12.5);
#80=CYLINDRICAL_SURFACE('',#3583,6.25);
#81=CYLINDRICAL_SURFACE('',#3584,6.25);
#82=CYLINDRICAL_SURFACE('',#3585,3.125);
#83=CYLINDRICAL_SURFACE('',#3588,3.125);
#84=CYLINDRICAL_SURFACE('',#3590,3.125);
#85=CYLINDRICAL_SURFACE('',#3593,3.125);
#86=CYLINDRICAL_SURFACE('',#3611,12.5);
#87=CYLINDRICAL_SURFACE('',#3616,6.25);
#88=CYLINDRICAL_SURFACE('',#3618,6.25);
#89=CYLINDRICAL_SURFACE('',#3619,328.125);
#90=CYLINDRICAL_SURFACE('',#3624,6.25);
#91=CYLINDRICAL_SURFACE('',#3626,6.25);
#92=CYLINDRICAL_SURFACE('',#3627,25.);
#93=CYLINDRICAL_SURFACE('',#3628,25.);
#94=CYLINDRICAL_SURFACE('',#3629,25.);
#95=CYLINDRICAL_SURFACE('',#3630,25.);
#96=CYLINDRICAL_SURFACE('',#3631,25.);
#97=CYLINDRICAL_SURFACE('',#3632,3.125);
#98=CYLINDRICAL_SURFACE('',#3633,334.375);
#99=CYLINDRICAL_SURFACE('',#3636,334.375);
#100=CYLINDRICAL_SURFACE('',#3637,353.125);
#101=CYLINDRICAL_SURFACE('',#3640,359.375);
#102=CYLINDRICAL_SURFACE('',#3655,6.25);
#103=CYLINDRICAL_SURFACE('',#3658,6.25);
#104=CYLINDRICAL_SURFACE('',#3666,353.125);
#105=CYLINDRICAL_SURFACE('',#3673,353.125);
#106=CYLINDRICAL_SURFACE('',#3678,353.125);
#107=CYLINDRICAL_SURFACE('',#3679,3.125);
#108=CYLINDRICAL_SURFACE('',#3682,3.125);
#109=CYLINDRICAL_SURFACE('',#3706,25.);
#110=CYLINDRICAL_SURFACE('',#3707,12.4999999999999);
#111=CYLINDRICAL_SURFACE('',#3708,24.9999999999999);
#112=CYLINDRICAL_SURFACE('',#3712,334.375);
#113=CYLINDRICAL_SURFACE('',#3714,334.375);
#114=CYLINDRICAL_SURFACE('',#3716,3.125);
#115=CYLINDRICAL_SURFACE('',#3719,3.125);
#116=CYLINDRICAL_SURFACE('',#3744,25.);
#117=CYLINDRICAL_SURFACE('',#3746,12.4999999999999);
#118=CYLINDRICAL_SURFACE('',#3748,24.9999999999999);
#119=ELLIPSE('',#3521,6.73265375768623,6.25);
#120=ELLIPSE('',#3544,6.73145600891812,6.25);
#121=FACE_BOUND('',#429,.T.);
#122=FACE_BOUND('',#430,.T.);
#123=FACE_BOUND('',#431,.T.);
#124=FACE_BOUND('',#433,.T.);
#125=FACE_BOUND('',#434,.T.);
#126=FACE_BOUND('',#435,.T.);
#127=FACE_BOUND('',#442,.T.);
#128=FACE_BOUND('',#449,.T.);
#129=FACE_BOUND('',#451,.T.);
#130=FACE_BOUND('',#456,.T.);
#131=FACE_BOUND('',#458,.T.);
#132=FACE_BOUND('',#472,.T.);
#133=FACE_BOUND('',#477,.T.);
#134=FACE_BOUND('',#479,.T.);
#135=FACE_BOUND('',#484,.T.);
#136=FACE_BOUND('',#486,.T.);
#137=FACE_BOUND('',#489,.T.);
#138=FACE_BOUND('',#493,.T.);
#139=FACE_BOUND('',#494,.T.);
#140=FACE_BOUND('',#504,.T.);
#141=FACE_BOUND('',#509,.T.);
#142=FACE_BOUND('',#511,.T.);
#143=FACE_BOUND('',#516,.T.);
#144=FACE_BOUND('',#518,.T.);
#145=FACE_BOUND('',#520,.T.);
#146=FACE_BOUND('',#523,.T.);
#147=FACE_BOUND('',#527,.T.);
#148=FACE_BOUND('',#528,.T.);
#149=FACE_BOUND('',#533,.T.);
#150=FACE_BOUND('',#543,.T.);
#151=FACE_BOUND('',#548,.T.);
#152=FACE_BOUND('',#550,.T.);
#153=FACE_BOUND('',#551,.T.);
#154=FACE_BOUND('',#552,.T.);
#155=FACE_BOUND('',#579,.T.);
#156=FACE_BOUND('',#584,.T.);
#157=FACE_BOUND('',#587,.T.);
#158=FACE_BOUND('',#589,.T.);
#159=FACE_BOUND('',#593,.T.);
#160=FACE_BOUND('',#595,.T.);
#161=FACE_BOUND('',#613,.T.);
#162=FACE_BOUND('',#618,.T.);
#163=FACE_BOUND('',#621,.T.);
#164=FACE_BOUND('',#623,.T.);
#165=FACE_BOUND('',#627,.T.);
#166=FACE_BOUND('',#629,.T.);
#167=FACE_BOUND('',#632,.T.);
#168=FACE_BOUND('',#633,.T.);
#169=FACE_BOUND('',#634,.T.);
#170=CIRCLE('',#3504,12.5);
#171=CIRCLE('',#3505,6.25);
#172=CIRCLE('',#3506,4.6875);
#173=CIRCLE('',#3507,6.25);
#174=CIRCLE('',#3508,6.25);
#175=CIRCLE('',#3510,6.25);
#176=CIRCLE('',#3511,6.25);
#177=CIRCLE('',#3512,12.5);
#178=CIRCLE('',#3513,6.25);
#179=CIRCLE('',#3514,4.6875);
#180=CIRCLE('',#3515,6.25);
#181=CIRCLE('',#3523,6.24999999999996);
#182=CIRCLE('',#3524,6.24999999999992);
#183=CIRCLE('',#3525,25.);
#184=CIRCLE('',#3526,3.12499999999999);
#185=CIRCLE('',#3533,9.5);
#186=CIRCLE('',#3534,6.125);
#187=CIRCLE('',#3536,6.125);
#188=CIRCLE('',#3541,9.5);
#189=CIRCLE('',#3546,25.);
#190=CIRCLE('',#3548,3.12499999999999);
#191=CIRCLE('',#3550,6.24999999999996);
#192=CIRCLE('',#3553,6.24999999999992);
#193=CIRCLE('',#3556,3.125);
#194=CIRCLE('',#3557,3.125);
#195=CIRCLE('',#3559,3.125);
#196=CIRCLE('',#3561,3.125);
#197=CIRCLE('',#3562,3.125);
#198=CIRCLE('',#3575,3.125);
#199=CIRCLE('',#3580,12.5);
#200=CIRCLE('',#3586,3.125);
#201=CIRCLE('',#3587,3.125);
#202=CIRCLE('',#3589,3.125);
#203=CIRCLE('',#3591,3.125);
#204=CIRCLE('',#3592,3.125);
#205=CIRCLE('',#3594,3.125);
#206=CIRCLE('',#3612,12.5);
#207=CIRCLE('',#3620,328.125);
#208=CIRCLE('',#3621,328.125);
#209=CIRCLE('',#3622,328.125);
#210=CIRCLE('',#3623,328.125);
#211=CIRCLE('',#3634,334.375);
#212=CIRCLE('',#3635,334.375);
#213=CIRCLE('',#3638,353.125);
#214=CIRCLE('',#3639,353.125);
#215=CIRCLE('',#3641,359.375);
#216=CIRCLE('',#3642,359.375);
#217=CIRCLE('',#3643,359.375);
#218=CIRCLE('',#3644,359.375);
#219=CIRCLE('',#3646,25.);
#220=CIRCLE('',#3647,12.4999999999999);
#221=CIRCLE('',#3648,24.9999999999999);
#222=CIRCLE('',#3649,353.125);
#223=CIRCLE('',#3650,334.375);
#224=CIRCLE('',#3651,353.125);
#225=CIRCLE('',#3652,334.375);
#226=CIRCLE('',#3653,6.25);
#227=CIRCLE('',#3654,6.25);
#228=CIRCLE('',#3656,6.25);
#229=CIRCLE('',#3659,6.25);
#230=CIRCLE('',#3667,353.125);
#231=CIRCLE('',#3674,353.125);
#232=CIRCLE('',#3680,3.125);
#233=CIRCLE('',#3681,3.125);
#234=CIRCLE('',#3683,3.125);
#235=CIRCLE('',#3684,3.125);
#236=CIRCLE('',#3702,24.9999999999999);
#237=CIRCLE('',#3703,12.4999999999999);
#238=CIRCLE('',#3704,25.);
#239=CIRCLE('',#3713,334.375);
#240=CIRCLE('',#3715,334.375);
#241=CIRCLE('',#3717,3.125);
#242=CIRCLE('',#3718,3.125);
#243=CIRCLE('',#3720,3.125);
#244=CIRCLE('',#3721,3.125);
#245=CIRCLE('',#3739,24.9999999999999);
#246=CIRCLE('',#3740,12.4999999999999);
#247=CIRCLE('',#3741,25.);
#248=CIRCLE('',#3745,25.);
#249=CIRCLE('',#3747,12.4999999999999);
#250=CIRCLE('',#3749,24.9999999999999);
#251=FACE_OUTER_BOUND('',#422,.T.);
#252=FACE_OUTER_BOUND('',#423,.T.);
#253=FACE_OUTER_BOUND('',#424,.T.);
#254=FACE_OUTER_BOUND('',#425,.T.);
#255=FACE_OUTER_BOUND('',#426,.T.);
#256=FACE_OUTER_BOUND('',#427,.T.);
#257=FACE_OUTER_BOUND('',#428,.T.);
#258=FACE_OUTER_BOUND('',#432,.T.);
#259=FACE_OUTER_BOUND('',#436,.T.);
#260=FACE_OUTER_BOUND('',#437,.T.);
#261=FACE_OUTER_BOUND('',#438,.T.);
#262=FACE_OUTER_BOUND('',#439,.T.);
#263=FACE_OUTER_BOUND('',#440,.T.);
#264=FACE_OUTER_BOUND('',#441,.T.);
#265=FACE_OUTER_BOUND('',#443,.T.);
#266=FACE_OUTER_BOUND('',#444,.T.);
#267=FACE_OUTER_BOUND('',#445,.T.);
#268=FACE_OUTER_BOUND('',#446,.T.);
#269=FACE_OUTER_BOUND('',#447,.T.);
#270=FACE_OUTER_BOUND('',#448,.T.);
#271=FACE_OUTER_BOUND('',#450,.T.);
#272=FACE_OUTER_BOUND('',#452,.T.);
#273=FACE_OUTER_BOUND('',#453,.T.);
#274=FACE_OUTER_BOUND('',#454,.T.);
#275=FACE_OUTER_BOUND('',#455,.T.);
#276=FACE_OUTER_BOUND('',#457,.T.);
#277=FACE_OUTER_BOUND('',#459,.T.);
#278=FACE_OUTER_BOUND('',#460,.T.);
#279=FACE_OUTER_BOUND('',#461,.T.);
#280=FACE_OUTER_BOUND('',#462,.T.);
#281=FACE_OUTER_BOUND('',#463,.T.);
#282=FACE_OUTER_BOUND('',#464,.T.);
#283=FACE_OUTER_BOUND('',#465,.T.);
#284=FACE_OUTER_BOUND('',#466,.T.);
#285=FACE_OUTER_BOUND('',#467,.T.);
#286=FACE_OUTER_BOUND('',#468,.T.);
#287=FACE_OUTER_BOUND('',#469,.T.);
#288=FACE_OUTER_BOUND('',#470,.T.);
#289=FACE_OUTER_BOUND('',#471,.T.);
#290=FACE_OUTER_BOUND('',#473,.T.);
#291=FACE_OUTER_BOUND('',#474,.T.);
#292=FACE_OUTER_BOUND('',#475,.T.);
#293=FACE_OUTER_BOUND('',#476,.T.);
#294=FACE_OUTER_BOUND('',#478,.T.);
#295=FACE_OUTER_BOUND('',#480,.T.);
#296=FACE_OUTER_BOUND('',#481,.T.);
#297=FACE_OUTER_BOUND('',#482,.T.);
#298=FACE_OUTER_BOUND('',#483,.T.);
#299=FACE_OUTER_BOUND('',#485,.T.);
#300=FACE_OUTER_BOUND('',#487,.T.);
#301=FACE_OUTER_BOUND('',#488,.T.);
#302=FACE_OUTER_BOUND('',#490,.T.);
#303=FACE_OUTER_BOUND('',#491,.T.);
#304=FACE_OUTER_BOUND('',#492,.T.);
#305=FACE_OUTER_BOUND('',#495,.T.);
#306=FACE_OUTER_BOUND('',#496,.T.);
#307=FACE_OUTER_BOUND('',#497,.T.);
#308=FACE_OUTER_BOUND('',#498,.T.);
#309=FACE_OUTER_BOUND('',#499,.T.);
#310=FACE_OUTER_BOUND('',#500,.T.);
#311=FACE_OUTER_BOUND('',#501,.T.);
#312=FACE_OUTER_BOUND('',#502,.T.);
#313=FACE_OUTER_BOUND('',#503,.T.);
#314=FACE_OUTER_BOUND('',#505,.T.);
#315=FACE_OUTER_BOUND('',#506,.T.);
#316=FACE_OUTER_BOUND('',#507,.T.);
#317=FACE_OUTER_BOUND('',#508,.T.);
#318=FACE_OUTER_BOUND('',#510,.T.);
#319=FACE_OUTER_BOUND('',#512,.T.);
#320=FACE_OUTER_BOUND('',#513,.T.);
#321=FACE_OUTER_BOUND('',#514,.T.);
#322=FACE_OUTER_BOUND('',#515,.T.);
#323=FACE_OUTER_BOUND('',#517,.T.);
#324=FACE_OUTER_BOUND('',#519,.T.);
#325=FACE_OUTER_BOUND('',#521,.T.);
#326=FACE_OUTER_BOUND('',#522,.T.);
#327=FACE_OUTER_BOUND('',#524,.T.);
#328=FACE_OUTER_BOUND('',#525,.T.);
#329=FACE_OUTER_BOUND('',#526,.T.);
#330=FACE_OUTER_BOUND('',#529,.T.);
#331=FACE_OUTER_BOUND('',#530,.T.);
#332=FACE_OUTER_BOUND('',#531,.T.);
#333=FACE_OUTER_BOUND('',#532,.T.);
#334=FACE_OUTER_BOUND('',#534,.T.);
#335=FACE_OUTER_BOUND('',#535,.T.);
#336=FACE_OUTER_BOUND('',#536,.T.);
#337=FACE_OUTER_BOUND('',#537,.T.);
#338=FACE_OUTER_BOUND('',#538,.T.);
#339=FACE_OUTER_BOUND('',#539,.T.);
#340=FACE_OUTER_BOUND('',#540,.T.);
#341=FACE_OUTER_BOUND('',#541,.T.);
#342=FACE_OUTER_BOUND('',#542,.T.);
#343=FACE_OUTER_BOUND('',#544,.T.);
#344=FACE_OUTER_BOUND('',#545,.T.);
#345=FACE_OUTER_BOUND('',#546,.T.);
#346=FACE_OUTER_BOUND('',#547,.T.);
#347=FACE_OUTER_BOUND('',#549,.T.);
#348=FACE_OUTER_BOUND('',#553,.T.);
#349=FACE_OUTER_BOUND('',#554,.T.);
#350=FACE_OUTER_BOUND('',#555,.T.);
#351=FACE_OUTER_BOUND('',#556,.T.);
#352=FACE_OUTER_BOUND('',#557,.T.);
#353=FACE_OUTER_BOUND('',#558,.T.);
#354=FACE_OUTER_BOUND('',#559,.T.);
#355=FACE_OUTER_BOUND('',#560,.T.);
#356=FACE_OUTER_BOUND('',#561,.T.);
#357=FACE_OUTER_BOUND('',#562,.T.);
#358=FACE_OUTER_BOUND('',#563,.T.);
#359=FACE_OUTER_BOUND('',#564,.T.);
#360=FACE_OUTER_BOUND('',#565,.T.);
#361=FACE_OUTER_BOUND('',#566,.T.);
#362=FACE_OUTER_BOUND('',#567,.T.);
#363=FACE_OUTER_BOUND('',#568,.T.);
#364=FACE_OUTER_BOUND('',#569,.T.);
#365=FACE_OUTER_BOUND('',#570,.T.);
#366=FACE_OUTER_BOUND('',#571,.T.);
#367=FACE_OUTER_BOUND('',#572,.T.);
#368=FACE_OUTER_BOUND('',#573,.T.);
#369=FACE_OUTER_BOUND('',#574,.T.);
#370=FACE_OUTER_BOUND('',#575,.T.);
#371=FACE_OUTER_BOUND('',#576,.T.);
#372=FACE_OUTER_BOUND('',#577,.T.);
#373=FACE_OUTER_BOUND('',#578,.T.);
#374=FACE_OUTER_BOUND('',#580,.T.);
#375=FACE_OUTER_BOUND('',#581,.T.);
#376=FACE_OUTER_BOUND('',#582,.T.);
#377=FACE_OUTER_BOUND('',#583,.T.);
#378=FACE_OUTER_BOUND('',#585,.T.);
#379=FACE_OUTER_BOUND('',#586,.T.);
#380=FACE_OUTER_BOUND('',#588,.T.);
#381=FACE_OUTER_BOUND('',#590,.T.);
#382=FACE_OUTER_BOUND('',#591,.T.);
#383=FACE_OUTER_BOUND('',#592,.T.);
#384=FACE_OUTER_BOUND('',#594,.T.);
#385=FACE_OUTER_BOUND('',#596,.T.);
#386=FACE_OUTER_BOUND('',#597,.T.);
#387=FACE_OUTER_BOUND('',#598,.T.);
#388=FACE_OUTER_BOUND('',#599,.T.);
#389=FACE_OUTER_BOUND('',#600,.T.);
#390=FACE_OUTER_BOUND('',#601,.T.);
#391=FACE_OUTER_BOUND('',#602,.T.);
#392=FACE_OUTER_BOUND('',#603,.T.);
#393=FACE_OUTER_BOUND('',#604,.T.);
#394=FACE_OUTER_BOUND('',#605,.T.);
#395=FACE_OUTER_BOUND('',#606,.T.);
#396=FACE_OUTER_BOUND('',#607,.T.);
#397=FACE_OUTER_BOUND('',#608,.T.);
#398=FACE_OUTER_BOUND('',#609,.T.);
#399=FACE_OUTER_BOUND('',#610,.T.);
#400=FACE_OUTER_BOUND('',#611,.T.);
#401=FACE_OUTER_BOUND('',#612,.T.);
#402=FACE_OUTER_BOUND('',#614,.T.);
#403=FACE_OUTER_BOUND('',#615,.T.);
#404=FACE_OUTER_BOUND('',#616,.T.);
#405=FACE_OUTER_BOUND('',#617,.T.);
#406=FACE_OUTER_BOUND('',#619,.T.);
#407=FACE_OUTER_BOUND('',#620,.T.);
#408=FACE_OUTER_BOUND('',#622,.T.);
#409=FACE_OUTER_BOUND('',#624,.T.);
#410=FACE_OUTER_BOUND('',#625,.T.);
#411=FACE_OUTER_BOUND('',#626,.T.);
#412=FACE_OUTER_BOUND('',#628,.T.);
#413=FACE_OUTER_BOUND('',#630,.T.);
#414=FACE_OUTER_BOUND('',#631,.T.);
#415=FACE_OUTER_BOUND('',#635,.T.);
#416=FACE_OUTER_BOUND('',#636,.T.);
#417=FACE_OUTER_BOUND('',#637,.T.);
#418=FACE_OUTER_BOUND('',#638,.T.);
#419=FACE_OUTER_BOUND('',#639,.T.);
#420=FACE_OUTER_BOUND('',#640,.T.);
#421=FACE_OUTER_BOUND('',#641,.T.);
#422=EDGE_LOOP('',(#2198,#2199,#2200,#2201));
#423=EDGE_LOOP('',(#2202,#2203,#2204,#2205));
#424=EDGE_LOOP('',(#2206,#2207,#2208,#2209));
#425=EDGE_LOOP('',(#2210,#2211,#2212,#2213,#2214,#2215));
#426=EDGE_LOOP('',(#2216,#2217,#2218,#2219));
#427=EDGE_LOOP('',(#2220,#2221,#2222,#2223,#2224,#2225));
#428=EDGE_LOOP('',(#2226,#2227,#2228,#2229,#2230,#2231,#2232,#2233,#2234,
#2235,#2236,#2237,#2238,#2239,#2240,#2241,#2242,#2243,#2244,#2245));
#429=EDGE_LOOP('',(#2246));
#430=EDGE_LOOP('',(#2247));
#431=EDGE_LOOP('',(#2248));
#432=EDGE_LOOP('',(#2249,#2250,#2251,#2252,#2253,#2254,#2255,#2256,#2257,
#2258,#2259,#2260,#2261,#2262,#2263,#2264,#2265,#2266,#2267,#2268,#2269));
#433=EDGE_LOOP('',(#2270));
#434=EDGE_LOOP('',(#2271));
#435=EDGE_LOOP('',(#2272));
#436=EDGE_LOOP('',(#2273,#2274,#2275,#2276));
#437=EDGE_LOOP('',(#2277,#2278,#2279,#2280,#2281));
#438=EDGE_LOOP('',(#2282,#2283,#2284,#2285,#2286));
#439=EDGE_LOOP('',(#2287,#2288,#2289,#2290));
#440=EDGE_LOOP('',(#2291,#2292,#2293,#2294,#2295,#2296,#2297));
#441=EDGE_LOOP('',(#2298,#2299,#2300,#2301,#2302,#2303,#2304,#2305,#2306,
#2307));
#442=EDGE_LOOP('',(#2308));
#443=EDGE_LOOP('',(#2309,#2310,#2311,#2312,#2313));
#444=EDGE_LOOP('',(#2314,#2315,#2316,#2317));
#445=EDGE_LOOP('',(#2318,#2319,#2320,#2321,#2322,#2323,#2324,#2325));
#446=EDGE_LOOP('',(#2326,#2327,#2328,#2329));
#447=EDGE_LOOP('',(#2330,#2331,#2332,#2333,#2334));
#448=EDGE_LOOP('',(#2335));
#449=EDGE_LOOP('',(#2336));
#450=EDGE_LOOP('',(#2337,#2338,#2339,#2340,#2341,#2342,#2343,#2344,#2345,
#2346));
#451=EDGE_LOOP('',(#2347,#2348));
#452=EDGE_LOOP('',(#2349));
#453=EDGE_LOOP('',(#2350,#2351,#2352,#2353));
#454=EDGE_LOOP('',(#2354,#2355,#2356,#2357));
#455=EDGE_LOOP('',(#2358,#2359,#2360,#2361,#2362,#2363,#2364,#2365,#2366,
#2367));
#456=EDGE_LOOP('',(#2368,#2369));
#457=EDGE_LOOP('',(#2370,#2371,#2372,#2373,#2374,#2375,#2376,#2377));
#458=EDGE_LOOP('',(#2378));
#459=EDGE_LOOP('',(#2379,#2380,#2381,#2382,#2383,#2384,#2385));
#460=EDGE_LOOP('',(#2386,#2387,#2388,#2389));
#461=EDGE_LOOP('',(#2390,#2391,#2392,#2393));
#462=EDGE_LOOP('',(#2394,#2395,#2396,#2397));
#463=EDGE_LOOP('',(#2398,#2399,#2400,#2401));
#464=EDGE_LOOP('',(#2402,#2403,#2404,#2405));
#465=EDGE_LOOP('',(#2406,#2407,#2408,#2409,#2410,#2411,#2412));
#466=EDGE_LOOP('',(#2413,#2414,#2415,#2416));
#467=EDGE_LOOP('',(#2417,#2418,#2419,#2420,#2421,#2422,#2423));
#468=EDGE_LOOP('',(#2424,#2425,#2426,#2427));
#469=EDGE_LOOP('',(#2428,#2429,#2430,#2431));
#470=EDGE_LOOP('',(#2432,#2433,#2434,#2435));
#471=EDGE_LOOP('',(#2436,#2437,#2438,#2439));
#472=EDGE_LOOP('',(#2440));
#473=EDGE_LOOP('',(#2441,#2442,#2443,#2444));
#474=EDGE_LOOP('',(#2445,#2446,#2447,#2448));
#475=EDGE_LOOP('',(#2449,#2450,#2451,#2452));
#476=EDGE_LOOP('',(#2453,#2454,#2455,#2456));
#477=EDGE_LOOP('',(#2457));
#478=EDGE_LOOP('',(#2458,#2459,#2460,#2461));
#479=EDGE_LOOP('',(#2462));
#480=EDGE_LOOP('',(#2463,#2464,#2465,#2466));
#481=EDGE_LOOP('',(#2467,#2468,#2469,#2470));
#482=EDGE_LOOP('',(#2471,#2472,#2473,#2474));
#483=EDGE_LOOP('',(#2475,#2476,#2477,#2478));
#484=EDGE_LOOP('',(#2479));
#485=EDGE_LOOP('',(#2480,#2481,#2482,#2483));
#486=EDGE_LOOP('',(#2484,#2485,#2486,#2487));
#487=EDGE_LOOP('',(#2488,#2489,#2490,#2491,#2492));
#488=EDGE_LOOP('',(#2493,#2494,#2495,#2496,#2497,#2498));
#489=EDGE_LOOP('',(#2499,#2500,#2501,#2502));
#490=EDGE_LOOP('',(#2503,#2504,#2505,#2506));
#491=EDGE_LOOP('',(#2507,#2508,#2509,#2510));
#492=EDGE_LOOP('',(#2511,#2512,#2513,#2514,#2515,#2516,#2517,#2518,#2519,
#2520,#2521));
#493=EDGE_LOOP('',(#2522));
#494=EDGE_LOOP('',(#2523));
#495=EDGE_LOOP('',(#2524,#2525,#2526,#2527));
#496=EDGE_LOOP('',(#2528,#2529,#2530,#2531));
#497=EDGE_LOOP('',(#2532,#2533,#2534,#2535));
#498=EDGE_LOOP('',(#2536,#2537,#2538,#2539));
#499=EDGE_LOOP('',(#2540,#2541,#2542,#2543));
#500=EDGE_LOOP('',(#2544,#2545,#2546,#2547,#2548));
#501=EDGE_LOOP('',(#2549,#2550,#2551,#2552));
#502=EDGE_LOOP('',(#2553,#2554,#2555,#2556));
#503=EDGE_LOOP('',(#2557,#2558,#2559,#2560));
#504=EDGE_LOOP('',(#2561));
#505=EDGE_LOOP('',(#2562,#2563,#2564,#2565));
#506=EDGE_LOOP('',(#2566,#2567,#2568,#2569));
#507=EDGE_LOOP('',(#2570,#2571,#2572,#2573));
#508=EDGE_LOOP('',(#2574,#2575,#2576,#2577));
#509=EDGE_LOOP('',(#2578));
#510=EDGE_LOOP('',(#2579,#2580,#2581,#2582));
#511=EDGE_LOOP('',(#2583));
#512=EDGE_LOOP('',(#2584,#2585,#2586,#2587));
#513=EDGE_LOOP('',(#2588,#2589,#2590,#2591));
#514=EDGE_LOOP('',(#2592,#2593,#2594,#2595));
#515=EDGE_LOOP('',(#2596,#2597,#2598,#2599));
#516=EDGE_LOOP('',(#2600));
#517=EDGE_LOOP('',(#2601,#2602,#2603,#2604));
#518=EDGE_LOOP('',(#2605,#2606,#2607,#2608));
#519=EDGE_LOOP('',(#2609,#2610,#2611,#2612,#2613,#2614,#2615,#2616,#2617,
#2618,#2619,#2620));
#520=EDGE_LOOP('',(#2621));
#521=EDGE_LOOP('',(#2622,#2623,#2624,#2625,#2626));
#522=EDGE_LOOP('',(#2627,#2628,#2629,#2630,#2631,#2632));
#523=EDGE_LOOP('',(#2633,#2634,#2635,#2636));
#524=EDGE_LOOP('',(#2637,#2638,#2639,#2640));
#525=EDGE_LOOP('',(#2641,#2642,#2643,#2644));
#526=EDGE_LOOP('',(#2645,#2646,#2647,#2648,#2649,#2650,#2651,#2652,#2653,
#2654,#2655));
#527=EDGE_LOOP('',(#2656));
#528=EDGE_LOOP('',(#2657));
#529=EDGE_LOOP('',(#2658,#2659,#2660,#2661));
#530=EDGE_LOOP('',(#2662,#2663,#2664,#2665));
#531=EDGE_LOOP('',(#2666,#2667,#2668,#2669));
#532=EDGE_LOOP('',(#2670,#2671,#2672,#2673,#2674,#2675,#2676,#2677,#2678,
#2679,#2680,#2681,#2682,#2683));
#533=EDGE_LOOP('',(#2684,#2685));
#534=EDGE_LOOP('',(#2686,#2687,#2688,#2689));
#535=EDGE_LOOP('',(#2690,#2691,#2692,#2693));
#536=EDGE_LOOP('',(#2694,#2695,#2696,#2697));
#537=EDGE_LOOP('',(#2698,#2699,#2700,#2701));
#538=EDGE_LOOP('',(#2702,#2703,#2704,#2705));
#539=EDGE_LOOP('',(#2706,#2707,#2708,#2709));
#540=EDGE_LOOP('',(#2710,#2711,#2712,#2713));
#541=EDGE_LOOP('',(#2714,#2715,#2716,#2717,#2718,#2719,#2720,#2721));
#542=EDGE_LOOP('',(#2722,#2723,#2724,#2725,#2726,#2727));
#543=EDGE_LOOP('',(#2728,#2729,#2730,#2731));
#544=EDGE_LOOP('',(#2732,#2733,#2734,#2735,#2736,#2737,#2738,#2739));
#545=EDGE_LOOP('',(#2740,#2741));
#546=EDGE_LOOP('',(#2742,#2743,#2744,#2745,#2746,#2747,#2748,#2749));
#547=EDGE_LOOP('',(#2750,#2751,#2752,#2753,#2754,#2755,#2756,#2757,#2758,
#2759,#2760,#2761,#2762,#2763));
#548=EDGE_LOOP('',(#2764,#2765));
#549=EDGE_LOOP('',(#2766,#2767,#2768,#2769,#2770,#2771,#2772,#2773,#2774,
#2775,#2776,#2777,#2778,#2779,#2780,#2781,#2782,#2783,#2784,#2785));
#550=EDGE_LOOP('',(#2786,#2787,#2788,#2789,#2790,#2791,#2792,#2793));
#551=EDGE_LOOP('',(#2794,#2795,#2796,#2797,#2798,#2799,#2800,#2801));
#552=EDGE_LOOP('',(#2802,#2803,#2804,#2805));
#553=EDGE_LOOP('',(#2806,#2807,#2808,#2809));
#554=EDGE_LOOP('',(#2810,#2811,#2812,#2813));
#555=EDGE_LOOP('',(#2814,#2815,#2816,#2817));
#556=EDGE_LOOP('',(#2818,#2819,#2820,#2821));
#557=EDGE_LOOP('',(#2822,#2823,#2824,#2825));
#558=EDGE_LOOP('',(#2826,#2827,#2828,#2829));
#559=EDGE_LOOP('',(#2830,#2831,#2832,#2833));
#560=EDGE_LOOP('',(#2834,#2835,#2836,#2837));
#561=EDGE_LOOP('',(#2838,#2839,#2840,#2841));
#562=EDGE_LOOP('',(#2842,#2843,#2844,#2845));
#563=EDGE_LOOP('',(#2846,#2847,#2848,#2849));
#564=EDGE_LOOP('',(#2850,#2851,#2852,#2853));
#565=EDGE_LOOP('',(#2854,#2855,#2856,#2857));
#566=EDGE_LOOP('',(#2858,#2859,#2860,#2861));
#567=EDGE_LOOP('',(#2862,#2863,#2864,#2865));
#568=EDGE_LOOP('',(#2866,#2867,#2868,#2869));
#569=EDGE_LOOP('',(#2870,#2871,#2872,#2873));
#570=EDGE_LOOP('',(#2874,#2875,#2876,#2877));
#571=EDGE_LOOP('',(#2878,#2879,#2880,#2881));
#572=EDGE_LOOP('',(#2882,#2883));
#573=EDGE_LOOP('',(#2884,#2885,#2886,#2887));
#574=EDGE_LOOP('',(#2888,#2889,#2890,#2891));
#575=EDGE_LOOP('',(#2892,#2893,#2894,#2895));
#576=EDGE_LOOP('',(#2896,#2897,#2898,#2899));
#577=EDGE_LOOP('',(#2900,#2901,#2902,#2903));
#578=EDGE_LOOP('',(#2904,#2905,#2906,#2907));
#579=EDGE_LOOP('',(#2908));
#580=EDGE_LOOP('',(#2909,#2910,#2911,#2912));
#581=EDGE_LOOP('',(#2913,#2914,#2915,#2916));
#582=EDGE_LOOP('',(#2917,#2918,#2919,#2920));
#583=EDGE_LOOP('',(#2921,#2922,#2923,#2924));
#584=EDGE_LOOP('',(#2925));
#585=EDGE_LOOP('',(#2926,#2927,#2928,#2929));
#586=EDGE_LOOP('',(#2930,#2931,#2932,#2933));
#587=EDGE_LOOP('',(#2934));
#588=EDGE_LOOP('',(#2935,#2936,#2937,#2938));
#589=EDGE_LOOP('',(#2939));
#590=EDGE_LOOP('',(#2940,#2941,#2942,#2943));
#591=EDGE_LOOP('',(#2944,#2945,#2946,#2947));
#592=EDGE_LOOP('',(#2948,#2949,#2950,#2951));
#593=EDGE_LOOP('',(#2952,#2953,#2954,#2955));
#594=EDGE_LOOP('',(#2956,#2957,#2958,#2959));
#595=EDGE_LOOP('',(#2960,#2961,#2962,#2963));
#596=EDGE_LOOP('',(#2964,#2965,#2966,#2967));
#597=EDGE_LOOP('',(#2968,#2969,#2970,#2971,#2972,#2973,#2974,#2975,#2976,
#2977,#2978,#2979,#2980,#2981));
#598=EDGE_LOOP('',(#2982,#2983,#2984,#2985));
#599=EDGE_LOOP('',(#2986,#2987,#2988,#2989));
#600=EDGE_LOOP('',(#2990,#2991,#2992,#2993));
#601=EDGE_LOOP('',(#2994,#2995,#2996,#2997));
#602=EDGE_LOOP('',(#2998,#2999,#3000,#3001));
#603=EDGE_LOOP('',(#3002,#3003,#3004,#3005));
#604=EDGE_LOOP('',(#3006,#3007,#3008,#3009));
#605=EDGE_LOOP('',(#3010,#3011,#3012,#3013));
#606=EDGE_LOOP('',(#3014,#3015,#3016,#3017));
#607=EDGE_LOOP('',(#3018,#3019,#3020,#3021));
#608=EDGE_LOOP('',(#3022,#3023,#3024,#3025));
#609=EDGE_LOOP('',(#3026,#3027,#3028,#3029));
#610=EDGE_LOOP('',(#3030,#3031,#3032,#3033));
#611=EDGE_LOOP('',(#3034,#3035,#3036,#3037));
#612=EDGE_LOOP('',(#3038,#3039,#3040,#3041));
#613=EDGE_LOOP('',(#3042));
#614=EDGE_LOOP('',(#3043,#3044,#3045,#3046));
#615=EDGE_LOOP('',(#3047,#3048,#3049,#3050));
#616=EDGE_LOOP('',(#3051,#3052,#3053,#3054));
#617=EDGE_LOOP('',(#3055,#3056,#3057,#3058));
#618=EDGE_LOOP('',(#3059));
#619=EDGE_LOOP('',(#3060,#3061,#3062,#3063));
#620=EDGE_LOOP('',(#3064,#3065,#3066,#3067));
#621=EDGE_LOOP('',(#3068));
#622=EDGE_LOOP('',(#3069,#3070,#3071,#3072));
#623=EDGE_LOOP('',(#3073));
#624=EDGE_LOOP('',(#3074,#3075,#3076,#3077));
#625=EDGE_LOOP('',(#3078,#3079,#3080,#3081));
#626=EDGE_LOOP('',(#3082,#3083,#3084,#3085));
#627=EDGE_LOOP('',(#3086,#3087,#3088,#3089));
#628=EDGE_LOOP('',(#3090,#3091,#3092,#3093));
#629=EDGE_LOOP('',(#3094,#3095,#3096,#3097));
#630=EDGE_LOOP('',(#3098,#3099,#3100,#3101));
#631=EDGE_LOOP('',(#3102,#3103,#3104,#3105,#3106,#3107,#3108,#3109,#3110,
#3111,#3112,#3113,#3114,#3115,#3116,#3117,#3118,#3119,#3120,#3121));
#632=EDGE_LOOP('',(#3122,#3123,#3124,#3125));
#633=EDGE_LOOP('',(#3126,#3127,#3128,#3129,#3130,#3131,#3132,#3133));
#634=EDGE_LOOP('',(#3134,#3135,#3136,#3137,#3138,#3139,#3140,#3141));
#635=EDGE_LOOP('',(#3142,#3143,#3144,#3145));
#636=EDGE_LOOP('',(#3146,#3147,#3148,#3149));
#637=EDGE_LOOP('',(#3150,#3151,#3152,#3153));
#638=EDGE_LOOP('',(#3154,#3155,#3156,#3157));
#639=EDGE_LOOP('',(#3158,#3159,#3160,#3161));
#640=EDGE_LOOP('',(#3162,#3163,#3164,#3165));
#641=EDGE_LOOP('',(#3166,#3167,#3168,#3169,#3170,#3171,#3172,#3173,#3174,
#3175,#3176,#3177,#3178,#3179));
#642=LINE('',#4645,#1010);
#643=LINE('',#4647,#1011);
#644=LINE('',#4649,#1012);
#645=LINE('',#4650,#1013);
#646=LINE('',#4653,#1014);
#647=LINE('',#4655,#1015);
#648=LINE('',#4656,#1016);
#649=LINE('',#4660,#1017);
#650=LINE('',#4662,#1018);
#651=LINE('',#4664,#1019);
#652=LINE('',#4665,#1020);
#653=LINE('',#4668,#1021);
#654=LINE('',#4670,#1022);
#655=LINE('',#4672,#1023);
#656=LINE('',#4674,#1024);
#657=LINE('',#4675,#1025);
#658=LINE('',#4678,#1026);
#659=LINE('',#4680,#1027);
#660=LINE('',#4681,#1028);
#661=LINE('',#4685,#1029);
#662=LINE('',#4686,#1030);
#663=LINE('',#4688,#1031);
#664=LINE('',#4690,#1032);
#665=LINE('',#4691,#1033);
#666=LINE('',#4694,#1034);
#667=LINE('',#4696,#1035);
#668=LINE('',#4698,#1036);
#669=LINE('',#4702,#1037);
#670=LINE('',#4703,#1038);
#671=LINE('',#4705,#1039);
#672=LINE('',#4707,#1040);
#673=LINE('',#4711,#1041);
#674=LINE('',#4713,#1042);
#675=LINE('',#4715,#1043);
#676=LINE('',#4717,#1044);
#677=LINE('',#4718,#1045);
#678=LINE('',#4727,#1046);
#679=LINE('',#4729,#1047);
#680=LINE('',#4731,#1048);
#681=LINE('',#4733,#1049);
#682=LINE('',#4735,#1050);
#683=LINE('',#4741,#1051);
#684=LINE('',#4743,#1052);
#685=LINE('',#4745,#1053);
#686=LINE('',#4747,#1054);
#687=LINE('',#4749,#1055);
#688=LINE('',#4753,#1056);
#689=LINE('',#4755,#1057);
#690=LINE('',#4756,#1058);
#691=LINE('',#4765,#1059);
#692=LINE('',#4767,#1060);
#693=LINE('',#4768,#1061);
#694=LINE('',#4771,#1062);
#695=LINE('',#4772,#1063);
#696=LINE('',#4775,#1064);
#697=LINE('',#4777,#1065);
#698=LINE('',#4778,#1066);
#699=LINE('',#4781,#1067);
#700=LINE('',#4783,#1068);
#701=LINE('',#4784,#1069);
#702=LINE('',#4787,#1070);
#703=LINE('',#4789,#1071);
#704=LINE('',#4791,#1072);
#705=LINE('',#4792,#1073);
#706=LINE('',#4797,#1074);
#707=LINE('',#4799,#1075);
#708=LINE('',#4803,#1076);
#709=LINE('',#4806,#1077);
#710=LINE('',#4808,#1078);
#711=LINE('',#4811,#1079);
#712=LINE('',#4816,#1080);
#713=LINE('',#4818,#1081);
#714=LINE('',#4819,#1082);
#715=LINE('',#4821,#1083);
#716=LINE('',#4858,#1084);
#717=LINE('',#4907,#1085);
#718=LINE('',#4910,#1086);
#719=LINE('',#4911,#1087);
#720=LINE('',#4920,#1088);
#721=LINE('',#4921,#1089);
#722=LINE('',#4924,#1090);
#723=LINE('',#4925,#1091);
#724=LINE('',#4927,#1092);
#725=LINE('',#4928,#1093);
#726=LINE('',#4931,#1094);
#727=LINE('',#4955,#1095);
#728=LINE('',#5018,#1096);
#729=LINE('',#5021,#1097);
#730=LINE('',#5022,#1098);
#731=LINE('',#5025,#1099);
#732=LINE('',#5028,#1100);
#733=LINE('',#5032,#1101);
#734=LINE('',#5036,#1102);
#735=LINE('',#5039,#1103);
#736=LINE('',#5040,#1104);
#737=LINE('',#5044,#1105);
#738=LINE('',#5049,#1106);
#739=LINE('',#5054,#1107);
#740=LINE('',#5059,#1108);
#741=LINE('',#5064,#1109);
#742=LINE('',#5066,#1110);
#743=LINE('',#5068,#1111);
#744=LINE('',#5069,#1112);
#745=LINE('',#5073,#1113);
#746=LINE('',#5075,#1114);
#747=LINE('',#5077,#1115);
#748=LINE('',#5078,#1116);
#749=LINE('',#5080,#1117);
#750=LINE('',#5081,#1118);
#751=LINE('',#5083,#1119);
#752=LINE('',#5087,#1120);
#753=LINE('',#5089,#1121);
#754=LINE('',#5091,#1122);
#755=LINE('',#5092,#1123);
#756=LINE('',#5096,#1124);
#757=LINE('',#5098,#1125);
#758=LINE('',#5100,#1126);
#759=LINE('',#5101,#1127);
#760=LINE('',#5103,#1128);
#761=LINE('',#5104,#1129);
#762=LINE('',#5106,#1130);
#763=LINE('',#5109,#1131);
#764=LINE('',#5111,#1132);
#765=LINE('',#5112,#1133);
#766=LINE('',#5115,#1134);
#767=LINE('',#5117,#1135);
#768=LINE('',#5118,#1136);
#769=LINE('',#5120,#1137);
#770=LINE('',#5122,#1138);
#771=LINE('',#5127,#1139);
#772=LINE('',#5128,#1140);
#773=LINE('',#5130,#1141);
#774=LINE('',#5132,#1142);
#775=LINE('',#5136,#1143);
#776=LINE('',#5138,#1144);
#777=LINE('',#5140,#1145);
#778=LINE('',#5142,#1146);
#779=LINE('',#5144,#1147);
#780=LINE('',#5149,#1148);
#781=LINE('',#5153,#1149);
#782=LINE('',#5159,#1150);
#783=LINE('',#5163,#1151);
#784=LINE('',#5168,#1152);
#785=LINE('',#5170,#1153);
#786=LINE('',#5172,#1154);
#787=LINE('',#5173,#1155);
#788=LINE('',#5177,#1156);
#789=LINE('',#5179,#1157);
#790=LINE('',#5181,#1158);
#791=LINE('',#5182,#1159);
#792=LINE('',#5184,#1160);
#793=LINE('',#5185,#1161);
#794=LINE('',#5187,#1162);
#795=LINE('',#5191,#1163);
#796=LINE('',#5193,#1164);
#797=LINE('',#5195,#1165);
#798=LINE('',#5196,#1166);
#799=LINE('',#5200,#1167);
#800=LINE('',#5202,#1168);
#801=LINE('',#5204,#1169);
#802=LINE('',#5205,#1170);
#803=LINE('',#5207,#1171);
#804=LINE('',#5208,#1172);
#805=LINE('',#5210,#1173);
#806=LINE('',#5213,#1174);
#807=LINE('',#5215,#1175);
#808=LINE('',#5216,#1176);
#809=LINE('',#5219,#1177);
#810=LINE('',#5221,#1178);
#811=LINE('',#5222,#1179);
#812=LINE('',#5224,#1180);
#813=LINE('',#5226,#1181);
#814=LINE('',#5229,#1182);
#815=LINE('',#5230,#1183);
#816=LINE('',#5232,#1184);
#817=LINE('',#5234,#1185);
#818=LINE('',#5236,#1186);
#819=LINE('',#5240,#1187);
#820=LINE('',#5242,#1188);
#821=LINE('',#5259,#1189);
#822=LINE('',#5271,#1190);
#823=LINE('',#5274,#1191);
#824=LINE('',#5276,#1192);
#825=LINE('',#5277,#1193);
#826=LINE('',#5291,#1194);
#827=LINE('',#5353,#1195);
#828=LINE('',#5373,#1196);
#829=LINE('',#5393,#1197);
#830=LINE('',#5435,#1198);
#831=LINE('',#5447,#1199);
#832=LINE('',#5450,#1200);
#833=LINE('',#5451,#1201);
#834=LINE('',#5454,#1202);
#835=LINE('',#5467,#1203);
#836=LINE('',#5478,#1204);
#837=LINE('',#5486,#1205);
#838=LINE('',#5502,#1206);
#839=LINE('',#5510,#1207);
#840=LINE('',#5512,#1208);
#841=LINE('',#5582,#1209);
#842=LINE('',#5614,#1210);
#843=LINE('',#5634,#1211);
#844=LINE('',#5639,#1212);
#845=LINE('',#5642,#1213);
#846=LINE('',#5647,#1214);
#847=LINE('',#5653,#1215);
#848=LINE('',#5658,#1216);
#849=LINE('',#5664,#1217);
#850=LINE('',#5666,#1218);
#851=LINE('',#5668,#1219);
#852=LINE('',#5672,#1220);
#853=LINE('',#5676,#1221);
#854=LINE('',#5678,#1222);
#855=LINE('',#5680,#1223);
#856=LINE('',#5681,#1224);
#857=LINE('',#5683,#1225);
#858=LINE('',#5685,#1226);
#859=LINE('',#5686,#1227);
#860=LINE('',#5689,#1228);
#861=LINE('',#5691,#1229);
#862=LINE('',#5695,#1230);
#863=LINE('',#5697,#1231);
#864=LINE('',#5699,#1232);
#865=LINE('',#5702,#1233);
#866=LINE('',#5705,#1234);
#867=LINE('',#5707,#1235);
#868=LINE('',#5711,#1236);
#869=LINE('',#5713,#1237);
#870=LINE('',#5715,#1238);
#871=LINE('',#5718,#1239);
#872=LINE('',#5721,#1240);
#873=LINE('',#5725,#1241);
#874=LINE('',#5731,#1242);
#875=LINE('',#5732,#1243);
#876=LINE('',#5735,#1244);
#877=LINE('',#5736,#1245);
#878=LINE('',#5740,#1246);
#879=LINE('',#5744,#1247);
#880=LINE('',#5745,#1248);
#881=LINE('',#5746,#1249);
#882=LINE('',#5749,#1250);
#883=LINE('',#5750,#1251);
#884=LINE('',#5753,#1252);
#885=LINE('',#5755,#1253);
#886=LINE('',#5756,#1254);
#887=LINE('',#5759,#1255);
#888=LINE('',#5760,#1256);
#889=LINE('',#5763,#1257);
#890=LINE('',#5764,#1258);
#891=LINE('',#5767,#1259);
#892=LINE('',#5768,#1260);
#893=LINE('',#5774,#1261);
#894=LINE('',#5775,#1262);
#895=LINE('',#5776,#1263);
#896=LINE('',#5779,#1264);
#897=LINE('',#5780,#1265);
#898=LINE('',#5783,#1266);
#899=LINE('',#5785,#1267);
#900=LINE('',#5786,#1268);
#901=LINE('',#5789,#1269);
#902=LINE('',#5790,#1270);
#903=LINE('',#5793,#1271);
#904=LINE('',#5794,#1272);
#905=LINE('',#5797,#1273);
#906=LINE('',#5800,#1274);
#907=LINE('',#5803,#1275);
#908=LINE('',#5804,#1276);
#909=LINE('',#5807,#1277);
#910=LINE('',#5808,#1278);
#911=LINE('',#5810,#1279);
#912=LINE('',#5815,#1280);
#913=LINE('',#5821,#1281);
#914=LINE('',#5826,#1282);
#915=LINE('',#5828,#1283);
#916=LINE('',#5830,#1284);
#917=LINE('',#5831,#1285);
#918=LINE('',#5835,#1286);
#919=LINE('',#5837,#1287);
#920=LINE('',#5839,#1288);
#921=LINE('',#5840,#1289);
#922=LINE('',#5843,#1290);
#923=LINE('',#5845,#1291);
#924=LINE('',#5846,#1292);
#925=LINE('',#5848,#1293);
#926=LINE('',#5849,#1294);
#927=LINE('',#5852,#1295);
#928=LINE('',#5854,#1296);
#929=LINE('',#5855,#1297);
#930=LINE('',#5859,#1298);
#931=LINE('',#5861,#1299);
#932=LINE('',#5863,#1300);
#933=LINE('',#5864,#1301);
#934=LINE('',#5868,#1302);
#935=LINE('',#5870,#1303);
#936=LINE('',#5872,#1304);
#937=LINE('',#5873,#1305);
#938=LINE('',#5875,#1306);
#939=LINE('',#5876,#1307);
#940=LINE('',#5878,#1308);
#941=LINE('',#5880,#1309);
#942=LINE('',#5882,#1310);
#943=LINE('',#5883,#1311);
#944=LINE('',#5887,#1312);
#945=LINE('',#5889,#1313);
#946=LINE('',#5890,#1314);
#947=LINE('',#5892,#1315);
#948=LINE('',#5895,#1316);
#949=LINE('',#5896,#1317);
#950=LINE('',#5899,#1318);
#951=LINE('',#5900,#1319);
#952=LINE('',#5905,#1320);
#953=LINE('',#5908,#1321);
#954=LINE('',#5912,#1322);
#955=LINE('',#5914,#1323);
#956=LINE('',#5917,#1324);
#957=LINE('',#5919,#1325);
#958=LINE('',#5928,#1326);
#959=LINE('',#5934,#1327);
#960=LINE('',#5939,#1328);
#961=LINE('',#5941,#1329);
#962=LINE('',#5943,#1330);
#963=LINE('',#5944,#1331);
#964=LINE('',#5948,#1332);
#965=LINE('',#5950,#1333);
#966=LINE('',#5952,#1334);
#967=LINE('',#5953,#1335);
#968=LINE('',#5957,#1336);
#969=LINE('',#5959,#1337);
#970=LINE('',#5961,#1338);
#971=LINE('',#5962,#1339);
#972=LINE('',#5964,#1340);
#973=LINE('',#5965,#1341);
#974=LINE('',#5969,#1342);
#975=LINE('',#5971,#1343);
#976=LINE('',#5973,#1344);
#977=LINE('',#5974,#1345);
#978=LINE('',#5978,#1346);
#979=LINE('',#5980,#1347);
#980=LINE('',#5982,#1348);
#981=LINE('',#5983,#1349);
#982=LINE('',#5987,#1350);
#983=LINE('',#5989,#1351);
#984=LINE('',#5991,#1352);
#985=LINE('',#5992,#1353);
#986=LINE('',#5994,#1354);
#987=LINE('',#5995,#1355);
#988=LINE('',#5997,#1356);
#989=LINE('',#5999,#1357);
#990=LINE('',#6001,#1358);
#991=LINE('',#6002,#1359);
#992=LINE('',#6007,#1360);
#993=LINE('',#6009,#1361);
#994=LINE('',#6011,#1362);
#995=LINE('',#6012,#1363);
#996=LINE('',#6014,#1364);
#997=LINE('',#6015,#1365);
#998=LINE('',#6019,#1366);
#999=LINE('',#6020,#1367);
#1000=LINE('',#6021,#1368);
#1001=LINE('',#6024,#1369);
#1002=LINE('',#6026,#1370);
#1003=LINE('',#6027,#1371);
#1004=LINE('',#6029,#1372);
#1005=LINE('',#6033,#1373);
#1006=LINE('',#6037,#1374);
#1007=LINE('',#6044,#1375);
#1008=LINE('',#6048,#1376);
#1009=LINE('',#6050,#1377);
#1010=VECTOR('',#3760,12.5);
#1011=VECTOR('',#3761,12.5);
#1012=VECTOR('',#3762,12.5);
#1013=VECTOR('',#3763,12.5);
#1014=VECTOR('',#3766,12.5);
#1015=VECTOR('',#3767,12.5);
#1016=VECTOR('',#3768,12.5);
#1017=VECTOR('',#3771,12.5);
#1018=VECTOR('',#3772,12.5);
#1019=VECTOR('',#3773,12.5);
#1020=VECTOR('',#3774,12.5);
#1021=VECTOR('',#3777,12.5);
#1022=VECTOR('',#3778,12.5);
#1023=VECTOR('',#3779,12.5);
#1024=VECTOR('',#3780,12.5);
#1025=VECTOR('',#3781,12.5);
#1026=VECTOR('',#3784,12.5);
#1027=VECTOR('',#3785,12.5);
#1028=VECTOR('',#3786,12.5);
#1029=VECTOR('',#3789,12.5);
#1030=VECTOR('',#3790,12.5);
#1031=VECTOR('',#3791,12.5);
#1032=VECTOR('',#3792,12.5);
#1033=VECTOR('',#3793,12.5);
#1034=VECTOR('',#3796,12.5);
#1035=VECTOR('',#3797,12.5);
#1036=VECTOR('',#3798,12.5);
#1037=VECTOR('',#3801,12.5);
#1038=VECTOR('',#3802,12.5);
#1039=VECTOR('',#3803,12.5);
#1040=VECTOR('',#3804,12.5);
#1041=VECTOR('',#3807,12.5);
#1042=VECTOR('',#3808,12.5);
#1043=VECTOR('',#3809,12.5);
#1044=VECTOR('',#3810,12.5);
#1045=VECTOR('',#3811,12.5);
#1046=VECTOR('',#3820,12.5);
#1047=VECTOR('',#3821,12.5);
#1048=VECTOR('',#3822,12.5);
#1049=VECTOR('',#3823,12.5);
#1050=VECTOR('',#3824,12.5);
#1051=VECTOR('',#3829,12.5);
#1052=VECTOR('',#3830,12.5);
#1053=VECTOR('',#3831,12.5);
#1054=VECTOR('',#3832,12.5);
#1055=VECTOR('',#3833,12.5);
#1056=VECTOR('',#3836,12.5);
#1057=VECTOR('',#3837,12.5);
#1058=VECTOR('',#3838,12.5);
#1059=VECTOR('',#3847,12.5);
#1060=VECTOR('',#3848,12.5);
#1061=VECTOR('',#3849,12.5);
#1062=VECTOR('',#3852,12.5);
#1063=VECTOR('',#3853,12.5);
#1064=VECTOR('',#3856,12.5);
#1065=VECTOR('',#3857,12.5);
#1066=VECTOR('',#3858,12.5);
#1067=VECTOR('',#3861,12.5);
#1068=VECTOR('',#3862,12.5);
#1069=VECTOR('',#3863,12.5);
#1070=VECTOR('',#3866,12.5);
#1071=VECTOR('',#3867,12.5);
#1072=VECTOR('',#3868,12.5);
#1073=VECTOR('',#3869,12.5);
#1074=VECTOR('',#3874,12.5);
#1075=VECTOR('',#3875,12.5);
#1076=VECTOR('',#3878,12.5);
#1077=VECTOR('',#3881,12.5);
#1078=VECTOR('',#3882,12.5);
#1079=VECTOR('',#3885,12.5);
#1080=VECTOR('',#3890,12.5);
#1081=VECTOR('',#3891,12.5);
#1082=VECTOR('',#3892,12.5);
#1083=VECTOR('',#3895,12.5);
#1084=VECTOR('',#3898,3.125);
#1085=VECTOR('',#3901,4.6875);
#1086=VECTOR('',#3904,12.5);
#1087=VECTOR('',#3905,12.5);
#1088=VECTOR('',#3916,6.25);
#1089=VECTOR('',#3917,6.25);
#1090=VECTOR('',#3922,12.5);
#1091=VECTOR('',#3923,12.5);
#1092=VECTOR('',#3926,12.5);
#1093=VECTOR('',#3927,12.5);
#1094=VECTOR('',#3930,9.375);
#1095=VECTOR('',#3931,9.375);
#1096=VECTOR('',#3938,12.5);
#1097=VECTOR('',#3941,12.5);
#1098=VECTOR('',#3942,12.5);
#1099=VECTOR('',#3945,12.5);
#1100=VECTOR('',#3948,12.5);
#1101=VECTOR('',#3953,3.12499999999999);
#1102=VECTOR('',#3958,12.5);
#1103=VECTOR('',#3961,12.5);
#1104=VECTOR('',#3962,12.5);
#1105=VECTOR('',#3969,6.25);
#1106=VECTOR('',#3974,3.125);
#1107=VECTOR('',#3981,3.125);
#1108=VECTOR('',#3986,3.125);
#1109=VECTOR('',#3991,12.5);
#1110=VECTOR('',#3992,12.5);
#1111=VECTOR('',#3993,12.5);
#1112=VECTOR('',#3994,12.5);
#1113=VECTOR('',#3997,12.5);
#1114=VECTOR('',#3998,12.5);
#1115=VECTOR('',#3999,12.5);
#1116=VECTOR('',#4000,12.5);
#1117=VECTOR('',#4003,12.5);
#1118=VECTOR('',#4004,12.5);
#1119=VECTOR('',#4007,12.5);
#1120=VECTOR('',#4010,12.5);
#1121=VECTOR('',#4011,12.5);
#1122=VECTOR('',#4012,12.5);
#1123=VECTOR('',#4013,12.5);
#1124=VECTOR('',#4016,12.5);
#1125=VECTOR('',#4017,12.5);
#1126=VECTOR('',#4018,12.5);
#1127=VECTOR('',#4019,12.5);
#1128=VECTOR('',#4022,12.5);
#1129=VECTOR('',#4023,12.5);
#1130=VECTOR('',#4026,12.5);
#1131=VECTOR('',#4029,12.5);
#1132=VECTOR('',#4030,12.5);
#1133=VECTOR('',#4031,12.5);
#1134=VECTOR('',#4034,12.5);
#1135=VECTOR('',#4035,12.5);
#1136=VECTOR('',#4036,12.5);
#1137=VECTOR('',#4039,12.5);
#1138=VECTOR('',#4042,12.5);
#1139=VECTOR('',#4047,12.5);
#1140=VECTOR('',#4048,12.5);
#1141=VECTOR('',#4051,12.5);
#1142=VECTOR('',#4054,12.5);
#1143=VECTOR('',#4059,12.5);
#1144=VECTOR('',#4062,12.5);
#1145=VECTOR('',#4065,12.5);
#1146=VECTOR('',#4068,6.25);
#1147=VECTOR('',#4071,6.25);
#1148=VECTOR('',#4076,3.125);
#1149=VECTOR('',#4081,3.125);
#1150=VECTOR('',#4088,3.125);
#1151=VECTOR('',#4093,3.125);
#1152=VECTOR('',#4098,12.5);
#1153=VECTOR('',#4099,12.5);
#1154=VECTOR('',#4100,12.5);
#1155=VECTOR('',#4101,12.5);
#1156=VECTOR('',#4104,12.5);
#1157=VECTOR('',#4105,12.5);
#1158=VECTOR('',#4106,12.5);
#1159=VECTOR('',#4107,12.5);
#1160=VECTOR('',#4110,12.5);
#1161=VECTOR('',#4111,12.5);
#1162=VECTOR('',#4114,12.5);
#1163=VECTOR('',#4117,12.5);
#1164=VECTOR('',#4118,12.5);
#1165=VECTOR('',#4119,12.5);
#1166=VECTOR('',#4120,12.5);
#1167=VECTOR('',#4123,12.5);
#1168=VECTOR('',#4124,12.5);
#1169=VECTOR('',#4125,12.5);
#1170=VECTOR('',#4126,12.5);
#1171=VECTOR('',#4129,12.5);
#1172=VECTOR('',#4130,12.5);
#1173=VECTOR('',#4133,12.5);
#1174=VECTOR('',#4136,12.5);
#1175=VECTOR('',#4137,12.5);
#1176=VECTOR('',#4138,12.5);
#1177=VECTOR('',#4141,12.5);
#1178=VECTOR('',#4142,12.5);
#1179=VECTOR('',#4143,12.5);
#1180=VECTOR('',#4146,12.5);
#1181=VECTOR('',#4149,12.5);
#1182=VECTOR('',#4152,12.5);
#1183=VECTOR('',#4153,12.5);
#1184=VECTOR('',#4156,12.5);
#1185=VECTOR('',#4159,12.5);
#1186=VECTOR('',#4162,12.5);
#1187=VECTOR('',#4167,12.5);
#1188=VECTOR('',#4170,12.5);
#1189=VECTOR('',#4177,12.5);
#1190=VECTOR('',#4178,12.5);
#1191=VECTOR('',#4181,12.5);
#1192=VECTOR('',#4182,12.5);
#1193=VECTOR('',#4183,12.5);
#1194=VECTOR('',#4186,12.5);
#1195=VECTOR('',#4191,12.5);
#1196=VECTOR('',#4194,12.5);
#1197=VECTOR('',#4197,12.5);
#1198=VECTOR('',#4202,12.5);
#1199=VECTOR('',#4203,12.5);
#1200=VECTOR('',#4206,12.5);
#1201=VECTOR('',#4207,12.5);
#1202=VECTOR('',#4210,12.5);
#1203=VECTOR('',#4213,12.5);
#1204=VECTOR('',#4216,12.5);
#1205=VECTOR('',#4219,12.5);
#1206=VECTOR('',#4222,12.5);
#1207=VECTOR('',#4225,12.5);
#1208=VECTOR('',#4226,12.5);
#1209=VECTOR('',#4229,3.125);
#1210=VECTOR('',#4230,12.5);
#1211=VECTOR('',#4231,12.5);
#1212=VECTOR('',#4236,12.5);
#1213=VECTOR('',#4241,12.5);
#1214=VECTOR('',#4246,12.5);
#1215=VECTOR('',#4253,12.5);
#1216=VECTOR('',#4258,12.5);
#1217=VECTOR('',#4265,12.5);
#1218=VECTOR('',#4266,12.5);
#1219=VECTOR('',#4267,12.5);
#1220=VECTOR('',#4270,12.5);
#1221=VECTOR('',#4273,12.5);
#1222=VECTOR('',#4274,12.5);
#1223=VECTOR('',#4275,12.5);
#1224=VECTOR('',#4276,12.5);
#1225=VECTOR('',#4277,12.5);
#1226=VECTOR('',#4278,12.5);
#1227=VECTOR('',#4279,12.5);
#1228=VECTOR('',#4280,12.5);
#1229=VECTOR('',#4281,12.5);
#1230=VECTOR('',#4284,12.5);
#1231=VECTOR('',#4285,12.5);
#1232=VECTOR('',#4286,12.5);
#1233=VECTOR('',#4289,12.5);
#1234=VECTOR('',#4290,12.5);
#1235=VECTOR('',#4291,12.5);
#1236=VECTOR('',#4294,12.5);
#1237=VECTOR('',#4295,12.5);
#1238=VECTOR('',#4296,12.5);
#1239=VECTOR('',#4299,12.5);
#1240=VECTOR('',#4300,12.5);
#1241=VECTOR('',#4303,12.5);
#1242=VECTOR('',#4310,12.5);
#1243=VECTOR('',#4311,12.5);
#1244=VECTOR('',#4314,12.5);
#1245=VECTOR('',#4315,12.5);
#1246=VECTOR('',#4320,12.5);
#1247=VECTOR('',#4323,12.5);
#1248=VECTOR('',#4324,12.5);
#1249=VECTOR('',#4325,12.5);
#1250=VECTOR('',#4328,12.5);
#1251=VECTOR('',#4329,12.5);
#1252=VECTOR('',#4332,12.5);
#1253=VECTOR('',#4333,12.5);
#1254=VECTOR('',#4334,12.5);
#1255=VECTOR('',#4337,12.5);
#1256=VECTOR('',#4338,12.5);
#1257=VECTOR('',#4341,12.5);
#1258=VECTOR('',#4342,12.5);
#1259=VECTOR('',#4345,12.5);
#1260=VECTOR('',#4346,12.5);
#1261=VECTOR('',#4353,12.5);
#1262=VECTOR('',#4354,12.5);
#1263=VECTOR('',#4355,12.5);
#1264=VECTOR('',#4358,12.5);
#1265=VECTOR('',#4359,12.5);
#1266=VECTOR('',#4362,12.5);
#1267=VECTOR('',#4363,12.5);
#1268=VECTOR('',#4364,12.5);
#1269=VECTOR('',#4367,12.5);
#1270=VECTOR('',#4368,12.5);
#1271=VECTOR('',#4371,12.5);
#1272=VECTOR('',#4372,12.5);
#1273=VECTOR('',#4375,12.5);
#1274=VECTOR('',#4380,12.5);
#1275=VECTOR('',#4383,12.5);
#1276=VECTOR('',#4384,12.5);
#1277=VECTOR('',#4387,12.5);
#1278=VECTOR('',#4388,12.5);
#1279=VECTOR('',#4391,12.5);
#1280=VECTOR('',#4396,3.125);
#1281=VECTOR('',#4403,3.125);
#1282=VECTOR('',#4408,12.5);
#1283=VECTOR('',#4409,12.5);
#1284=VECTOR('',#4410,12.5);
#1285=VECTOR('',#4411,12.5);
#1286=VECTOR('',#4414,12.5);
#1287=VECTOR('',#4415,12.5);
#1288=VECTOR('',#4416,12.5);
#1289=VECTOR('',#4417,12.5);
#1290=VECTOR('',#4420,12.5);
#1291=VECTOR('',#4421,12.5);
#1292=VECTOR('',#4422,12.5);
#1293=VECTOR('',#4425,12.5);
#1294=VECTOR('',#4426,12.5);
#1295=VECTOR('',#4429,12.5);
#1296=VECTOR('',#4430,12.5);
#1297=VECTOR('',#4431,12.5);
#1298=VECTOR('',#4434,12.5);
#1299=VECTOR('',#4435,12.5);
#1300=VECTOR('',#4436,12.5);
#1301=VECTOR('',#4437,12.5);
#1302=VECTOR('',#4440,12.5);
#1303=VECTOR('',#4441,12.5);
#1304=VECTOR('',#4442,12.5);
#1305=VECTOR('',#4443,12.5);
#1306=VECTOR('',#4446,12.5);
#1307=VECTOR('',#4447,12.5);
#1308=VECTOR('',#4450,12.5);
#1309=VECTOR('',#4453,12.5);
#1310=VECTOR('',#4456,12.5);
#1311=VECTOR('',#4457,12.5);
#1312=VECTOR('',#4462,12.5);
#1313=VECTOR('',#4463,12.5);
#1314=VECTOR('',#4464,12.5);
#1315=VECTOR('',#4467,12.5);
#1316=VECTOR('',#4470,12.5);
#1317=VECTOR('',#4471,12.5);
#1318=VECTOR('',#4474,12.5);
#1319=VECTOR('',#4475,12.5);
#1320=VECTOR('',#4480,12.5);
#1321=VECTOR('',#4485,12.5);
#1322=VECTOR('',#4492,12.5);
#1323=VECTOR('',#4495,12.5);
#1324=VECTOR('',#4500,12.5);
#1325=VECTOR('',#4503,12.5);
#1326=VECTOR('',#4516,3.125);
#1327=VECTOR('',#4523,3.125);
#1328=VECTOR('',#4528,12.5);
#1329=VECTOR('',#4529,12.5);
#1330=VECTOR('',#4530,12.5);
#1331=VECTOR('',#4531,12.5);
#1332=VECTOR('',#4534,12.5);
#1333=VECTOR('',#4535,12.5);
#1334=VECTOR('',#4536,12.5);
#1335=VECTOR('',#4537,12.5);
#1336=VECTOR('',#4540,12.5);
#1337=VECTOR('',#4541,12.5);
#1338=VECTOR('',#4542,12.5);
#1339=VECTOR('',#4543,12.5);
#1340=VECTOR('',#4546,12.5);
#1341=VECTOR('',#4547,12.5);
#1342=VECTOR('',#4550,12.5);
#1343=VECTOR('',#4551,12.5);
#1344=VECTOR('',#4552,12.5);
#1345=VECTOR('',#4553,12.5);
#1346=VECTOR('',#4556,12.5);
#1347=VECTOR('',#4557,12.5);
#1348=VECTOR('',#4558,12.5);
#1349=VECTOR('',#4559,12.5);
#1350=VECTOR('',#4562,12.5);
#1351=VECTOR('',#4563,12.5);
#1352=VECTOR('',#4564,12.5);
#1353=VECTOR('',#4565,12.5);
#1354=VECTOR('',#4568,12.5);
#1355=VECTOR('',#4569,12.5);
#1356=VECTOR('',#4572,12.5);
#1357=VECTOR('',#4575,12.5);
#1358=VECTOR('',#4578,12.5);
#1359=VECTOR('',#4579,12.5);
#1360=VECTOR('',#4584,12.5);
#1361=VECTOR('',#4585,12.5);
#1362=VECTOR('',#4586,12.5);
#1363=VECTOR('',#4587,12.5);
#1364=VECTOR('',#4590,12.5);
#1365=VECTOR('',#4591,12.5);
#1366=VECTOR('',#4594,12.5);
#1367=VECTOR('',#4595,12.5);
#1368=VECTOR('',#4596,12.5);
#1369=VECTOR('',#4599,12.5);
#1370=VECTOR('',#4600,12.5);
#1371=VECTOR('',#4601,12.5);
#1372=VECTOR('',#4604,12.5);
#1373=VECTOR('',#4607,12.5);
#1374=VECTOR('',#4614,12.5);
#1375=VECTOR('',#4625,12.5);
#1376=VECTOR('',#4630,12.5);
#1377=VECTOR('',#4633,12.5);
#1378=VERTEX_POINT('',#4643);
#1379=VERTEX_POINT('',#4644);
#1380=VERTEX_POINT('',#4646);
#1381=VERTEX_POINT('',#4648);
#1382=VERTEX_POINT('',#4652);
#1383=VERTEX_POINT('',#4654);
#1384=VERTEX_POINT('',#4658);
#1385=VERTEX_POINT('',#4659);
#1386=VERTEX_POINT('',#4661);
#1387=VERTEX_POINT('',#4663);
#1388=VERTEX_POINT('',#4667);
#1389=VERTEX_POINT('',#4669);
#1390=VERTEX_POINT('',#4671);
#1391=VERTEX_POINT('',#4673);
#1392=VERTEX_POINT('',#4677);
#1393=VERTEX_POINT('',#4679);
#1394=VERTEX_POINT('',#4683);
#1395=VERTEX_POINT('',#4684);
#1396=VERTEX_POINT('',#4687);
#1397=VERTEX_POINT('',#4689);
#1398=VERTEX_POINT('',#4693);
#1399=VERTEX_POINT('',#4695);
#1400=VERTEX_POINT('',#4697);
#1401=VERTEX_POINT('',#4699);
#1402=VERTEX_POINT('',#4701);
#1403=VERTEX_POINT('',#4704);
#1404=VERTEX_POINT('',#4706);
#1405=VERTEX_POINT('',#4708);
#1406=VERTEX_POINT('',#4710);
#1407=VERTEX_POINT('',#4712);
#1408=VERTEX_POINT('',#4714);
#1409=VERTEX_POINT('',#4716);
#1410=VERTEX_POINT('',#4719);
#1411=VERTEX_POINT('',#4721);
#1412=VERTEX_POINT('',#4723);
#1413=VERTEX_POINT('',#4726);
#1414=VERTEX_POINT('',#4728);
#1415=VERTEX_POINT('',#4730);
#1416=VERTEX_POINT('',#4732);
#1417=VERTEX_POINT('',#4734);
#1418=VERTEX_POINT('',#4736);
#1419=VERTEX_POINT('',#4738);
#1420=VERTEX_POINT('',#4740);
#1421=VERTEX_POINT('',#4742);
#1422=VERTEX_POINT('',#4744);
#1423=VERTEX_POINT('',#4746);
#1424=VERTEX_POINT('',#4748);
#1425=VERTEX_POINT('',#4750);
#1426=VERTEX_POINT('',#4752);
#1427=VERTEX_POINT('',#4754);
#1428=VERTEX_POINT('',#4757);
#1429=VERTEX_POINT('',#4759);
#1430=VERTEX_POINT('',#4761);
#1431=VERTEX_POINT('',#4764);
#1432=VERTEX_POINT('',#4766);
#1433=VERTEX_POINT('',#4770);
#1434=VERTEX_POINT('',#4774);
#1435=VERTEX_POINT('',#4776);
#1436=VERTEX_POINT('',#4780);
#1437=VERTEX_POINT('',#4782);
#1438=VERTEX_POINT('',#4786);
#1439=VERTEX_POINT('',#4788);
#1440=VERTEX_POINT('',#4790);
#1441=VERTEX_POINT('',#4795);
#1442=VERTEX_POINT('',#4796);
#1443=VERTEX_POINT('',#4798);
#1444=VERTEX_POINT('',#4800);
#1445=VERTEX_POINT('',#4802);
#1446=VERTEX_POINT('',#4805);
#1447=VERTEX_POINT('',#4807);
#1448=VERTEX_POINT('',#4809);
#1449=VERTEX_POINT('',#4812);
#1450=VERTEX_POINT('',#4815);
#1451=VERTEX_POINT('',#4817);
#1452=VERTEX_POINT('',#4823);
#1453=VERTEX_POINT('',#4824);
#1454=VERTEX_POINT('',#4835);
#1455=VERTEX_POINT('',#4846);
#1456=VERTEX_POINT('',#4857);
#1457=VERTEX_POINT('',#4859);
#1458=VERTEX_POINT('',#4909);
#1459=VERTEX_POINT('',#4913);
#1460=VERTEX_POINT('',#4915);
#1461=VERTEX_POINT('',#4918);
#1462=VERTEX_POINT('',#4930);
#1463=VERTEX_POINT('',#4932);
#1464=VERTEX_POINT('',#4943);
#1465=VERTEX_POINT('',#4954);
#1466=VERTEX_POINT('',#4957);
#1467=VERTEX_POINT('',#4978);
#1468=VERTEX_POINT('',#4979);
#1469=VERTEX_POINT('',#5020);
#1470=VERTEX_POINT('',#5024);
#1471=VERTEX_POINT('',#5026);
#1472=VERTEX_POINT('',#5030);
#1473=VERTEX_POINT('',#5034);
#1474=VERTEX_POINT('',#5038);
#1475=VERTEX_POINT('',#5046);
#1476=VERTEX_POINT('',#5048);
#1477=VERTEX_POINT('',#5052);
#1478=VERTEX_POINT('',#5056);
#1479=VERTEX_POINT('',#5058);
#1480=VERTEX_POINT('',#5062);
#1481=VERTEX_POINT('',#5063);
#1482=VERTEX_POINT('',#5065);
#1483=VERTEX_POINT('',#5067);
#1484=VERTEX_POINT('',#5071);
#1485=VERTEX_POINT('',#5072);
#1486=VERTEX_POINT('',#5074);
#1487=VERTEX_POINT('',#5076);
#1488=VERTEX_POINT('',#5085);
#1489=VERTEX_POINT('',#5086);
#1490=VERTEX_POINT('',#5088);
#1491=VERTEX_POINT('',#5090);
#1492=VERTEX_POINT('',#5094);
#1493=VERTEX_POINT('',#5095);
#1494=VERTEX_POINT('',#5097);
#1495=VERTEX_POINT('',#5099);
#1496=VERTEX_POINT('',#5108);
#1497=VERTEX_POINT('',#5110);
#1498=VERTEX_POINT('',#5114);
#1499=VERTEX_POINT('',#5116);
#1500=VERTEX_POINT('',#5123);
#1501=VERTEX_POINT('',#5126);
#1502=VERTEX_POINT('',#5134);
#1503=VERTEX_POINT('',#5146);
#1504=VERTEX_POINT('',#5148);
#1505=VERTEX_POINT('',#5152);
#1506=VERTEX_POINT('',#5156);
#1507=VERTEX_POINT('',#5158);
#1508=VERTEX_POINT('',#5162);
#1509=VERTEX_POINT('',#5166);
#1510=VERTEX_POINT('',#5167);
#1511=VERTEX_POINT('',#5169);
#1512=VERTEX_POINT('',#5171);
#1513=VERTEX_POINT('',#5175);
#1514=VERTEX_POINT('',#5176);
#1515=VERTEX_POINT('',#5178);
#1516=VERTEX_POINT('',#5180);
#1517=VERTEX_POINT('',#5189);
#1518=VERTEX_POINT('',#5190);
#1519=VERTEX_POINT('',#5192);
#1520=VERTEX_POINT('',#5194);
#1521=VERTEX_POINT('',#5198);
#1522=VERTEX_POINT('',#5199);
#1523=VERTEX_POINT('',#5201);
#1524=VERTEX_POINT('',#5203);
#1525=VERTEX_POINT('',#5212);
#1526=VERTEX_POINT('',#5214);
#1527=VERTEX_POINT('',#5218);
#1528=VERTEX_POINT('',#5220);
#1529=VERTEX_POINT('',#5228);
#1530=VERTEX_POINT('',#5238);
#1531=VERTEX_POINT('',#5246);
#1532=VERTEX_POINT('',#5247);
#1533=VERTEX_POINT('',#5258);
#1534=VERTEX_POINT('',#5260);
#1535=VERTEX_POINT('',#5273);
#1536=VERTEX_POINT('',#5275);
#1537=VERTEX_POINT('',#5279);
#1538=VERTEX_POINT('',#5290);
#1539=VERTEX_POINT('',#5303);
#1540=VERTEX_POINT('',#5304);
#1541=VERTEX_POINT('',#5309);
#1542=VERTEX_POINT('',#5345);
#1543=VERTEX_POINT('',#5350);
#1544=VERTEX_POINT('',#5352);
#1545=VERTEX_POINT('',#5354);
#1546=VERTEX_POINT('',#5356);
#1547=VERTEX_POINT('',#5361);
#1548=VERTEX_POINT('',#5372);
#1549=VERTEX_POINT('',#5374);
#1550=VERTEX_POINT('',#5385);
#1551=VERTEX_POINT('',#5390);
#1552=VERTEX_POINT('',#5392);
#1553=VERTEX_POINT('',#5395);
#1554=VERTEX_POINT('',#5396);
#1555=VERTEX_POINT('',#5434);
#1556=VERTEX_POINT('',#5436);
#1557=VERTEX_POINT('',#5449);
#1558=VERTEX_POINT('',#5453);
#1559=VERTEX_POINT('',#5466);
#1560=VERTEX_POINT('',#5473);
#1561=VERTEX_POINT('',#5480);
#1562=VERTEX_POINT('',#5485);
#1563=VERTEX_POINT('',#5492);
#1564=VERTEX_POINT('',#5497);
#1565=VERTEX_POINT('',#5504);
#1566=VERTEX_POINT('',#5505);
#1567=VERTEX_POINT('',#5511);
#1568=VERTEX_POINT('',#5513);
#1569=VERTEX_POINT('',#5554);
#1570=VERTEX_POINT('',#5555);
#1571=VERTEX_POINT('',#5593);
#1572=VERTEX_POINT('',#5594);
#1573=VERTEX_POINT('',#5613);
#1574=VERTEX_POINT('',#5615);
#1575=VERTEX_POINT('',#5636);
#1576=VERTEX_POINT('',#5638);
#1577=VERTEX_POINT('',#5644);
#1578=VERTEX_POINT('',#5646);
#1579=VERTEX_POINT('',#5650);
#1580=VERTEX_POINT('',#5652);
#1581=VERTEX_POINT('',#5655);
#1582=VERTEX_POINT('',#5657);
#1583=VERTEX_POINT('',#5661);
#1584=VERTEX_POINT('',#5663);
#1585=VERTEX_POINT('',#5665);
#1586=VERTEX_POINT('',#5667);
#1587=VERTEX_POINT('',#5669);
#1588=VERTEX_POINT('',#5671);
#1589=VERTEX_POINT('',#5673);
#1590=VERTEX_POINT('',#5675);
#1591=VERTEX_POINT('',#5677);
#1592=VERTEX_POINT('',#5679);
#1593=VERTEX_POINT('',#5682);
#1594=VERTEX_POINT('',#5684);
#1595=VERTEX_POINT('',#5687);
#1596=VERTEX_POINT('',#5688);
#1597=VERTEX_POINT('',#5690);
#1598=VERTEX_POINT('',#5692);
#1599=VERTEX_POINT('',#5694);
#1600=VERTEX_POINT('',#5696);
#1601=VERTEX_POINT('',#5698);
#1602=VERTEX_POINT('',#5700);
#1603=VERTEX_POINT('',#5703);
#1604=VERTEX_POINT('',#5704);
#1605=VERTEX_POINT('',#5706);
#1606=VERTEX_POINT('',#5708);
#1607=VERTEX_POINT('',#5710);
#1608=VERTEX_POINT('',#5712);
#1609=VERTEX_POINT('',#5714);
#1610=VERTEX_POINT('',#5716);
#1611=VERTEX_POINT('',#5719);
#1612=VERTEX_POINT('',#5720);
#1613=VERTEX_POINT('',#5722);
#1614=VERTEX_POINT('',#5724);
#1615=VERTEX_POINT('',#5728);
#1616=VERTEX_POINT('',#5729);
#1617=VERTEX_POINT('',#5734);
#1618=VERTEX_POINT('',#5738);
#1619=VERTEX_POINT('',#5742);
#1620=VERTEX_POINT('',#5743);
#1621=VERTEX_POINT('',#5748);
#1622=VERTEX_POINT('',#5752);
#1623=VERTEX_POINT('',#5754);
#1624=VERTEX_POINT('',#5758);
#1625=VERTEX_POINT('',#5762);
#1626=VERTEX_POINT('',#5766);
#1627=VERTEX_POINT('',#5772);
#1628=VERTEX_POINT('',#5773);
#1629=VERTEX_POINT('',#5778);
#1630=VERTEX_POINT('',#5782);
#1631=VERTEX_POINT('',#5784);
#1632=VERTEX_POINT('',#5788);
#1633=VERTEX_POINT('',#5792);
#1634=VERTEX_POINT('',#5796);
#1635=VERTEX_POINT('',#5802);
#1636=VERTEX_POINT('',#5806);
#1637=VERTEX_POINT('',#5812);
#1638=VERTEX_POINT('',#5814);
#1639=VERTEX_POINT('',#5818);
#1640=VERTEX_POINT('',#5820);
#1641=VERTEX_POINT('',#5824);
#1642=VERTEX_POINT('',#5825);
#1643=VERTEX_POINT('',#5827);
#1644=VERTEX_POINT('',#5829);
#1645=VERTEX_POINT('',#5833);
#1646=VERTEX_POINT('',#5834);
#1647=VERTEX_POINT('',#5836);
#1648=VERTEX_POINT('',#5838);
#1649=VERTEX_POINT('',#5842);
#1650=VERTEX_POINT('',#5844);
#1651=VERTEX_POINT('',#5851);
#1652=VERTEX_POINT('',#5853);
#1653=VERTEX_POINT('',#5857);
#1654=VERTEX_POINT('',#5858);
#1655=VERTEX_POINT('',#5860);
#1656=VERTEX_POINT('',#5862);
#1657=VERTEX_POINT('',#5866);
#1658=VERTEX_POINT('',#5867);
#1659=VERTEX_POINT('',#5869);
#1660=VERTEX_POINT('',#5871);
#1661=VERTEX_POINT('',#5886);
#1662=VERTEX_POINT('',#5888);
#1663=VERTEX_POINT('',#5894);
#1664=VERTEX_POINT('',#5898);
#1665=VERTEX_POINT('',#5902);
#1666=VERTEX_POINT('',#5904);
#1667=VERTEX_POINT('',#5925);
#1668=VERTEX_POINT('',#5927);
#1669=VERTEX_POINT('',#5931);
#1670=VERTEX_POINT('',#5933);
#1671=VERTEX_POINT('',#5937);
#1672=VERTEX_POINT('',#5938);
#1673=VERTEX_POINT('',#5940);
#1674=VERTEX_POINT('',#5942);
#1675=VERTEX_POINT('',#5946);
#1676=VERTEX_POINT('',#5947);
#1677=VERTEX_POINT('',#5949);
#1678=VERTEX_POINT('',#5951);
#1679=VERTEX_POINT('',#5955);
#1680=VERTEX_POINT('',#5956);
#1681=VERTEX_POINT('',#5958);
#1682=VERTEX_POINT('',#5960);
#1683=VERTEX_POINT('',#5967);
#1684=VERTEX_POINT('',#5968);
#1685=VERTEX_POINT('',#5970);
#1686=VERTEX_POINT('',#5972);
#1687=VERTEX_POINT('',#5976);
#1688=VERTEX_POINT('',#5977);
#1689=VERTEX_POINT('',#5979);
#1690=VERTEX_POINT('',#5981);
#1691=VERTEX_POINT('',#5985);
#1692=VERTEX_POINT('',#5986);
#1693=VERTEX_POINT('',#5988);
#1694=VERTEX_POINT('',#5990);
#1695=VERTEX_POINT('',#6005);
#1696=VERTEX_POINT('',#6006);
#1697=VERTEX_POINT('',#6008);
#1698=VERTEX_POINT('',#6010);
#1699=VERTEX_POINT('',#6017);
#1700=VERTEX_POINT('',#6018);
#1701=VERTEX_POINT('',#6023);
#1702=VERTEX_POINT('',#6025);
#1703=VERTEX_POINT('',#6030);
#1704=VERTEX_POINT('',#6032);
#1705=VERTEX_POINT('',#6042);
#1706=VERTEX_POINT('',#6046);
#1707=EDGE_CURVE('',#1378,#1379,#642,.T.);
#1708=EDGE_CURVE('',#1380,#1378,#643,.T.);
#1709=EDGE_CURVE('',#1381,#1380,#644,.T.);
#1710=EDGE_CURVE('',#1379,#1381,#645,.T.);
#1711=EDGE_CURVE('',#1382,#1379,#646,.T.);
#1712=EDGE_CURVE('',#1383,#1382,#647,.T.);
#1713=EDGE_CURVE('',#1378,#1383,#648,.T.);
#1714=EDGE_CURVE('',#1384,#1385,#649,.T.);
#1715=EDGE_CURVE('',#1385,#1386,#650,.T.);
#1716=EDGE_CURVE('',#1387,#1386,#651,.T.);
#1717=EDGE_CURVE('',#1384,#1387,#652,.T.);
#1718=EDGE_CURVE('',#1388,#1380,#653,.T.);
#1719=EDGE_CURVE('',#1389,#1388,#654,.T.);
#1720=EDGE_CURVE('',#1390,#1389,#655,.T.);
#1721=EDGE_CURVE('',#1391,#1390,#656,.T.);
#1722=EDGE_CURVE('',#1381,#1391,#657,.T.);
#1723=EDGE_CURVE('',#1392,#1382,#658,.T.);
#1724=EDGE_CURVE('',#1393,#1392,#659,.T.);
#1725=EDGE_CURVE('',#1383,#1393,#660,.T.);
#1726=EDGE_CURVE('',#1394,#1395,#661,.T.);
#1727=EDGE_CURVE('',#1393,#1394,#662,.T.);
#1728=EDGE_CURVE('',#1396,#1392,#663,.T.);
#1729=EDGE_CURVE('',#1397,#1396,#664,.T.);
#1730=EDGE_CURVE('',#1395,#1397,#665,.T.);
#1731=EDGE_CURVE('',#1394,#1398,#666,.T.);
#1732=EDGE_CURVE('',#1398,#1399,#667,.T.);
#1733=EDGE_CURVE('',#1399,#1400,#668,.T.);
#1734=EDGE_CURVE('',#1401,#1400,#170,.T.);
#1735=EDGE_CURVE('',#1401,#1402,#669,.T.);
#1736=EDGE_CURVE('',#1402,#1385,#670,.T.);
#1737=EDGE_CURVE('',#1384,#1403,#671,.T.);
#1738=EDGE_CURVE('',#1403,#1404,#672,.T.);
#1739=EDGE_CURVE('',#1404,#1405,#171,.T.);
#1740=EDGE_CURVE('',#1405,#1406,#673,.T.);
#1741=EDGE_CURVE('',#1406,#1407,#674,.T.);
#1742=EDGE_CURVE('',#1407,#1408,#675,.T.);
#1743=EDGE_CURVE('',#1408,#1409,#676,.T.);
#1744=EDGE_CURVE('',#1409,#1388,#677,.T.);
#1745=EDGE_CURVE('',#1410,#1410,#172,.T.);
#1746=EDGE_CURVE('',#1411,#1411,#173,.T.);
#1747=EDGE_CURVE('',#1412,#1412,#174,.T.);
#1748=EDGE_CURVE('',#1391,#1413,#678,.T.);
#1749=EDGE_CURVE('',#1413,#1414,#679,.T.);
#1750=EDGE_CURVE('',#1414,#1415,#680,.T.);
#1751=EDGE_CURVE('',#1415,#1416,#681,.T.);
#1752=EDGE_CURVE('',#1416,#1417,#682,.T.);
#1753=EDGE_CURVE('',#1417,#1418,#175,.T.);
#1754=EDGE_CURVE('',#1418,#1419,#176,.T.);
#1755=EDGE_CURVE('',#1419,#1420,#683,.T.);
#1756=EDGE_CURVE('',#1420,#1421,#684,.T.);
#1757=EDGE_CURVE('',#1421,#1422,#685,.T.);
#1758=EDGE_CURVE('',#1422,#1423,#686,.T.);
#1759=EDGE_CURVE('',#1423,#1424,#687,.T.);
#1760=EDGE_CURVE('',#1424,#1425,#177,.T.);
#1761=EDGE_CURVE('',#1425,#1426,#688,.T.);
#1762=EDGE_CURVE('',#1426,#1427,#689,.T.);
#1763=EDGE_CURVE('',#1427,#1396,#690,.T.);
#1764=EDGE_CURVE('',#1428,#1428,#178,.T.);
#1765=EDGE_CURVE('',#1429,#1429,#179,.T.);
#1766=EDGE_CURVE('',#1430,#1430,#180,.T.);
#1767=EDGE_CURVE('',#1431,#1389,#691,.T.);
#1768=EDGE_CURVE('',#1432,#1431,#692,.T.);
#1769=EDGE_CURVE('',#1432,#1390,#693,.T.);
#1770=EDGE_CURVE('',#1433,#1409,#694,.T.);
#1771=EDGE_CURVE('',#1431,#1433,#695,.T.);
#1772=EDGE_CURVE('',#1434,#1427,#696,.T.);
#1773=EDGE_CURVE('',#1435,#1434,#697,.T.);
#1774=EDGE_CURVE('',#1435,#1397,#698,.T.);
#1775=EDGE_CURVE('',#1436,#1421,#699,.T.);
#1776=EDGE_CURVE('',#1437,#1436,#700,.T.);
#1777=EDGE_CURVE('',#1437,#1422,#701,.T.);
#1778=EDGE_CURVE('',#1416,#1438,#702,.T.);
#1779=EDGE_CURVE('',#1439,#1438,#703,.T.);
#1780=EDGE_CURVE('',#1440,#1439,#704,.T.);
#1781=EDGE_CURVE('',#1420,#1440,#705,.T.);
#1782=EDGE_CURVE('',#1417,#1419,#119,.T.);
#1783=EDGE_CURVE('',#1441,#1442,#706,.T.);
#1784=EDGE_CURVE('',#1442,#1443,#707,.T.);
#1785=EDGE_CURVE('',#1443,#1444,#181,.T.);
#1786=EDGE_CURVE('',#1444,#1445,#708,.T.);
#1787=EDGE_CURVE('',#1445,#1439,#182,.T.);
#1788=EDGE_CURVE('',#1438,#1446,#709,.T.);
#1789=EDGE_CURVE('',#1446,#1447,#710,.T.);
#1790=EDGE_CURVE('',#1447,#1448,#183,.T.);
#1791=EDGE_CURVE('',#1448,#1441,#711,.T.);
#1792=EDGE_CURVE('',#1449,#1449,#184,.T.);
#1793=EDGE_CURVE('',#1450,#1395,#712,.T.);
#1794=EDGE_CURVE('',#1451,#1450,#713,.T.);
#1795=EDGE_CURVE('',#1451,#1398,#714,.T.);
#1796=EDGE_CURVE('',#1450,#1435,#715,.T.);
#1797=EDGE_CURVE('',#1452,#1453,#27,.T.);
#1798=EDGE_CURVE('',#1454,#1452,#28,.T.);
#1799=EDGE_CURVE('',#1455,#1454,#29,.T.);
#1800=EDGE_CURVE('',#1455,#1456,#716,.T.);
#1801=EDGE_CURVE('',#1457,#1456,#30,.T.);
#1802=EDGE_CURVE('',#1456,#1457,#31,.T.);
#1803=EDGE_CURVE('',#1453,#1455,#32,.T.);
#1804=EDGE_CURVE('',#1429,#1410,#717,.T.);
#1805=EDGE_CURVE('',#1458,#1432,#718,.T.);
#1806=EDGE_CURVE('',#1458,#1413,#719,.T.);
#1807=EDGE_CURVE('',#1459,#1459,#185,.T.);
#1808=EDGE_CURVE('',#1460,#1460,#186,.T.);
#1809=EDGE_CURVE('',#1461,#1461,#187,.T.);
#1810=EDGE_CURVE('',#1461,#1453,#720,.T.);
#1811=EDGE_CURVE('',#1454,#1460,#721,.T.);
#1812=EDGE_CURVE('',#1427,#1413,#722,.T.);
#1813=EDGE_CURVE('',#1434,#1458,#723,.T.);
#1814=EDGE_CURVE('',#1409,#1398,#724,.T.);
#1815=EDGE_CURVE('',#1433,#1451,#725,.T.);
#1816=EDGE_CURVE('',#1459,#1462,#726,.T.);
#1817=EDGE_CURVE('',#1462,#1463,#33,.T.);
#1818=EDGE_CURVE('',#1463,#1464,#34,.T.);
#1819=EDGE_CURVE('',#1464,#1465,#727,.T.);
#1820=EDGE_CURVE('',#1465,#1465,#188,.T.);
#1821=EDGE_CURVE('',#1464,#1466,#35,.T.);
#1822=EDGE_CURVE('',#1466,#1462,#36,.T.);
#1823=EDGE_CURVE('',#1467,#1468,#37,.T.);
#1824=EDGE_CURVE('',#1468,#1467,#38,.T.);
#1825=EDGE_CURVE('',#1442,#1406,#728,.T.);
#1826=EDGE_CURVE('',#1404,#1405,#120,.T.);
#1827=EDGE_CURVE('',#1469,#1403,#729,.T.);
#1828=EDGE_CURVE('',#1469,#1443,#730,.T.);
#1829=EDGE_CURVE('',#1470,#1447,#731,.T.);
#1830=EDGE_CURVE('',#1471,#1470,#189,.T.);
#1831=EDGE_CURVE('',#1448,#1471,#732,.T.);
#1832=EDGE_CURVE('',#1472,#1472,#190,.T.);
#1833=EDGE_CURVE('',#1472,#1449,#733,.T.);
#1834=EDGE_CURVE('',#1473,#1469,#191,.T.);
#1835=EDGE_CURVE('',#1473,#1444,#734,.T.);
#1836=EDGE_CURVE('',#1474,#1473,#735,.T.);
#1837=EDGE_CURVE('',#1474,#1445,#736,.T.);
#1838=EDGE_CURVE('',#1440,#1474,#192,.T.);
#1839=EDGE_CURVE('',#1418,#1405,#737,.T.);
#1840=EDGE_CURVE('',#1475,#1475,#193,.T.);
#1841=EDGE_CURVE('',#1475,#1476,#738,.T.);
#1842=EDGE_CURVE('',#1476,#1476,#194,.T.);
#1843=EDGE_CURVE('',#1477,#1477,#195,.T.);
#1844=EDGE_CURVE('',#1477,#1463,#739,.T.);
#1845=EDGE_CURVE('',#1478,#1478,#196,.T.);
#1846=EDGE_CURVE('',#1478,#1479,#740,.T.);
#1847=EDGE_CURVE('',#1479,#1479,#197,.T.);
#1848=EDGE_CURVE('',#1480,#1481,#741,.T.);
#1849=EDGE_CURVE('',#1480,#1482,#742,.T.);
#1850=EDGE_CURVE('',#1483,#1482,#743,.T.);
#1851=EDGE_CURVE('',#1481,#1483,#744,.T.);
#1852=EDGE_CURVE('',#1484,#1485,#745,.T.);
#1853=EDGE_CURVE('',#1486,#1484,#746,.T.);
#1854=EDGE_CURVE('',#1487,#1486,#747,.T.);
#1855=EDGE_CURVE('',#1485,#1487,#748,.T.);
#1856=EDGE_CURVE('',#1481,#1484,#749,.T.);
#1857=EDGE_CURVE('',#1480,#1485,#750,.T.);
#1858=EDGE_CURVE('',#1483,#1486,#751,.T.);
#1859=EDGE_CURVE('',#1488,#1489,#752,.T.);
#1860=EDGE_CURVE('',#1488,#1490,#753,.T.);
#1861=EDGE_CURVE('',#1491,#1490,#754,.T.);
#1862=EDGE_CURVE('',#1489,#1491,#755,.T.);
#1863=EDGE_CURVE('',#1492,#1493,#756,.T.);
#1864=EDGE_CURVE('',#1494,#1492,#757,.T.);
#1865=EDGE_CURVE('',#1495,#1494,#758,.T.);
#1866=EDGE_CURVE('',#1493,#1495,#759,.T.);
#1867=EDGE_CURVE('',#1492,#1489,#760,.T.);
#1868=EDGE_CURVE('',#1488,#1493,#761,.T.);
#1869=EDGE_CURVE('',#1487,#1482,#762,.T.);
#1870=EDGE_CURVE('',#1399,#1496,#763,.T.);
#1871=EDGE_CURVE('',#1497,#1496,#764,.T.);
#1872=EDGE_CURVE('',#1400,#1497,#765,.T.);
#1873=EDGE_CURVE('',#1408,#1498,#766,.T.);
#1874=EDGE_CURVE('',#1407,#1499,#767,.T.);
#1875=EDGE_CURVE('',#1498,#1499,#768,.T.);
#1876=EDGE_CURVE('',#1491,#1494,#769,.T.);
#1877=EDGE_CURVE('',#1495,#1490,#770,.T.);
#1878=EDGE_CURVE('',#1500,#1500,#198,.T.);
#1879=EDGE_CURVE('',#1402,#1501,#771,.T.);
#1880=EDGE_CURVE('',#1386,#1501,#772,.T.);
#1881=EDGE_CURVE('',#1499,#1441,#773,.T.);
#1882=EDGE_CURVE('',#1496,#1498,#774,.T.);
#1883=EDGE_CURVE('',#1502,#1497,#199,.T.);
#1884=EDGE_CURVE('',#1401,#1502,#775,.T.);
#1885=EDGE_CURVE('',#1501,#1502,#776,.T.);
#1886=EDGE_CURVE('',#1471,#1387,#777,.T.);
#1887=EDGE_CURVE('',#1428,#1411,#778,.T.);
#1888=EDGE_CURVE('',#1430,#1412,#779,.T.);
#1889=EDGE_CURVE('',#1503,#1503,#200,.T.);
#1890=EDGE_CURVE('',#1503,#1504,#780,.T.);
#1891=EDGE_CURVE('',#1504,#1504,#201,.T.);
#1892=EDGE_CURVE('',#1500,#1505,#781,.T.);
#1893=EDGE_CURVE('',#1505,#1505,#202,.T.);
#1894=EDGE_CURVE('',#1506,#1506,#203,.T.);
#1895=EDGE_CURVE('',#1506,#1507,#782,.T.);
#1896=EDGE_CURVE('',#1507,#1507,#204,.T.);
#1897=EDGE_CURVE('',#1468,#1508,#783,.T.);
#1898=EDGE_CURVE('',#1508,#1508,#205,.T.);
#1899=EDGE_CURVE('',#1509,#1510,#784,.T.);
#1900=EDGE_CURVE('',#1509,#1511,#785,.T.);
#1901=EDGE_CURVE('',#1512,#1511,#786,.T.);
#1902=EDGE_CURVE('',#1510,#1512,#787,.T.);
#1903=EDGE_CURVE('',#1513,#1514,#788,.T.);
#1904=EDGE_CURVE('',#1515,#1513,#789,.T.);
#1905=EDGE_CURVE('',#1516,#1515,#790,.T.);
#1906=EDGE_CURVE('',#1514,#1516,#791,.T.);
#1907=EDGE_CURVE('',#1510,#1513,#792,.T.);
#1908=EDGE_CURVE('',#1509,#1514,#793,.T.);
#1909=EDGE_CURVE('',#1512,#1515,#794,.T.);
#1910=EDGE_CURVE('',#1517,#1518,#795,.T.);
#1911=EDGE_CURVE('',#1517,#1519,#796,.T.);
#1912=EDGE_CURVE('',#1520,#1519,#797,.T.);
#1913=EDGE_CURVE('',#1518,#1520,#798,.T.);
#1914=EDGE_CURVE('',#1521,#1522,#799,.T.);
#1915=EDGE_CURVE('',#1523,#1521,#800,.T.);
#1916=EDGE_CURVE('',#1524,#1523,#801,.T.);
#1917=EDGE_CURVE('',#1522,#1524,#802,.T.);
#1918=EDGE_CURVE('',#1521,#1518,#803,.T.);
#1919=EDGE_CURVE('',#1517,#1522,#804,.T.);
#1920=EDGE_CURVE('',#1516,#1511,#805,.T.);
#1921=EDGE_CURVE('',#1525,#1426,#806,.T.);
#1922=EDGE_CURVE('',#1526,#1425,#807,.T.);
#1923=EDGE_CURVE('',#1525,#1526,#808,.T.);
#1924=EDGE_CURVE('',#1527,#1414,#809,.T.);
#1925=EDGE_CURVE('',#1528,#1527,#810,.T.);
#1926=EDGE_CURVE('',#1528,#1415,#811,.T.);
#1927=EDGE_CURVE('',#1520,#1523,#812,.T.);
#1928=EDGE_CURVE('',#1524,#1519,#813,.T.);
#1929=EDGE_CURVE('',#1529,#1437,#814,.T.);
#1930=EDGE_CURVE('',#1529,#1423,#815,.T.);
#1931=EDGE_CURVE('',#1436,#1470,#816,.T.);
#1932=EDGE_CURVE('',#1446,#1528,#817,.T.);
#1933=EDGE_CURVE('',#1527,#1525,#818,.T.);
#1934=EDGE_CURVE('',#1530,#1526,#206,.T.);
#1935=EDGE_CURVE('',#1530,#1424,#819,.T.);
#1936=EDGE_CURVE('',#1530,#1529,#820,.T.);
#1937=EDGE_CURVE('',#1531,#1532,#39,.T.);
#1938=EDGE_CURVE('',#1533,#1532,#821,.T.);
#1939=EDGE_CURVE('',#1534,#1533,#40,.T.);
#1940=EDGE_CURVE('',#1534,#1531,#822,.T.);
#1941=EDGE_CURVE('',#1532,#1535,#823,.T.);
#1942=EDGE_CURVE('',#1536,#1535,#824,.T.);
#1943=EDGE_CURVE('',#1533,#1536,#825,.T.);
#1944=EDGE_CURVE('',#1535,#1537,#41,.T.);
#1945=EDGE_CURVE('',#1538,#1537,#826,.T.);
#1946=EDGE_CURVE('',#1536,#1538,#42,.T.);
#1947=EDGE_CURVE('',#1539,#1540,#43,.T.);
#1948=EDGE_CURVE('',#1541,#1539,#44,.T.);
#1949=EDGE_CURVE('',#1542,#1541,#45,.T.);
#1950=EDGE_CURVE('',#1543,#1542,#207,.T.);
#1951=EDGE_CURVE('',#1543,#1544,#827,.T.);
#1952=EDGE_CURVE('',#1544,#1545,#208,.T.);
#1953=EDGE_CURVE('',#1546,#1545,#46,.T.);
#1954=EDGE_CURVE('',#1547,#1546,#47,.T.);
#1955=EDGE_CURVE('',#1548,#1547,#828,.T.);
#1956=EDGE_CURVE('',#1549,#1548,#48,.T.);
#1957=EDGE_CURVE('',#1550,#1549,#49,.T.);
#1958=EDGE_CURVE('',#1551,#1550,#209,.T.);
#1959=EDGE_CURVE('',#1551,#1552,#829,.T.);
#1960=EDGE_CURVE('',#1552,#1540,#210,.T.);
#1961=EDGE_CURVE('',#1553,#1554,#50,.T.);
#1962=EDGE_CURVE('',#1554,#1553,#51,.T.);
#1963=EDGE_CURVE('',#1548,#1555,#830,.T.);
#1964=EDGE_CURVE('',#1556,#1555,#52,.T.);
#1965=EDGE_CURVE('',#1549,#1556,#831,.T.);
#1966=EDGE_CURVE('',#1547,#1557,#832,.T.);
#1967=EDGE_CURVE('',#1555,#1557,#833,.T.);
#1968=EDGE_CURVE('',#1546,#1558,#834,.T.);
#1969=EDGE_CURVE('',#1557,#1558,#53,.T.);
#1970=EDGE_CURVE('',#1559,#1545,#835,.T.);
#1971=EDGE_CURVE('',#1558,#1559,#54,.T.);
#1972=EDGE_CURVE('',#1560,#1556,#55,.T.);
#1973=EDGE_CURVE('',#1550,#1560,#836,.T.);
#1974=EDGE_CURVE('',#1537,#1561,#56,.T.);
#1975=EDGE_CURVE('',#1562,#1561,#837,.T.);
#1976=EDGE_CURVE('',#1538,#1562,#57,.T.);
#1977=EDGE_CURVE('',#1563,#1531,#58,.T.);
#1978=EDGE_CURVE('',#1564,#1534,#59,.T.);
#1979=EDGE_CURVE('',#1563,#1564,#838,.T.);
#1980=EDGE_CURVE('',#1565,#1566,#60,.T.);
#1981=EDGE_CURVE('',#1542,#1566,#839,.T.);
#1982=EDGE_CURVE('',#1567,#1540,#840,.T.);
#1983=EDGE_CURVE('',#1567,#1568,#61,.T.);
#1984=EDGE_CURVE('',#1568,#1565,#62,.T.);
#1985=EDGE_CURVE('',#1569,#1570,#63,.T.);
#1986=EDGE_CURVE('',#1570,#1554,#841,.T.);
#1987=EDGE_CURVE('',#1570,#1569,#64,.T.);
#1988=EDGE_CURVE('',#1571,#1572,#65,.T.);
#1989=EDGE_CURVE('',#1573,#1571,#842,.T.);
#1990=EDGE_CURVE('',#1574,#1573,#66,.T.);
#1991=EDGE_CURVE('',#1572,#1574,#843,.T.);
#1992=EDGE_CURVE('',#1575,#1559,#211,.T.);
#1993=EDGE_CURVE('',#1576,#1575,#844,.T.);
#1994=EDGE_CURVE('',#1560,#1576,#212,.T.);
#1995=EDGE_CURVE('',#1574,#1573,#845,.T.);
#1996=EDGE_CURVE('',#1577,#1562,#213,.T.);
#1997=EDGE_CURVE('',#1578,#1577,#846,.T.);
#1998=EDGE_CURVE('',#1564,#1578,#214,.T.);
#1999=EDGE_CURVE('',#1567,#1579,#215,.T.);
#2000=EDGE_CURVE('',#1580,#1579,#847,.T.);
#2001=EDGE_CURVE('',#1561,#1580,#216,.T.);
#2002=EDGE_CURVE('',#1563,#1581,#217,.T.);
#2003=EDGE_CURVE('',#1582,#1581,#848,.T.);
#2004=EDGE_CURVE('',#1566,#1582,#218,.T.);
#2005=EDGE_CURVE('',#1583,#1544,#219,.T.);
#2006=EDGE_CURVE('',#1584,#1583,#849,.T.);
#2007=EDGE_CURVE('',#1584,#1585,#850,.T.);
#2008=EDGE_CURVE('',#1586,#1585,#851,.T.);
#2009=EDGE_CURVE('',#1587,#1586,#220,.T.);
#2010=EDGE_CURVE('',#1588,#1587,#852,.T.);
#2011=EDGE_CURVE('',#1589,#1588,#221,.T.);
#2012=EDGE_CURVE('',#1590,#1589,#853,.T.);
#2013=EDGE_CURVE('',#1590,#1591,#854,.T.);
#2014=EDGE_CURVE('',#1592,#1591,#855,.T.);
#2015=EDGE_CURVE('',#1581,#1592,#856,.T.);
#2016=EDGE_CURVE('',#1593,#1578,#857,.F.);
#2017=EDGE_CURVE('',#1593,#1594,#858,.T.);
#2018=EDGE_CURVE('',#1575,#1594,#859,.F.);
#2019=EDGE_CURVE('',#1595,#1596,#860,.T.);
#2020=EDGE_CURVE('',#1597,#1596,#861,.F.);
#2021=EDGE_CURVE('',#1597,#1598,#222,.T.);
#2022=EDGE_CURVE('',#1599,#1598,#862,.F.);
#2023=EDGE_CURVE('',#1599,#1600,#863,.T.);
#2024=EDGE_CURVE('',#1601,#1600,#864,.F.);
#2025=EDGE_CURVE('',#1601,#1602,#223,.T.);
#2026=EDGE_CURVE('',#1595,#1602,#865,.F.);
#2027=EDGE_CURVE('',#1603,#1604,#866,.T.);
#2028=EDGE_CURVE('',#1605,#1604,#867,.F.);
#2029=EDGE_CURVE('',#1605,#1606,#224,.T.);
#2030=EDGE_CURVE('',#1607,#1606,#868,.F.);
#2031=EDGE_CURVE('',#1607,#1608,#869,.T.);
#2032=EDGE_CURVE('',#1609,#1608,#870,.F.);
#2033=EDGE_CURVE('',#1609,#1610,#225,.T.);
#2034=EDGE_CURVE('',#1603,#1610,#871,.F.);
#2035=EDGE_CURVE('',#1611,#1612,#872,.T.);
#2036=EDGE_CURVE('',#1613,#1612,#226,.F.);
#2037=EDGE_CURVE('',#1613,#1614,#873,.T.);
#2038=EDGE_CURVE('',#1611,#1614,#227,.F.);
#2039=EDGE_CURVE('',#1615,#1616,#228,.F.);
#2040=EDGE_CURVE('',#1616,#1611,#874,.T.);
#2041=EDGE_CURVE('',#1614,#1615,#875,.T.);
#2042=EDGE_CURVE('',#1617,#1616,#876,.T.);
#2043=EDGE_CURVE('',#1612,#1617,#877,.T.);
#2044=EDGE_CURVE('',#1617,#1618,#229,.F.);
#2045=EDGE_CURVE('',#1618,#1613,#878,.T.);
#2046=EDGE_CURVE('',#1619,#1620,#879,.F.);
#2047=EDGE_CURVE('',#1620,#1603,#880,.T.);
#2048=EDGE_CURVE('',#1610,#1619,#881,.T.);
#2049=EDGE_CURVE('',#1621,#1620,#882,.T.);
#2050=EDGE_CURVE('',#1604,#1621,#883,.T.);
#2051=EDGE_CURVE('',#1608,#1622,#884,.T.);
#2052=EDGE_CURVE('',#1622,#1623,#885,.F.);
#2053=EDGE_CURVE('',#1623,#1609,#886,.T.);
#2054=EDGE_CURVE('',#1624,#1607,#887,.T.);
#2055=EDGE_CURVE('',#1622,#1624,#888,.T.);
#2056=EDGE_CURVE('',#1621,#1625,#889,.F.);
#2057=EDGE_CURVE('',#1625,#1605,#890,.T.);
#2058=EDGE_CURVE('',#1606,#1626,#891,.T.);
#2059=EDGE_CURVE('',#1626,#1624,#892,.F.);
#2060=EDGE_CURVE('',#1626,#1625,#230,.T.);
#2061=EDGE_CURVE('',#1627,#1628,#893,.F.);
#2062=EDGE_CURVE('',#1628,#1595,#894,.T.);
#2063=EDGE_CURVE('',#1602,#1627,#895,.T.);
#2064=EDGE_CURVE('',#1629,#1628,#896,.T.);
#2065=EDGE_CURVE('',#1596,#1629,#897,.T.);
#2066=EDGE_CURVE('',#1600,#1630,#898,.T.);
#2067=EDGE_CURVE('',#1630,#1631,#899,.F.);
#2068=EDGE_CURVE('',#1631,#1601,#900,.T.);
#2069=EDGE_CURVE('',#1632,#1599,#901,.T.);
#2070=EDGE_CURVE('',#1630,#1632,#902,.T.);
#2071=EDGE_CURVE('',#1598,#1633,#903,.T.);
#2072=EDGE_CURVE('',#1633,#1632,#904,.F.);
#2073=EDGE_CURVE('',#1634,#1597,#905,.T.);
#2074=EDGE_CURVE('',#1633,#1634,#231,.T.);
#2075=EDGE_CURVE('',#1629,#1634,#906,.F.);
#2076=EDGE_CURVE('',#1635,#1576,#907,.F.);
#2077=EDGE_CURVE('',#1594,#1635,#908,.T.);
#2078=EDGE_CURVE('',#1577,#1636,#909,.F.);
#2079=EDGE_CURVE('',#1636,#1593,#910,.T.);
#2080=EDGE_CURVE('',#1572,#1571,#911,.T.);
#2081=EDGE_CURVE('',#1637,#1637,#232,.T.);
#2082=EDGE_CURVE('',#1637,#1638,#912,.T.);
#2083=EDGE_CURVE('',#1638,#1638,#233,.T.);
#2084=EDGE_CURVE('',#1639,#1639,#234,.T.);
#2085=EDGE_CURVE('',#1639,#1640,#913,.T.);
#2086=EDGE_CURVE('',#1640,#1640,#235,.T.);
#2087=EDGE_CURVE('',#1641,#1642,#914,.F.);
#2088=EDGE_CURVE('',#1643,#1641,#915,.F.);
#2089=EDGE_CURVE('',#1644,#1643,#916,.T.);
#2090=EDGE_CURVE('',#1642,#1644,#917,.T.);
#2091=EDGE_CURVE('',#1645,#1646,#918,.F.);
#2092=EDGE_CURVE('',#1645,#1647,#919,.F.);
#2093=EDGE_CURVE('',#1648,#1647,#920,.T.);
#2094=EDGE_CURVE('',#1646,#1648,#921,.F.);
#2095=EDGE_CURVE('',#1649,#1590,#922,.T.);
#2096=EDGE_CURVE('',#1650,#1589,#923,.T.);
#2097=EDGE_CURVE('',#1649,#1650,#924,.T.);
#2098=EDGE_CURVE('',#1643,#1648,#925,.F.);
#2099=EDGE_CURVE('',#1644,#1647,#926,.T.);
#2100=EDGE_CURVE('',#1591,#1651,#927,.T.);
#2101=EDGE_CURVE('',#1652,#1651,#928,.T.);
#2102=EDGE_CURVE('',#1592,#1652,#929,.T.);
#2103=EDGE_CURVE('',#1653,#1654,#930,.F.);
#2104=EDGE_CURVE('',#1653,#1655,#931,.F.);
#2105=EDGE_CURVE('',#1656,#1655,#932,.T.);
#2106=EDGE_CURVE('',#1654,#1656,#933,.T.);
#2107=EDGE_CURVE('',#1657,#1658,#934,.F.);
#2108=EDGE_CURVE('',#1659,#1657,#935,.T.);
#2109=EDGE_CURVE('',#1660,#1659,#936,.T.);
#2110=EDGE_CURVE('',#1658,#1660,#937,.T.);
#2111=EDGE_CURVE('',#1660,#1655,#938,.T.);
#2112=EDGE_CURVE('',#1659,#1656,#939,.F.);
#2113=EDGE_CURVE('',#1657,#1654,#940,.F.);
#2114=EDGE_CURVE('',#1653,#1658,#941,.T.);
#2115=EDGE_CURVE('',#1645,#1642,#942,.T.);
#2116=EDGE_CURVE('',#1641,#1646,#943,.F.);
#2117=EDGE_CURVE('',#1661,#1584,#944,.T.);
#2118=EDGE_CURVE('',#1662,#1583,#945,.T.);
#2119=EDGE_CURVE('',#1661,#1662,#946,.T.);
#2120=EDGE_CURVE('',#1651,#1649,#947,.T.);
#2121=EDGE_CURVE('',#1585,#1663,#948,.T.);
#2122=EDGE_CURVE('',#1663,#1661,#949,.T.);
#2123=EDGE_CURVE('',#1664,#1663,#950,.T.);
#2124=EDGE_CURVE('',#1664,#1586,#951,.T.);
#2125=EDGE_CURVE('',#1650,#1665,#236,.T.);
#2126=EDGE_CURVE('',#1665,#1666,#952,.T.);
#2127=EDGE_CURVE('',#1666,#1664,#237,.T.);
#2128=EDGE_CURVE('',#1662,#1543,#238,.T.);
#2129=EDGE_CURVE('',#1582,#1652,#953,.T.);
#2130=EDGE_CURVE('',#1666,#1587,#954,.T.);
#2131=EDGE_CURVE('',#1665,#1588,#955,.T.);
#2132=EDGE_CURVE('',#1615,#1618,#956,.T.);
#2133=EDGE_CURVE('',#1635,#1636,#957,.T.);
#2134=EDGE_CURVE('',#1619,#1623,#239,.T.);
#2135=EDGE_CURVE('',#1627,#1631,#240,.T.);
#2136=EDGE_CURVE('',#1667,#1667,#241,.T.);
#2137=EDGE_CURVE('',#1667,#1668,#958,.T.);
#2138=EDGE_CURVE('',#1668,#1668,#242,.T.);
#2139=EDGE_CURVE('',#1669,#1669,#243,.T.);
#2140=EDGE_CURVE('',#1669,#1670,#959,.T.);
#2141=EDGE_CURVE('',#1670,#1670,#244,.T.);
#2142=EDGE_CURVE('',#1671,#1672,#960,.F.);
#2143=EDGE_CURVE('',#1673,#1671,#961,.F.);
#2144=EDGE_CURVE('',#1674,#1673,#962,.T.);
#2145=EDGE_CURVE('',#1672,#1674,#963,.T.);
#2146=EDGE_CURVE('',#1675,#1676,#964,.F.);
#2147=EDGE_CURVE('',#1675,#1677,#965,.F.);
#2148=EDGE_CURVE('',#1678,#1677,#966,.T.);
#2149=EDGE_CURVE('',#1676,#1678,#967,.F.);
#2150=EDGE_CURVE('',#1679,#1680,#968,.T.);
#2151=EDGE_CURVE('',#1680,#1681,#969,.T.);
#2152=EDGE_CURVE('',#1682,#1681,#970,.T.);
#2153=EDGE_CURVE('',#1679,#1682,#971,.T.);
#2154=EDGE_CURVE('',#1673,#1678,#972,.F.);
#2155=EDGE_CURVE('',#1674,#1677,#973,.T.);
#2156=EDGE_CURVE('',#1683,#1684,#974,.T.);
#2157=EDGE_CURVE('',#1685,#1684,#975,.T.);
#2158=EDGE_CURVE('',#1686,#1685,#976,.T.);
#2159=EDGE_CURVE('',#1686,#1683,#977,.T.);
#2160=EDGE_CURVE('',#1687,#1688,#978,.F.);
#2161=EDGE_CURVE('',#1687,#1689,#979,.F.);
#2162=EDGE_CURVE('',#1690,#1689,#980,.T.);
#2163=EDGE_CURVE('',#1688,#1690,#981,.T.);
#2164=EDGE_CURVE('',#1691,#1692,#982,.F.);
#2165=EDGE_CURVE('',#1693,#1691,#983,.T.);
#2166=EDGE_CURVE('',#1694,#1693,#984,.T.);
#2167=EDGE_CURVE('',#1692,#1694,#985,.T.);
#2168=EDGE_CURVE('',#1694,#1689,#986,.T.);
#2169=EDGE_CURVE('',#1693,#1690,#987,.F.);
#2170=EDGE_CURVE('',#1691,#1688,#988,.F.);
#2171=EDGE_CURVE('',#1687,#1692,#989,.T.);
#2172=EDGE_CURVE('',#1675,#1672,#990,.T.);
#2173=EDGE_CURVE('',#1671,#1676,#991,.F.);
#2174=EDGE_CURVE('',#1695,#1696,#992,.T.);
#2175=EDGE_CURVE('',#1696,#1697,#993,.T.);
#2176=EDGE_CURVE('',#1698,#1697,#994,.T.);
#2177=EDGE_CURVE('',#1695,#1698,#995,.T.);
#2178=EDGE_CURVE('',#1684,#1679,#996,.T.);
#2179=EDGE_CURVE('',#1680,#1683,#997,.T.);
#2180=EDGE_CURVE('',#1699,#1700,#998,.T.);
#2181=EDGE_CURVE('',#1696,#1699,#999,.T.);
#2182=EDGE_CURVE('',#1700,#1695,#1000,.T.);
#2183=EDGE_CURVE('',#1701,#1700,#1001,.T.);
#2184=EDGE_CURVE('',#1701,#1702,#1002,.T.);
#2185=EDGE_CURVE('',#1702,#1699,#1003,.T.);
#2186=EDGE_CURVE('',#1580,#1685,#1004,.T.);
#2187=EDGE_CURVE('',#1682,#1703,#245,.T.);
#2188=EDGE_CURVE('',#1703,#1704,#1005,.T.);
#2189=EDGE_CURVE('',#1704,#1701,#246,.T.);
#2190=EDGE_CURVE('',#1698,#1551,#247,.T.);
#2191=EDGE_CURVE('',#1579,#1686,#1006,.T.);
#2192=EDGE_CURVE('',#1697,#1552,#248,.T.);
#2193=EDGE_CURVE('',#1705,#1702,#249,.T.);
#2194=EDGE_CURVE('',#1704,#1705,#1007,.T.);
#2195=EDGE_CURVE('',#1681,#1706,#250,.T.);
#2196=EDGE_CURVE('',#1703,#1706,#1008,.T.);
#2197=EDGE_CURVE('',#1706,#1705,#1009,.T.);
#2198=ORIENTED_EDGE('',*,*,#1707,.F.);
#2199=ORIENTED_EDGE('',*,*,#1708,.F.);
#2200=ORIENTED_EDGE('',*,*,#1709,.F.);
#2201=ORIENTED_EDGE('',*,*,#1710,.F.);
#2202=ORIENTED_EDGE('',*,*,#1707,.T.);
#2203=ORIENTED_EDGE('',*,*,#1711,.F.);
#2204=ORIENTED_EDGE('',*,*,#1712,.F.);
#2205=ORIENTED_EDGE('',*,*,#1713,.F.);
#2206=ORIENTED_EDGE('',*,*,#1714,.T.);
#2207=ORIENTED_EDGE('',*,*,#1715,.T.);
#2208=ORIENTED_EDGE('',*,*,#1716,.F.);
#2209=ORIENTED_EDGE('',*,*,#1717,.F.);
#2210=ORIENTED_EDGE('',*,*,#1709,.T.);
#2211=ORIENTED_EDGE('',*,*,#1718,.F.);
#2212=ORIENTED_EDGE('',*,*,#1719,.F.);
#2213=ORIENTED_EDGE('',*,*,#1720,.F.);
#2214=ORIENTED_EDGE('',*,*,#1721,.F.);
#2215=ORIENTED_EDGE('',*,*,#1722,.F.);
#2216=ORIENTED_EDGE('',*,*,#1712,.T.);
#2217=ORIENTED_EDGE('',*,*,#1723,.F.);
#2218=ORIENTED_EDGE('',*,*,#1724,.F.);
#2219=ORIENTED_EDGE('',*,*,#1725,.F.);
#2220=ORIENTED_EDGE('',*,*,#1726,.F.);
#2221=ORIENTED_EDGE('',*,*,#1727,.F.);
#2222=ORIENTED_EDGE('',*,*,#1724,.T.);
#2223=ORIENTED_EDGE('',*,*,#1728,.F.);
#2224=ORIENTED_EDGE('',*,*,#1729,.F.);
#2225=ORIENTED_EDGE('',*,*,#1730,.F.);
#2226=ORIENTED_EDGE('',*,*,#1708,.T.);
#2227=ORIENTED_EDGE('',*,*,#1713,.T.);
#2228=ORIENTED_EDGE('',*,*,#1725,.T.);
#2229=ORIENTED_EDGE('',*,*,#1727,.T.);
#2230=ORIENTED_EDGE('',*,*,#1731,.T.);
#2231=ORIENTED_EDGE('',*,*,#1732,.T.);
#2232=ORIENTED_EDGE('',*,*,#1733,.T.);
#2233=ORIENTED_EDGE('',*,*,#1734,.F.);
#2234=ORIENTED_EDGE('',*,*,#1735,.T.);
#2235=ORIENTED_EDGE('',*,*,#1736,.T.);
#2236=ORIENTED_EDGE('',*,*,#1714,.F.);
#2237=ORIENTED_EDGE('',*,*,#1737,.T.);
#2238=ORIENTED_EDGE('',*,*,#1738,.T.);
#2239=ORIENTED_EDGE('',*,*,#1739,.T.);
#2240=ORIENTED_EDGE('',*,*,#1740,.T.);
#2241=ORIENTED_EDGE('',*,*,#1741,.T.);
#2242=ORIENTED_EDGE('',*,*,#1742,.T.);
#2243=ORIENTED_EDGE('',*,*,#1743,.T.);
#2244=ORIENTED_EDGE('',*,*,#1744,.T.);
#2245=ORIENTED_EDGE('',*,*,#1718,.T.);
#2246=ORIENTED_EDGE('',*,*,#1745,.T.);
#2247=ORIENTED_EDGE('',*,*,#1746,.T.);
#2248=ORIENTED_EDGE('',*,*,#1747,.T.);
#2249=ORIENTED_EDGE('',*,*,#1722,.T.);
#2250=ORIENTED_EDGE('',*,*,#1748,.T.);
#2251=ORIENTED_EDGE('',*,*,#1749,.T.);
#2252=ORIENTED_EDGE('',*,*,#1750,.T.);
#2253=ORIENTED_EDGE('',*,*,#1751,.T.);
#2254=ORIENTED_EDGE('',*,*,#1752,.T.);
#2255=ORIENTED_EDGE('',*,*,#1753,.T.);
#2256=ORIENTED_EDGE('',*,*,#1754,.T.);
#2257=ORIENTED_EDGE('',*,*,#1755,.T.);
#2258=ORIENTED_EDGE('',*,*,#1756,.T.);
#2259=ORIENTED_EDGE('',*,*,#1757,.T.);
#2260=ORIENTED_EDGE('',*,*,#1758,.T.);
#2261=ORIENTED_EDGE('',*,*,#1759,.T.);
#2262=ORIENTED_EDGE('',*,*,#1760,.T.);
#2263=ORIENTED_EDGE('',*,*,#1761,.T.);
#2264=ORIENTED_EDGE('',*,*,#1762,.T.);
#2265=ORIENTED_EDGE('',*,*,#1763,.T.);
#2266=ORIENTED_EDGE('',*,*,#1728,.T.);
#2267=ORIENTED_EDGE('',*,*,#1723,.T.);
#2268=ORIENTED_EDGE('',*,*,#1711,.T.);
#2269=ORIENTED_EDGE('',*,*,#1710,.T.);
#2270=ORIENTED_EDGE('',*,*,#1764,.T.);
#2271=ORIENTED_EDGE('',*,*,#1765,.T.);
#2272=ORIENTED_EDGE('',*,*,#1766,.T.);
#2273=ORIENTED_EDGE('',*,*,#1720,.T.);
#2274=ORIENTED_EDGE('',*,*,#1767,.F.);
#2275=ORIENTED_EDGE('',*,*,#1768,.F.);
#2276=ORIENTED_EDGE('',*,*,#1769,.T.);
#2277=ORIENTED_EDGE('',*,*,#1719,.T.);
#2278=ORIENTED_EDGE('',*,*,#1744,.F.);
#2279=ORIENTED_EDGE('',*,*,#1770,.F.);
#2280=ORIENTED_EDGE('',*,*,#1771,.F.);
#2281=ORIENTED_EDGE('',*,*,#1767,.T.);
#2282=ORIENTED_EDGE('',*,*,#1729,.T.);
#2283=ORIENTED_EDGE('',*,*,#1763,.F.);
#2284=ORIENTED_EDGE('',*,*,#1772,.F.);
#2285=ORIENTED_EDGE('',*,*,#1773,.F.);
#2286=ORIENTED_EDGE('',*,*,#1774,.T.);
#2287=ORIENTED_EDGE('',*,*,#1757,.F.);
#2288=ORIENTED_EDGE('',*,*,#1775,.F.);
#2289=ORIENTED_EDGE('',*,*,#1776,.F.);
#2290=ORIENTED_EDGE('',*,*,#1777,.T.);
#2291=ORIENTED_EDGE('',*,*,#1778,.T.);
#2292=ORIENTED_EDGE('',*,*,#1779,.F.);
#2293=ORIENTED_EDGE('',*,*,#1780,.F.);
#2294=ORIENTED_EDGE('',*,*,#1781,.F.);
#2295=ORIENTED_EDGE('',*,*,#1755,.F.);
#2296=ORIENTED_EDGE('',*,*,#1782,.F.);
#2297=ORIENTED_EDGE('',*,*,#1752,.F.);
#2298=ORIENTED_EDGE('',*,*,#1783,.T.);
#2299=ORIENTED_EDGE('',*,*,#1784,.T.);
#2300=ORIENTED_EDGE('',*,*,#1785,.T.);
#2301=ORIENTED_EDGE('',*,*,#1786,.T.);
#2302=ORIENTED_EDGE('',*,*,#1787,.T.);
#2303=ORIENTED_EDGE('',*,*,#1779,.T.);
#2304=ORIENTED_EDGE('',*,*,#1788,.T.);
#2305=ORIENTED_EDGE('',*,*,#1789,.T.);
#2306=ORIENTED_EDGE('',*,*,#1790,.T.);
#2307=ORIENTED_EDGE('',*,*,#1791,.T.);
#2308=ORIENTED_EDGE('',*,*,#1792,.T.);
#2309=ORIENTED_EDGE('',*,*,#1726,.T.);
#2310=ORIENTED_EDGE('',*,*,#1793,.F.);
#2311=ORIENTED_EDGE('',*,*,#1794,.F.);
#2312=ORIENTED_EDGE('',*,*,#1795,.T.);
#2313=ORIENTED_EDGE('',*,*,#1731,.F.);
#2314=ORIENTED_EDGE('',*,*,#1730,.T.);
#2315=ORIENTED_EDGE('',*,*,#1774,.F.);
#2316=ORIENTED_EDGE('',*,*,#1796,.F.);
#2317=ORIENTED_EDGE('',*,*,#1793,.T.);
#2318=ORIENTED_EDGE('',*,*,#1797,.F.);
#2319=ORIENTED_EDGE('',*,*,#1798,.F.);
#2320=ORIENTED_EDGE('',*,*,#1799,.F.);
#2321=ORIENTED_EDGE('',*,*,#1800,.T.);
#2322=ORIENTED_EDGE('',*,*,#1801,.F.);
#2323=ORIENTED_EDGE('',*,*,#1802,.F.);
#2324=ORIENTED_EDGE('',*,*,#1800,.F.);
#2325=ORIENTED_EDGE('',*,*,#1803,.F.);
#2326=ORIENTED_EDGE('',*,*,#1765,.F.);
#2327=ORIENTED_EDGE('',*,*,#1804,.T.);
#2328=ORIENTED_EDGE('',*,*,#1745,.F.);
#2329=ORIENTED_EDGE('',*,*,#1804,.F.);
#2330=ORIENTED_EDGE('',*,*,#1721,.T.);
#2331=ORIENTED_EDGE('',*,*,#1769,.F.);
#2332=ORIENTED_EDGE('',*,*,#1805,.F.);
#2333=ORIENTED_EDGE('',*,*,#1806,.T.);
#2334=ORIENTED_EDGE('',*,*,#1748,.F.);
#2335=ORIENTED_EDGE('',*,*,#1807,.F.);
#2336=ORIENTED_EDGE('',*,*,#1808,.F.);
#2337=ORIENTED_EDGE('',*,*,#1809,.F.);
#2338=ORIENTED_EDGE('',*,*,#1810,.T.);
#2339=ORIENTED_EDGE('',*,*,#1803,.T.);
#2340=ORIENTED_EDGE('',*,*,#1799,.T.);
#2341=ORIENTED_EDGE('',*,*,#1811,.T.);
#2342=ORIENTED_EDGE('',*,*,#1808,.T.);
#2343=ORIENTED_EDGE('',*,*,#1811,.F.);
#2344=ORIENTED_EDGE('',*,*,#1798,.T.);
#2345=ORIENTED_EDGE('',*,*,#1797,.T.);
#2346=ORIENTED_EDGE('',*,*,#1810,.F.);
#2347=ORIENTED_EDGE('',*,*,#1801,.T.);
#2348=ORIENTED_EDGE('',*,*,#1802,.T.);
#2349=ORIENTED_EDGE('',*,*,#1809,.T.);
#2350=ORIENTED_EDGE('',*,*,#1812,.T.);
#2351=ORIENTED_EDGE('',*,*,#1806,.F.);
#2352=ORIENTED_EDGE('',*,*,#1813,.F.);
#2353=ORIENTED_EDGE('',*,*,#1772,.T.);
#2354=ORIENTED_EDGE('',*,*,#1814,.T.);
#2355=ORIENTED_EDGE('',*,*,#1795,.F.);
#2356=ORIENTED_EDGE('',*,*,#1815,.F.);
#2357=ORIENTED_EDGE('',*,*,#1770,.T.);
#2358=ORIENTED_EDGE('',*,*,#1807,.T.);
#2359=ORIENTED_EDGE('',*,*,#1816,.T.);
#2360=ORIENTED_EDGE('',*,*,#1817,.T.);
#2361=ORIENTED_EDGE('',*,*,#1818,.T.);
#2362=ORIENTED_EDGE('',*,*,#1819,.T.);
#2363=ORIENTED_EDGE('',*,*,#1820,.T.);
#2364=ORIENTED_EDGE('',*,*,#1819,.F.);
#2365=ORIENTED_EDGE('',*,*,#1821,.T.);
#2366=ORIENTED_EDGE('',*,*,#1822,.T.);
#2367=ORIENTED_EDGE('',*,*,#1816,.F.);
#2368=ORIENTED_EDGE('',*,*,#1823,.T.);
#2369=ORIENTED_EDGE('',*,*,#1824,.T.);
#2370=ORIENTED_EDGE('',*,*,#1773,.T.);
#2371=ORIENTED_EDGE('',*,*,#1813,.T.);
#2372=ORIENTED_EDGE('',*,*,#1805,.T.);
#2373=ORIENTED_EDGE('',*,*,#1768,.T.);
#2374=ORIENTED_EDGE('',*,*,#1771,.T.);
#2375=ORIENTED_EDGE('',*,*,#1815,.T.);
#2376=ORIENTED_EDGE('',*,*,#1794,.T.);
#2377=ORIENTED_EDGE('',*,*,#1796,.T.);
#2378=ORIENTED_EDGE('',*,*,#1820,.F.);
#2379=ORIENTED_EDGE('',*,*,#1825,.T.);
#2380=ORIENTED_EDGE('',*,*,#1740,.F.);
#2381=ORIENTED_EDGE('',*,*,#1826,.F.);
#2382=ORIENTED_EDGE('',*,*,#1738,.F.);
#2383=ORIENTED_EDGE('',*,*,#1827,.F.);
#2384=ORIENTED_EDGE('',*,*,#1828,.T.);
#2385=ORIENTED_EDGE('',*,*,#1784,.F.);
#2386=ORIENTED_EDGE('',*,*,#1829,.F.);
#2387=ORIENTED_EDGE('',*,*,#1830,.F.);
#2388=ORIENTED_EDGE('',*,*,#1831,.F.);
#2389=ORIENTED_EDGE('',*,*,#1790,.F.);
#2390=ORIENTED_EDGE('',*,*,#1832,.F.);
#2391=ORIENTED_EDGE('',*,*,#1833,.T.);
#2392=ORIENTED_EDGE('',*,*,#1792,.F.);
#2393=ORIENTED_EDGE('',*,*,#1833,.F.);
#2394=ORIENTED_EDGE('',*,*,#1828,.F.);
#2395=ORIENTED_EDGE('',*,*,#1834,.F.);
#2396=ORIENTED_EDGE('',*,*,#1835,.T.);
#2397=ORIENTED_EDGE('',*,*,#1785,.F.);
#2398=ORIENTED_EDGE('',*,*,#1835,.F.);
#2399=ORIENTED_EDGE('',*,*,#1836,.F.);
#2400=ORIENTED_EDGE('',*,*,#1837,.T.);
#2401=ORIENTED_EDGE('',*,*,#1786,.F.);
#2402=ORIENTED_EDGE('',*,*,#1837,.F.);
#2403=ORIENTED_EDGE('',*,*,#1838,.F.);
#2404=ORIENTED_EDGE('',*,*,#1780,.T.);
#2405=ORIENTED_EDGE('',*,*,#1787,.F.);
#2406=ORIENTED_EDGE('',*,*,#1782,.T.);
#2407=ORIENTED_EDGE('',*,*,#1754,.F.);
#2408=ORIENTED_EDGE('',*,*,#1839,.T.);
#2409=ORIENTED_EDGE('',*,*,#1739,.F.);
#2410=ORIENTED_EDGE('',*,*,#1826,.T.);
#2411=ORIENTED_EDGE('',*,*,#1839,.F.);
#2412=ORIENTED_EDGE('',*,*,#1753,.F.);
#2413=ORIENTED_EDGE('',*,*,#1840,.F.);
#2414=ORIENTED_EDGE('',*,*,#1841,.T.);
#2415=ORIENTED_EDGE('',*,*,#1842,.F.);
#2416=ORIENTED_EDGE('',*,*,#1841,.F.);
#2417=ORIENTED_EDGE('',*,*,#1843,.F.);
#2418=ORIENTED_EDGE('',*,*,#1844,.T.);
#2419=ORIENTED_EDGE('',*,*,#1817,.F.);
#2420=ORIENTED_EDGE('',*,*,#1822,.F.);
#2421=ORIENTED_EDGE('',*,*,#1821,.F.);
#2422=ORIENTED_EDGE('',*,*,#1818,.F.);
#2423=ORIENTED_EDGE('',*,*,#1844,.F.);
#2424=ORIENTED_EDGE('',*,*,#1845,.F.);
#2425=ORIENTED_EDGE('',*,*,#1846,.T.);
#2426=ORIENTED_EDGE('',*,*,#1847,.F.);
#2427=ORIENTED_EDGE('',*,*,#1846,.F.);
#2428=ORIENTED_EDGE('',*,*,#1848,.F.);
#2429=ORIENTED_EDGE('',*,*,#1849,.T.);
#2430=ORIENTED_EDGE('',*,*,#1850,.F.);
#2431=ORIENTED_EDGE('',*,*,#1851,.F.);
#2432=ORIENTED_EDGE('',*,*,#1852,.F.);
#2433=ORIENTED_EDGE('',*,*,#1853,.F.);
#2434=ORIENTED_EDGE('',*,*,#1854,.F.);
#2435=ORIENTED_EDGE('',*,*,#1855,.F.);
#2436=ORIENTED_EDGE('',*,*,#1848,.T.);
#2437=ORIENTED_EDGE('',*,*,#1856,.T.);
#2438=ORIENTED_EDGE('',*,*,#1852,.T.);
#2439=ORIENTED_EDGE('',*,*,#1857,.F.);
#2440=ORIENTED_EDGE('',*,*,#1847,.T.);
#2441=ORIENTED_EDGE('',*,*,#1851,.T.);
#2442=ORIENTED_EDGE('',*,*,#1858,.T.);
#2443=ORIENTED_EDGE('',*,*,#1853,.T.);
#2444=ORIENTED_EDGE('',*,*,#1856,.F.);
#2445=ORIENTED_EDGE('',*,*,#1859,.F.);
#2446=ORIENTED_EDGE('',*,*,#1860,.T.);
#2447=ORIENTED_EDGE('',*,*,#1861,.F.);
#2448=ORIENTED_EDGE('',*,*,#1862,.F.);
#2449=ORIENTED_EDGE('',*,*,#1863,.F.);
#2450=ORIENTED_EDGE('',*,*,#1864,.F.);
#2451=ORIENTED_EDGE('',*,*,#1865,.F.);
#2452=ORIENTED_EDGE('',*,*,#1866,.F.);
#2453=ORIENTED_EDGE('',*,*,#1859,.T.);
#2454=ORIENTED_EDGE('',*,*,#1867,.F.);
#2455=ORIENTED_EDGE('',*,*,#1863,.T.);
#2456=ORIENTED_EDGE('',*,*,#1868,.F.);
#2457=ORIENTED_EDGE('',*,*,#1842,.T.);
#2458=ORIENTED_EDGE('',*,*,#1850,.T.);
#2459=ORIENTED_EDGE('',*,*,#1869,.F.);
#2460=ORIENTED_EDGE('',*,*,#1854,.T.);
#2461=ORIENTED_EDGE('',*,*,#1858,.F.);
#2462=ORIENTED_EDGE('',*,*,#1843,.T.);
#2463=ORIENTED_EDGE('',*,*,#1870,.T.);
#2464=ORIENTED_EDGE('',*,*,#1871,.F.);
#2465=ORIENTED_EDGE('',*,*,#1872,.F.);
#2466=ORIENTED_EDGE('',*,*,#1733,.F.);
#2467=ORIENTED_EDGE('',*,*,#1873,.F.);
#2468=ORIENTED_EDGE('',*,*,#1742,.F.);
#2469=ORIENTED_EDGE('',*,*,#1874,.T.);
#2470=ORIENTED_EDGE('',*,*,#1875,.F.);
#2471=ORIENTED_EDGE('',*,*,#1862,.T.);
#2472=ORIENTED_EDGE('',*,*,#1876,.T.);
#2473=ORIENTED_EDGE('',*,*,#1864,.T.);
#2474=ORIENTED_EDGE('',*,*,#1867,.T.);
#2475=ORIENTED_EDGE('',*,*,#1861,.T.);
#2476=ORIENTED_EDGE('',*,*,#1877,.F.);
#2477=ORIENTED_EDGE('',*,*,#1865,.T.);
#2478=ORIENTED_EDGE('',*,*,#1876,.F.);
#2479=ORIENTED_EDGE('',*,*,#1878,.T.);
#2480=ORIENTED_EDGE('',*,*,#1715,.F.);
#2481=ORIENTED_EDGE('',*,*,#1736,.F.);
#2482=ORIENTED_EDGE('',*,*,#1879,.T.);
#2483=ORIENTED_EDGE('',*,*,#1880,.F.);
#2484=ORIENTED_EDGE('',*,*,#1860,.F.);
#2485=ORIENTED_EDGE('',*,*,#1868,.T.);
#2486=ORIENTED_EDGE('',*,*,#1866,.T.);
#2487=ORIENTED_EDGE('',*,*,#1877,.T.);
#2488=ORIENTED_EDGE('',*,*,#1741,.F.);
#2489=ORIENTED_EDGE('',*,*,#1825,.F.);
#2490=ORIENTED_EDGE('',*,*,#1783,.F.);
#2491=ORIENTED_EDGE('',*,*,#1881,.F.);
#2492=ORIENTED_EDGE('',*,*,#1874,.F.);
#2493=ORIENTED_EDGE('',*,*,#1870,.F.);
#2494=ORIENTED_EDGE('',*,*,#1732,.F.);
#2495=ORIENTED_EDGE('',*,*,#1814,.F.);
#2496=ORIENTED_EDGE('',*,*,#1743,.F.);
#2497=ORIENTED_EDGE('',*,*,#1873,.T.);
#2498=ORIENTED_EDGE('',*,*,#1882,.F.);
#2499=ORIENTED_EDGE('',*,*,#1857,.T.);
#2500=ORIENTED_EDGE('',*,*,#1855,.T.);
#2501=ORIENTED_EDGE('',*,*,#1869,.T.);
#2502=ORIENTED_EDGE('',*,*,#1849,.F.);
#2503=ORIENTED_EDGE('',*,*,#1734,.T.);
#2504=ORIENTED_EDGE('',*,*,#1872,.T.);
#2505=ORIENTED_EDGE('',*,*,#1883,.F.);
#2506=ORIENTED_EDGE('',*,*,#1884,.F.);
#2507=ORIENTED_EDGE('',*,*,#1879,.F.);
#2508=ORIENTED_EDGE('',*,*,#1735,.F.);
#2509=ORIENTED_EDGE('',*,*,#1884,.T.);
#2510=ORIENTED_EDGE('',*,*,#1885,.F.);
#2511=ORIENTED_EDGE('',*,*,#1881,.T.);
#2512=ORIENTED_EDGE('',*,*,#1791,.F.);
#2513=ORIENTED_EDGE('',*,*,#1831,.T.);
#2514=ORIENTED_EDGE('',*,*,#1886,.T.);
#2515=ORIENTED_EDGE('',*,*,#1716,.T.);
#2516=ORIENTED_EDGE('',*,*,#1880,.T.);
#2517=ORIENTED_EDGE('',*,*,#1885,.T.);
#2518=ORIENTED_EDGE('',*,*,#1883,.T.);
#2519=ORIENTED_EDGE('',*,*,#1871,.T.);
#2520=ORIENTED_EDGE('',*,*,#1882,.T.);
#2521=ORIENTED_EDGE('',*,*,#1875,.T.);
#2522=ORIENTED_EDGE('',*,*,#1840,.T.);
#2523=ORIENTED_EDGE('',*,*,#1845,.T.);
#2524=ORIENTED_EDGE('',*,*,#1764,.F.);
#2525=ORIENTED_EDGE('',*,*,#1887,.T.);
#2526=ORIENTED_EDGE('',*,*,#1746,.F.);
#2527=ORIENTED_EDGE('',*,*,#1887,.F.);
#2528=ORIENTED_EDGE('',*,*,#1766,.F.);
#2529=ORIENTED_EDGE('',*,*,#1888,.T.);
#2530=ORIENTED_EDGE('',*,*,#1747,.F.);
#2531=ORIENTED_EDGE('',*,*,#1888,.F.);
#2532=ORIENTED_EDGE('',*,*,#1889,.F.);
#2533=ORIENTED_EDGE('',*,*,#1890,.T.);
#2534=ORIENTED_EDGE('',*,*,#1891,.F.);
#2535=ORIENTED_EDGE('',*,*,#1890,.F.);
#2536=ORIENTED_EDGE('',*,*,#1878,.F.);
#2537=ORIENTED_EDGE('',*,*,#1892,.T.);
#2538=ORIENTED_EDGE('',*,*,#1893,.F.);
#2539=ORIENTED_EDGE('',*,*,#1892,.F.);
#2540=ORIENTED_EDGE('',*,*,#1894,.F.);
#2541=ORIENTED_EDGE('',*,*,#1895,.T.);
#2542=ORIENTED_EDGE('',*,*,#1896,.F.);
#2543=ORIENTED_EDGE('',*,*,#1895,.F.);
#2544=ORIENTED_EDGE('',*,*,#1823,.F.);
#2545=ORIENTED_EDGE('',*,*,#1824,.F.);
#2546=ORIENTED_EDGE('',*,*,#1897,.T.);
#2547=ORIENTED_EDGE('',*,*,#1898,.F.);
#2548=ORIENTED_EDGE('',*,*,#1897,.F.);
#2549=ORIENTED_EDGE('',*,*,#1899,.F.);
#2550=ORIENTED_EDGE('',*,*,#1900,.T.);
#2551=ORIENTED_EDGE('',*,*,#1901,.F.);
#2552=ORIENTED_EDGE('',*,*,#1902,.F.);
#2553=ORIENTED_EDGE('',*,*,#1903,.F.);
#2554=ORIENTED_EDGE('',*,*,#1904,.F.);
#2555=ORIENTED_EDGE('',*,*,#1905,.F.);
#2556=ORIENTED_EDGE('',*,*,#1906,.F.);
#2557=ORIENTED_EDGE('',*,*,#1899,.T.);
#2558=ORIENTED_EDGE('',*,*,#1907,.T.);
#2559=ORIENTED_EDGE('',*,*,#1903,.T.);
#2560=ORIENTED_EDGE('',*,*,#1908,.F.);
#2561=ORIENTED_EDGE('',*,*,#1898,.T.);
#2562=ORIENTED_EDGE('',*,*,#1902,.T.);
#2563=ORIENTED_EDGE('',*,*,#1909,.T.);
#2564=ORIENTED_EDGE('',*,*,#1904,.T.);
#2565=ORIENTED_EDGE('',*,*,#1907,.F.);
#2566=ORIENTED_EDGE('',*,*,#1910,.F.);
#2567=ORIENTED_EDGE('',*,*,#1911,.T.);
#2568=ORIENTED_EDGE('',*,*,#1912,.F.);
#2569=ORIENTED_EDGE('',*,*,#1913,.F.);
#2570=ORIENTED_EDGE('',*,*,#1914,.F.);
#2571=ORIENTED_EDGE('',*,*,#1915,.F.);
#2572=ORIENTED_EDGE('',*,*,#1916,.F.);
#2573=ORIENTED_EDGE('',*,*,#1917,.F.);
#2574=ORIENTED_EDGE('',*,*,#1910,.T.);
#2575=ORIENTED_EDGE('',*,*,#1918,.F.);
#2576=ORIENTED_EDGE('',*,*,#1914,.T.);
#2577=ORIENTED_EDGE('',*,*,#1919,.F.);
#2578=ORIENTED_EDGE('',*,*,#1893,.T.);
#2579=ORIENTED_EDGE('',*,*,#1901,.T.);
#2580=ORIENTED_EDGE('',*,*,#1920,.F.);
#2581=ORIENTED_EDGE('',*,*,#1905,.T.);
#2582=ORIENTED_EDGE('',*,*,#1909,.F.);
#2583=ORIENTED_EDGE('',*,*,#1894,.T.);
#2584=ORIENTED_EDGE('',*,*,#1921,.T.);
#2585=ORIENTED_EDGE('',*,*,#1761,.F.);
#2586=ORIENTED_EDGE('',*,*,#1922,.F.);
#2587=ORIENTED_EDGE('',*,*,#1923,.F.);
#2588=ORIENTED_EDGE('',*,*,#1924,.F.);
#2589=ORIENTED_EDGE('',*,*,#1925,.F.);
#2590=ORIENTED_EDGE('',*,*,#1926,.T.);
#2591=ORIENTED_EDGE('',*,*,#1750,.F.);
#2592=ORIENTED_EDGE('',*,*,#1913,.T.);
#2593=ORIENTED_EDGE('',*,*,#1927,.T.);
#2594=ORIENTED_EDGE('',*,*,#1915,.T.);
#2595=ORIENTED_EDGE('',*,*,#1918,.T.);
#2596=ORIENTED_EDGE('',*,*,#1912,.T.);
#2597=ORIENTED_EDGE('',*,*,#1928,.F.);
#2598=ORIENTED_EDGE('',*,*,#1916,.T.);
#2599=ORIENTED_EDGE('',*,*,#1927,.F.);
#2600=ORIENTED_EDGE('',*,*,#1889,.T.);
#2601=ORIENTED_EDGE('',*,*,#1777,.F.);
#2602=ORIENTED_EDGE('',*,*,#1929,.F.);
#2603=ORIENTED_EDGE('',*,*,#1930,.T.);
#2604=ORIENTED_EDGE('',*,*,#1758,.F.);
#2605=ORIENTED_EDGE('',*,*,#1911,.F.);
#2606=ORIENTED_EDGE('',*,*,#1919,.T.);
#2607=ORIENTED_EDGE('',*,*,#1917,.T.);
#2608=ORIENTED_EDGE('',*,*,#1928,.T.);
#2609=ORIENTED_EDGE('',*,*,#1931,.F.);
#2610=ORIENTED_EDGE('',*,*,#1775,.T.);
#2611=ORIENTED_EDGE('',*,*,#1756,.F.);
#2612=ORIENTED_EDGE('',*,*,#1781,.T.);
#2613=ORIENTED_EDGE('',*,*,#1838,.T.);
#2614=ORIENTED_EDGE('',*,*,#1836,.T.);
#2615=ORIENTED_EDGE('',*,*,#1834,.T.);
#2616=ORIENTED_EDGE('',*,*,#1827,.T.);
#2617=ORIENTED_EDGE('',*,*,#1737,.F.);
#2618=ORIENTED_EDGE('',*,*,#1717,.T.);
#2619=ORIENTED_EDGE('',*,*,#1886,.F.);
#2620=ORIENTED_EDGE('',*,*,#1830,.T.);
#2621=ORIENTED_EDGE('',*,*,#1832,.T.);
#2622=ORIENTED_EDGE('',*,*,#1932,.F.);
#2623=ORIENTED_EDGE('',*,*,#1788,.F.);
#2624=ORIENTED_EDGE('',*,*,#1778,.F.);
#2625=ORIENTED_EDGE('',*,*,#1751,.F.);
#2626=ORIENTED_EDGE('',*,*,#1926,.F.);
#2627=ORIENTED_EDGE('',*,*,#1921,.F.);
#2628=ORIENTED_EDGE('',*,*,#1933,.F.);
#2629=ORIENTED_EDGE('',*,*,#1924,.T.);
#2630=ORIENTED_EDGE('',*,*,#1749,.F.);
#2631=ORIENTED_EDGE('',*,*,#1812,.F.);
#2632=ORIENTED_EDGE('',*,*,#1762,.F.);
#2633=ORIENTED_EDGE('',*,*,#1908,.T.);
#2634=ORIENTED_EDGE('',*,*,#1906,.T.);
#2635=ORIENTED_EDGE('',*,*,#1920,.T.);
#2636=ORIENTED_EDGE('',*,*,#1900,.F.);
#2637=ORIENTED_EDGE('',*,*,#1934,.T.);
#2638=ORIENTED_EDGE('',*,*,#1922,.T.);
#2639=ORIENTED_EDGE('',*,*,#1760,.F.);
#2640=ORIENTED_EDGE('',*,*,#1935,.F.);
#2641=ORIENTED_EDGE('',*,*,#1930,.F.);
#2642=ORIENTED_EDGE('',*,*,#1936,.F.);
#2643=ORIENTED_EDGE('',*,*,#1935,.T.);
#2644=ORIENTED_EDGE('',*,*,#1759,.F.);
#2645=ORIENTED_EDGE('',*,*,#1932,.T.);
#2646=ORIENTED_EDGE('',*,*,#1925,.T.);
#2647=ORIENTED_EDGE('',*,*,#1933,.T.);
#2648=ORIENTED_EDGE('',*,*,#1923,.T.);
#2649=ORIENTED_EDGE('',*,*,#1934,.F.);
#2650=ORIENTED_EDGE('',*,*,#1936,.T.);
#2651=ORIENTED_EDGE('',*,*,#1929,.T.);
#2652=ORIENTED_EDGE('',*,*,#1776,.T.);
#2653=ORIENTED_EDGE('',*,*,#1931,.T.);
#2654=ORIENTED_EDGE('',*,*,#1829,.T.);
#2655=ORIENTED_EDGE('',*,*,#1789,.F.);
#2656=ORIENTED_EDGE('',*,*,#1891,.T.);
#2657=ORIENTED_EDGE('',*,*,#1896,.T.);
#2658=ORIENTED_EDGE('',*,*,#1937,.T.);
#2659=ORIENTED_EDGE('',*,*,#1938,.F.);
#2660=ORIENTED_EDGE('',*,*,#1939,.F.);
#2661=ORIENTED_EDGE('',*,*,#1940,.T.);
#2662=ORIENTED_EDGE('',*,*,#1941,.T.);
#2663=ORIENTED_EDGE('',*,*,#1942,.F.);
#2664=ORIENTED_EDGE('',*,*,#1943,.F.);
#2665=ORIENTED_EDGE('',*,*,#1938,.T.);
#2666=ORIENTED_EDGE('',*,*,#1944,.T.);
#2667=ORIENTED_EDGE('',*,*,#1945,.F.);
#2668=ORIENTED_EDGE('',*,*,#1946,.F.);
#2669=ORIENTED_EDGE('',*,*,#1942,.T.);
#2670=ORIENTED_EDGE('',*,*,#1947,.F.);
#2671=ORIENTED_EDGE('',*,*,#1948,.F.);
#2672=ORIENTED_EDGE('',*,*,#1949,.F.);
#2673=ORIENTED_EDGE('',*,*,#1950,.F.);
#2674=ORIENTED_EDGE('',*,*,#1951,.T.);
#2675=ORIENTED_EDGE('',*,*,#1952,.T.);
#2676=ORIENTED_EDGE('',*,*,#1953,.F.);
#2677=ORIENTED_EDGE('',*,*,#1954,.F.);
#2678=ORIENTED_EDGE('',*,*,#1955,.F.);
#2679=ORIENTED_EDGE('',*,*,#1956,.F.);
#2680=ORIENTED_EDGE('',*,*,#1957,.F.);
#2681=ORIENTED_EDGE('',*,*,#1958,.F.);
#2682=ORIENTED_EDGE('',*,*,#1959,.T.);
#2683=ORIENTED_EDGE('',*,*,#1960,.T.);
#2684=ORIENTED_EDGE('',*,*,#1961,.F.);
#2685=ORIENTED_EDGE('',*,*,#1962,.F.);
#2686=ORIENTED_EDGE('',*,*,#1956,.T.);
#2687=ORIENTED_EDGE('',*,*,#1963,.T.);
#2688=ORIENTED_EDGE('',*,*,#1964,.F.);
#2689=ORIENTED_EDGE('',*,*,#1965,.F.);
#2690=ORIENTED_EDGE('',*,*,#1955,.T.);
#2691=ORIENTED_EDGE('',*,*,#1966,.T.);
#2692=ORIENTED_EDGE('',*,*,#1967,.F.);
#2693=ORIENTED_EDGE('',*,*,#1963,.F.);
#2694=ORIENTED_EDGE('',*,*,#1954,.T.);
#2695=ORIENTED_EDGE('',*,*,#1968,.T.);
#2696=ORIENTED_EDGE('',*,*,#1969,.F.);
#2697=ORIENTED_EDGE('',*,*,#1966,.F.);
#2698=ORIENTED_EDGE('',*,*,#1953,.T.);
#2699=ORIENTED_EDGE('',*,*,#1970,.F.);
#2700=ORIENTED_EDGE('',*,*,#1971,.F.);
#2701=ORIENTED_EDGE('',*,*,#1968,.F.);
#2702=ORIENTED_EDGE('',*,*,#1957,.T.);
#2703=ORIENTED_EDGE('',*,*,#1965,.T.);
#2704=ORIENTED_EDGE('',*,*,#1972,.F.);
#2705=ORIENTED_EDGE('',*,*,#1973,.F.);
#2706=ORIENTED_EDGE('',*,*,#1974,.T.);
#2707=ORIENTED_EDGE('',*,*,#1975,.F.);
#2708=ORIENTED_EDGE('',*,*,#1976,.F.);
#2709=ORIENTED_EDGE('',*,*,#1945,.T.);
#2710=ORIENTED_EDGE('',*,*,#1977,.T.);
#2711=ORIENTED_EDGE('',*,*,#1940,.F.);
#2712=ORIENTED_EDGE('',*,*,#1978,.F.);
#2713=ORIENTED_EDGE('',*,*,#1979,.F.);
#2714=ORIENTED_EDGE('',*,*,#1980,.T.);
#2715=ORIENTED_EDGE('',*,*,#1981,.F.);
#2716=ORIENTED_EDGE('',*,*,#1949,.T.);
#2717=ORIENTED_EDGE('',*,*,#1948,.T.);
#2718=ORIENTED_EDGE('',*,*,#1947,.T.);
#2719=ORIENTED_EDGE('',*,*,#1982,.F.);
#2720=ORIENTED_EDGE('',*,*,#1983,.T.);
#2721=ORIENTED_EDGE('',*,*,#1984,.T.);
#2722=ORIENTED_EDGE('',*,*,#1985,.T.);
#2723=ORIENTED_EDGE('',*,*,#1986,.T.);
#2724=ORIENTED_EDGE('',*,*,#1962,.T.);
#2725=ORIENTED_EDGE('',*,*,#1961,.T.);
#2726=ORIENTED_EDGE('',*,*,#1986,.F.);
#2727=ORIENTED_EDGE('',*,*,#1987,.T.);
#2728=ORIENTED_EDGE('',*,*,#1988,.F.);
#2729=ORIENTED_EDGE('',*,*,#1989,.F.);
#2730=ORIENTED_EDGE('',*,*,#1990,.F.);
#2731=ORIENTED_EDGE('',*,*,#1991,.F.);
#2732=ORIENTED_EDGE('',*,*,#1972,.T.);
#2733=ORIENTED_EDGE('',*,*,#1964,.T.);
#2734=ORIENTED_EDGE('',*,*,#1967,.T.);
#2735=ORIENTED_EDGE('',*,*,#1969,.T.);
#2736=ORIENTED_EDGE('',*,*,#1971,.T.);
#2737=ORIENTED_EDGE('',*,*,#1992,.F.);
#2738=ORIENTED_EDGE('',*,*,#1993,.F.);
#2739=ORIENTED_EDGE('',*,*,#1994,.F.);
#2740=ORIENTED_EDGE('',*,*,#1990,.T.);
#2741=ORIENTED_EDGE('',*,*,#1995,.F.);
#2742=ORIENTED_EDGE('',*,*,#1976,.T.);
#2743=ORIENTED_EDGE('',*,*,#1996,.F.);
#2744=ORIENTED_EDGE('',*,*,#1997,.F.);
#2745=ORIENTED_EDGE('',*,*,#1998,.F.);
#2746=ORIENTED_EDGE('',*,*,#1978,.T.);
#2747=ORIENTED_EDGE('',*,*,#1939,.T.);
#2748=ORIENTED_EDGE('',*,*,#1943,.T.);
#2749=ORIENTED_EDGE('',*,*,#1946,.T.);
#2750=ORIENTED_EDGE('',*,*,#1999,.T.);
#2751=ORIENTED_EDGE('',*,*,#2000,.F.);
#2752=ORIENTED_EDGE('',*,*,#2001,.F.);
#2753=ORIENTED_EDGE('',*,*,#1974,.F.);
#2754=ORIENTED_EDGE('',*,*,#1944,.F.);
#2755=ORIENTED_EDGE('',*,*,#1941,.F.);
#2756=ORIENTED_EDGE('',*,*,#1937,.F.);
#2757=ORIENTED_EDGE('',*,*,#1977,.F.);
#2758=ORIENTED_EDGE('',*,*,#2002,.T.);
#2759=ORIENTED_EDGE('',*,*,#2003,.F.);
#2760=ORIENTED_EDGE('',*,*,#2004,.F.);
#2761=ORIENTED_EDGE('',*,*,#1980,.F.);
#2762=ORIENTED_EDGE('',*,*,#1984,.F.);
#2763=ORIENTED_EDGE('',*,*,#1983,.F.);
#2764=ORIENTED_EDGE('',*,*,#1985,.F.);
#2765=ORIENTED_EDGE('',*,*,#1987,.F.);
#2766=ORIENTED_EDGE('',*,*,#1970,.T.);
#2767=ORIENTED_EDGE('',*,*,#1952,.F.);
#2768=ORIENTED_EDGE('',*,*,#2005,.F.);
#2769=ORIENTED_EDGE('',*,*,#2006,.F.);
#2770=ORIENTED_EDGE('',*,*,#2007,.T.);
#2771=ORIENTED_EDGE('',*,*,#2008,.F.);
#2772=ORIENTED_EDGE('',*,*,#2009,.F.);
#2773=ORIENTED_EDGE('',*,*,#2010,.F.);
#2774=ORIENTED_EDGE('',*,*,#2011,.F.);
#2775=ORIENTED_EDGE('',*,*,#2012,.F.);
#2776=ORIENTED_EDGE('',*,*,#2013,.T.);
#2777=ORIENTED_EDGE('',*,*,#2014,.F.);
#2778=ORIENTED_EDGE('',*,*,#2015,.F.);
#2779=ORIENTED_EDGE('',*,*,#2002,.F.);
#2780=ORIENTED_EDGE('',*,*,#1979,.T.);
#2781=ORIENTED_EDGE('',*,*,#1998,.T.);
#2782=ORIENTED_EDGE('',*,*,#2016,.F.);
#2783=ORIENTED_EDGE('',*,*,#2017,.T.);
#2784=ORIENTED_EDGE('',*,*,#2018,.F.);
#2785=ORIENTED_EDGE('',*,*,#1992,.T.);
#2786=ORIENTED_EDGE('',*,*,#2019,.T.);
#2787=ORIENTED_EDGE('',*,*,#2020,.F.);
#2788=ORIENTED_EDGE('',*,*,#2021,.T.);
#2789=ORIENTED_EDGE('',*,*,#2022,.F.);
#2790=ORIENTED_EDGE('',*,*,#2023,.T.);
#2791=ORIENTED_EDGE('',*,*,#2024,.F.);
#2792=ORIENTED_EDGE('',*,*,#2025,.T.);
#2793=ORIENTED_EDGE('',*,*,#2026,.F.);
#2794=ORIENTED_EDGE('',*,*,#2027,.T.);
#2795=ORIENTED_EDGE('',*,*,#2028,.F.);
#2796=ORIENTED_EDGE('',*,*,#2029,.T.);
#2797=ORIENTED_EDGE('',*,*,#2030,.F.);
#2798=ORIENTED_EDGE('',*,*,#2031,.T.);
#2799=ORIENTED_EDGE('',*,*,#2032,.F.);
#2800=ORIENTED_EDGE('',*,*,#2033,.T.);
#2801=ORIENTED_EDGE('',*,*,#2034,.F.);
#2802=ORIENTED_EDGE('',*,*,#2035,.T.);
#2803=ORIENTED_EDGE('',*,*,#2036,.F.);
#2804=ORIENTED_EDGE('',*,*,#2037,.T.);
#2805=ORIENTED_EDGE('',*,*,#2038,.F.);
#2806=ORIENTED_EDGE('',*,*,#2039,.T.);
#2807=ORIENTED_EDGE('',*,*,#2040,.T.);
#2808=ORIENTED_EDGE('',*,*,#2038,.T.);
#2809=ORIENTED_EDGE('',*,*,#2041,.T.);
#2810=ORIENTED_EDGE('',*,*,#2040,.F.);
#2811=ORIENTED_EDGE('',*,*,#2042,.F.);
#2812=ORIENTED_EDGE('',*,*,#2043,.F.);
#2813=ORIENTED_EDGE('',*,*,#2035,.F.);
#2814=ORIENTED_EDGE('',*,*,#2036,.T.);
#2815=ORIENTED_EDGE('',*,*,#2043,.T.);
#2816=ORIENTED_EDGE('',*,*,#2044,.T.);
#2817=ORIENTED_EDGE('',*,*,#2045,.T.);
#2818=ORIENTED_EDGE('',*,*,#2046,.T.);
#2819=ORIENTED_EDGE('',*,*,#2047,.T.);
#2820=ORIENTED_EDGE('',*,*,#2034,.T.);
#2821=ORIENTED_EDGE('',*,*,#2048,.T.);
#2822=ORIENTED_EDGE('',*,*,#2047,.F.);
#2823=ORIENTED_EDGE('',*,*,#2049,.F.);
#2824=ORIENTED_EDGE('',*,*,#2050,.F.);
#2825=ORIENTED_EDGE('',*,*,#2027,.F.);
#2826=ORIENTED_EDGE('',*,*,#2032,.T.);
#2827=ORIENTED_EDGE('',*,*,#2051,.T.);
#2828=ORIENTED_EDGE('',*,*,#2052,.T.);
#2829=ORIENTED_EDGE('',*,*,#2053,.T.);
#2830=ORIENTED_EDGE('',*,*,#2051,.F.);
#2831=ORIENTED_EDGE('',*,*,#2031,.F.);
#2832=ORIENTED_EDGE('',*,*,#2054,.F.);
#2833=ORIENTED_EDGE('',*,*,#2055,.F.);
#2834=ORIENTED_EDGE('',*,*,#2028,.T.);
#2835=ORIENTED_EDGE('',*,*,#2050,.T.);
#2836=ORIENTED_EDGE('',*,*,#2056,.T.);
#2837=ORIENTED_EDGE('',*,*,#2057,.T.);
#2838=ORIENTED_EDGE('',*,*,#2030,.T.);
#2839=ORIENTED_EDGE('',*,*,#2058,.T.);
#2840=ORIENTED_EDGE('',*,*,#2059,.T.);
#2841=ORIENTED_EDGE('',*,*,#2054,.T.);
#2842=ORIENTED_EDGE('',*,*,#2057,.F.);
#2843=ORIENTED_EDGE('',*,*,#2060,.F.);
#2844=ORIENTED_EDGE('',*,*,#2058,.F.);
#2845=ORIENTED_EDGE('',*,*,#2029,.F.);
#2846=ORIENTED_EDGE('',*,*,#2061,.T.);
#2847=ORIENTED_EDGE('',*,*,#2062,.T.);
#2848=ORIENTED_EDGE('',*,*,#2026,.T.);
#2849=ORIENTED_EDGE('',*,*,#2063,.T.);
#2850=ORIENTED_EDGE('',*,*,#2062,.F.);
#2851=ORIENTED_EDGE('',*,*,#2064,.F.);
#2852=ORIENTED_EDGE('',*,*,#2065,.F.);
#2853=ORIENTED_EDGE('',*,*,#2019,.F.);
#2854=ORIENTED_EDGE('',*,*,#2024,.T.);
#2855=ORIENTED_EDGE('',*,*,#2066,.T.);
#2856=ORIENTED_EDGE('',*,*,#2067,.T.);
#2857=ORIENTED_EDGE('',*,*,#2068,.T.);
#2858=ORIENTED_EDGE('',*,*,#2066,.F.);
#2859=ORIENTED_EDGE('',*,*,#2023,.F.);
#2860=ORIENTED_EDGE('',*,*,#2069,.F.);
#2861=ORIENTED_EDGE('',*,*,#2070,.F.);
#2862=ORIENTED_EDGE('',*,*,#2022,.T.);
#2863=ORIENTED_EDGE('',*,*,#2071,.T.);
#2864=ORIENTED_EDGE('',*,*,#2072,.T.);
#2865=ORIENTED_EDGE('',*,*,#2069,.T.);
#2866=ORIENTED_EDGE('',*,*,#2071,.F.);
#2867=ORIENTED_EDGE('',*,*,#2021,.F.);
#2868=ORIENTED_EDGE('',*,*,#2073,.F.);
#2869=ORIENTED_EDGE('',*,*,#2074,.F.);
#2870=ORIENTED_EDGE('',*,*,#2020,.T.);
#2871=ORIENTED_EDGE('',*,*,#2065,.T.);
#2872=ORIENTED_EDGE('',*,*,#2075,.T.);
#2873=ORIENTED_EDGE('',*,*,#2073,.T.);
#2874=ORIENTED_EDGE('',*,*,#2076,.T.);
#2875=ORIENTED_EDGE('',*,*,#1993,.T.);
#2876=ORIENTED_EDGE('',*,*,#2018,.T.);
#2877=ORIENTED_EDGE('',*,*,#2077,.T.);
#2878=ORIENTED_EDGE('',*,*,#2016,.T.);
#2879=ORIENTED_EDGE('',*,*,#1997,.T.);
#2880=ORIENTED_EDGE('',*,*,#2078,.T.);
#2881=ORIENTED_EDGE('',*,*,#2079,.T.);
#2882=ORIENTED_EDGE('',*,*,#1988,.T.);
#2883=ORIENTED_EDGE('',*,*,#2080,.T.);
#2884=ORIENTED_EDGE('',*,*,#2081,.F.);
#2885=ORIENTED_EDGE('',*,*,#2082,.T.);
#2886=ORIENTED_EDGE('',*,*,#2083,.F.);
#2887=ORIENTED_EDGE('',*,*,#2082,.F.);
#2888=ORIENTED_EDGE('',*,*,#2084,.F.);
#2889=ORIENTED_EDGE('',*,*,#2085,.T.);
#2890=ORIENTED_EDGE('',*,*,#2086,.F.);
#2891=ORIENTED_EDGE('',*,*,#2085,.F.);
#2892=ORIENTED_EDGE('',*,*,#2087,.F.);
#2893=ORIENTED_EDGE('',*,*,#2088,.F.);
#2894=ORIENTED_EDGE('',*,*,#2089,.F.);
#2895=ORIENTED_EDGE('',*,*,#2090,.F.);
#2896=ORIENTED_EDGE('',*,*,#2091,.F.);
#2897=ORIENTED_EDGE('',*,*,#2092,.T.);
#2898=ORIENTED_EDGE('',*,*,#2093,.F.);
#2899=ORIENTED_EDGE('',*,*,#2094,.F.);
#2900=ORIENTED_EDGE('',*,*,#2095,.T.);
#2901=ORIENTED_EDGE('',*,*,#2012,.T.);
#2902=ORIENTED_EDGE('',*,*,#2096,.F.);
#2903=ORIENTED_EDGE('',*,*,#2097,.F.);
#2904=ORIENTED_EDGE('',*,*,#2089,.T.);
#2905=ORIENTED_EDGE('',*,*,#2098,.T.);
#2906=ORIENTED_EDGE('',*,*,#2093,.T.);
#2907=ORIENTED_EDGE('',*,*,#2099,.F.);
#2908=ORIENTED_EDGE('',*,*,#2086,.T.);
#2909=ORIENTED_EDGE('',*,*,#2100,.T.);
#2910=ORIENTED_EDGE('',*,*,#2101,.F.);
#2911=ORIENTED_EDGE('',*,*,#2102,.F.);
#2912=ORIENTED_EDGE('',*,*,#2014,.T.);
#2913=ORIENTED_EDGE('',*,*,#2103,.F.);
#2914=ORIENTED_EDGE('',*,*,#2104,.T.);
#2915=ORIENTED_EDGE('',*,*,#2105,.F.);
#2916=ORIENTED_EDGE('',*,*,#2106,.F.);
#2917=ORIENTED_EDGE('',*,*,#2107,.F.);
#2918=ORIENTED_EDGE('',*,*,#2108,.F.);
#2919=ORIENTED_EDGE('',*,*,#2109,.F.);
#2920=ORIENTED_EDGE('',*,*,#2110,.F.);
#2921=ORIENTED_EDGE('',*,*,#2105,.T.);
#2922=ORIENTED_EDGE('',*,*,#2111,.F.);
#2923=ORIENTED_EDGE('',*,*,#2109,.T.);
#2924=ORIENTED_EDGE('',*,*,#2112,.T.);
#2925=ORIENTED_EDGE('',*,*,#2083,.T.);
#2926=ORIENTED_EDGE('',*,*,#2106,.T.);
#2927=ORIENTED_EDGE('',*,*,#2112,.F.);
#2928=ORIENTED_EDGE('',*,*,#2108,.T.);
#2929=ORIENTED_EDGE('',*,*,#2113,.T.);
#2930=ORIENTED_EDGE('',*,*,#2103,.T.);
#2931=ORIENTED_EDGE('',*,*,#2113,.F.);
#2932=ORIENTED_EDGE('',*,*,#2107,.T.);
#2933=ORIENTED_EDGE('',*,*,#2114,.F.);
#2934=ORIENTED_EDGE('',*,*,#2081,.T.);
#2935=ORIENTED_EDGE('',*,*,#2087,.T.);
#2936=ORIENTED_EDGE('',*,*,#2115,.F.);
#2937=ORIENTED_EDGE('',*,*,#2091,.T.);
#2938=ORIENTED_EDGE('',*,*,#2116,.F.);
#2939=ORIENTED_EDGE('',*,*,#2084,.T.);
#2940=ORIENTED_EDGE('',*,*,#2088,.T.);
#2941=ORIENTED_EDGE('',*,*,#2116,.T.);
#2942=ORIENTED_EDGE('',*,*,#2094,.T.);
#2943=ORIENTED_EDGE('',*,*,#2098,.F.);
#2944=ORIENTED_EDGE('',*,*,#2117,.T.);
#2945=ORIENTED_EDGE('',*,*,#2006,.T.);
#2946=ORIENTED_EDGE('',*,*,#2118,.F.);
#2947=ORIENTED_EDGE('',*,*,#2119,.F.);
#2948=ORIENTED_EDGE('',*,*,#2095,.F.);
#2949=ORIENTED_EDGE('',*,*,#2120,.F.);
#2950=ORIENTED_EDGE('',*,*,#2100,.F.);
#2951=ORIENTED_EDGE('',*,*,#2013,.F.);
#2952=ORIENTED_EDGE('',*,*,#2090,.T.);
#2953=ORIENTED_EDGE('',*,*,#2099,.T.);
#2954=ORIENTED_EDGE('',*,*,#2092,.F.);
#2955=ORIENTED_EDGE('',*,*,#2115,.T.);
#2956=ORIENTED_EDGE('',*,*,#2121,.F.);
#2957=ORIENTED_EDGE('',*,*,#2007,.F.);
#2958=ORIENTED_EDGE('',*,*,#2117,.F.);
#2959=ORIENTED_EDGE('',*,*,#2122,.F.);
#2960=ORIENTED_EDGE('',*,*,#2114,.T.);
#2961=ORIENTED_EDGE('',*,*,#2110,.T.);
#2962=ORIENTED_EDGE('',*,*,#2111,.T.);
#2963=ORIENTED_EDGE('',*,*,#2104,.F.);
#2964=ORIENTED_EDGE('',*,*,#2121,.T.);
#2965=ORIENTED_EDGE('',*,*,#2123,.F.);
#2966=ORIENTED_EDGE('',*,*,#2124,.T.);
#2967=ORIENTED_EDGE('',*,*,#2008,.T.);
#2968=ORIENTED_EDGE('',*,*,#2120,.T.);
#2969=ORIENTED_EDGE('',*,*,#2097,.T.);
#2970=ORIENTED_EDGE('',*,*,#2125,.T.);
#2971=ORIENTED_EDGE('',*,*,#2126,.T.);
#2972=ORIENTED_EDGE('',*,*,#2127,.T.);
#2973=ORIENTED_EDGE('',*,*,#2123,.T.);
#2974=ORIENTED_EDGE('',*,*,#2122,.T.);
#2975=ORIENTED_EDGE('',*,*,#2119,.T.);
#2976=ORIENTED_EDGE('',*,*,#2128,.T.);
#2977=ORIENTED_EDGE('',*,*,#1950,.T.);
#2978=ORIENTED_EDGE('',*,*,#1981,.T.);
#2979=ORIENTED_EDGE('',*,*,#2004,.T.);
#2980=ORIENTED_EDGE('',*,*,#2129,.T.);
#2981=ORIENTED_EDGE('',*,*,#2101,.T.);
#2982=ORIENTED_EDGE('',*,*,#2015,.T.);
#2983=ORIENTED_EDGE('',*,*,#2102,.T.);
#2984=ORIENTED_EDGE('',*,*,#2129,.F.);
#2985=ORIENTED_EDGE('',*,*,#2003,.T.);
#2986=ORIENTED_EDGE('',*,*,#2005,.T.);
#2987=ORIENTED_EDGE('',*,*,#1951,.F.);
#2988=ORIENTED_EDGE('',*,*,#2128,.F.);
#2989=ORIENTED_EDGE('',*,*,#2118,.T.);
#2990=ORIENTED_EDGE('',*,*,#2009,.T.);
#2991=ORIENTED_EDGE('',*,*,#2124,.F.);
#2992=ORIENTED_EDGE('',*,*,#2127,.F.);
#2993=ORIENTED_EDGE('',*,*,#2130,.T.);
#2994=ORIENTED_EDGE('',*,*,#2011,.T.);
#2995=ORIENTED_EDGE('',*,*,#2131,.F.);
#2996=ORIENTED_EDGE('',*,*,#2125,.F.);
#2997=ORIENTED_EDGE('',*,*,#2096,.T.);
#2998=ORIENTED_EDGE('',*,*,#2010,.T.);
#2999=ORIENTED_EDGE('',*,*,#2130,.F.);
#3000=ORIENTED_EDGE('',*,*,#2126,.F.);
#3001=ORIENTED_EDGE('',*,*,#2131,.T.);
#3002=ORIENTED_EDGE('',*,*,#2041,.F.);
#3003=ORIENTED_EDGE('',*,*,#2037,.F.);
#3004=ORIENTED_EDGE('',*,*,#2045,.F.);
#3005=ORIENTED_EDGE('',*,*,#2132,.F.);
#3006=ORIENTED_EDGE('',*,*,#2077,.F.);
#3007=ORIENTED_EDGE('',*,*,#2017,.F.);
#3008=ORIENTED_EDGE('',*,*,#2079,.F.);
#3009=ORIENTED_EDGE('',*,*,#2133,.F.);
#3010=ORIENTED_EDGE('',*,*,#2048,.F.);
#3011=ORIENTED_EDGE('',*,*,#2033,.F.);
#3012=ORIENTED_EDGE('',*,*,#2053,.F.);
#3013=ORIENTED_EDGE('',*,*,#2134,.F.);
#3014=ORIENTED_EDGE('',*,*,#2063,.F.);
#3015=ORIENTED_EDGE('',*,*,#2025,.F.);
#3016=ORIENTED_EDGE('',*,*,#2068,.F.);
#3017=ORIENTED_EDGE('',*,*,#2135,.F.);
#3018=ORIENTED_EDGE('',*,*,#2136,.F.);
#3019=ORIENTED_EDGE('',*,*,#2137,.T.);
#3020=ORIENTED_EDGE('',*,*,#2138,.F.);
#3021=ORIENTED_EDGE('',*,*,#2137,.F.);
#3022=ORIENTED_EDGE('',*,*,#2139,.F.);
#3023=ORIENTED_EDGE('',*,*,#2140,.T.);
#3024=ORIENTED_EDGE('',*,*,#2141,.F.);
#3025=ORIENTED_EDGE('',*,*,#2140,.F.);
#3026=ORIENTED_EDGE('',*,*,#2142,.F.);
#3027=ORIENTED_EDGE('',*,*,#2143,.F.);
#3028=ORIENTED_EDGE('',*,*,#2144,.F.);
#3029=ORIENTED_EDGE('',*,*,#2145,.F.);
#3030=ORIENTED_EDGE('',*,*,#2146,.F.);
#3031=ORIENTED_EDGE('',*,*,#2147,.T.);
#3032=ORIENTED_EDGE('',*,*,#2148,.F.);
#3033=ORIENTED_EDGE('',*,*,#2149,.F.);
#3034=ORIENTED_EDGE('',*,*,#2150,.T.);
#3035=ORIENTED_EDGE('',*,*,#2151,.T.);
#3036=ORIENTED_EDGE('',*,*,#2152,.F.);
#3037=ORIENTED_EDGE('',*,*,#2153,.F.);
#3038=ORIENTED_EDGE('',*,*,#2144,.T.);
#3039=ORIENTED_EDGE('',*,*,#2154,.T.);
#3040=ORIENTED_EDGE('',*,*,#2148,.T.);
#3041=ORIENTED_EDGE('',*,*,#2155,.F.);
#3042=ORIENTED_EDGE('',*,*,#2141,.T.);
#3043=ORIENTED_EDGE('',*,*,#2156,.T.);
#3044=ORIENTED_EDGE('',*,*,#2157,.F.);
#3045=ORIENTED_EDGE('',*,*,#2158,.F.);
#3046=ORIENTED_EDGE('',*,*,#2159,.T.);
#3047=ORIENTED_EDGE('',*,*,#2160,.F.);
#3048=ORIENTED_EDGE('',*,*,#2161,.T.);
#3049=ORIENTED_EDGE('',*,*,#2162,.F.);
#3050=ORIENTED_EDGE('',*,*,#2163,.F.);
#3051=ORIENTED_EDGE('',*,*,#2164,.F.);
#3052=ORIENTED_EDGE('',*,*,#2165,.F.);
#3053=ORIENTED_EDGE('',*,*,#2166,.F.);
#3054=ORIENTED_EDGE('',*,*,#2167,.F.);
#3055=ORIENTED_EDGE('',*,*,#2162,.T.);
#3056=ORIENTED_EDGE('',*,*,#2168,.F.);
#3057=ORIENTED_EDGE('',*,*,#2166,.T.);
#3058=ORIENTED_EDGE('',*,*,#2169,.T.);
#3059=ORIENTED_EDGE('',*,*,#2138,.T.);
#3060=ORIENTED_EDGE('',*,*,#2163,.T.);
#3061=ORIENTED_EDGE('',*,*,#2169,.F.);
#3062=ORIENTED_EDGE('',*,*,#2165,.T.);
#3063=ORIENTED_EDGE('',*,*,#2170,.T.);
#3064=ORIENTED_EDGE('',*,*,#2160,.T.);
#3065=ORIENTED_EDGE('',*,*,#2170,.F.);
#3066=ORIENTED_EDGE('',*,*,#2164,.T.);
#3067=ORIENTED_EDGE('',*,*,#2171,.F.);
#3068=ORIENTED_EDGE('',*,*,#2136,.T.);
#3069=ORIENTED_EDGE('',*,*,#2142,.T.);
#3070=ORIENTED_EDGE('',*,*,#2172,.F.);
#3071=ORIENTED_EDGE('',*,*,#2146,.T.);
#3072=ORIENTED_EDGE('',*,*,#2173,.F.);
#3073=ORIENTED_EDGE('',*,*,#2139,.T.);
#3074=ORIENTED_EDGE('',*,*,#2143,.T.);
#3075=ORIENTED_EDGE('',*,*,#2173,.T.);
#3076=ORIENTED_EDGE('',*,*,#2149,.T.);
#3077=ORIENTED_EDGE('',*,*,#2154,.F.);
#3078=ORIENTED_EDGE('',*,*,#2174,.T.);
#3079=ORIENTED_EDGE('',*,*,#2175,.T.);
#3080=ORIENTED_EDGE('',*,*,#2176,.F.);
#3081=ORIENTED_EDGE('',*,*,#2177,.F.);
#3082=ORIENTED_EDGE('',*,*,#2150,.F.);
#3083=ORIENTED_EDGE('',*,*,#2178,.F.);
#3084=ORIENTED_EDGE('',*,*,#2156,.F.);
#3085=ORIENTED_EDGE('',*,*,#2179,.F.);
#3086=ORIENTED_EDGE('',*,*,#2145,.T.);
#3087=ORIENTED_EDGE('',*,*,#2155,.T.);
#3088=ORIENTED_EDGE('',*,*,#2147,.F.);
#3089=ORIENTED_EDGE('',*,*,#2172,.T.);
#3090=ORIENTED_EDGE('',*,*,#2180,.F.);
#3091=ORIENTED_EDGE('',*,*,#2181,.F.);
#3092=ORIENTED_EDGE('',*,*,#2174,.F.);
#3093=ORIENTED_EDGE('',*,*,#2182,.F.);
#3094=ORIENTED_EDGE('',*,*,#2171,.T.);
#3095=ORIENTED_EDGE('',*,*,#2167,.T.);
#3096=ORIENTED_EDGE('',*,*,#2168,.T.);
#3097=ORIENTED_EDGE('',*,*,#2161,.F.);
#3098=ORIENTED_EDGE('',*,*,#2180,.T.);
#3099=ORIENTED_EDGE('',*,*,#2183,.F.);
#3100=ORIENTED_EDGE('',*,*,#2184,.T.);
#3101=ORIENTED_EDGE('',*,*,#2185,.T.);
#3102=ORIENTED_EDGE('',*,*,#1973,.T.);
#3103=ORIENTED_EDGE('',*,*,#1994,.T.);
#3104=ORIENTED_EDGE('',*,*,#2076,.F.);
#3105=ORIENTED_EDGE('',*,*,#2133,.T.);
#3106=ORIENTED_EDGE('',*,*,#2078,.F.);
#3107=ORIENTED_EDGE('',*,*,#1996,.T.);
#3108=ORIENTED_EDGE('',*,*,#1975,.T.);
#3109=ORIENTED_EDGE('',*,*,#2001,.T.);
#3110=ORIENTED_EDGE('',*,*,#2186,.T.);
#3111=ORIENTED_EDGE('',*,*,#2157,.T.);
#3112=ORIENTED_EDGE('',*,*,#2178,.T.);
#3113=ORIENTED_EDGE('',*,*,#2153,.T.);
#3114=ORIENTED_EDGE('',*,*,#2187,.T.);
#3115=ORIENTED_EDGE('',*,*,#2188,.T.);
#3116=ORIENTED_EDGE('',*,*,#2189,.T.);
#3117=ORIENTED_EDGE('',*,*,#2183,.T.);
#3118=ORIENTED_EDGE('',*,*,#2182,.T.);
#3119=ORIENTED_EDGE('',*,*,#2177,.T.);
#3120=ORIENTED_EDGE('',*,*,#2190,.T.);
#3121=ORIENTED_EDGE('',*,*,#1958,.T.);
#3122=ORIENTED_EDGE('',*,*,#2039,.F.);
#3123=ORIENTED_EDGE('',*,*,#2132,.T.);
#3124=ORIENTED_EDGE('',*,*,#2044,.F.);
#3125=ORIENTED_EDGE('',*,*,#2042,.T.);
#3126=ORIENTED_EDGE('',*,*,#2049,.T.);
#3127=ORIENTED_EDGE('',*,*,#2046,.F.);
#3128=ORIENTED_EDGE('',*,*,#2134,.T.);
#3129=ORIENTED_EDGE('',*,*,#2052,.F.);
#3130=ORIENTED_EDGE('',*,*,#2055,.T.);
#3131=ORIENTED_EDGE('',*,*,#2059,.F.);
#3132=ORIENTED_EDGE('',*,*,#2060,.T.);
#3133=ORIENTED_EDGE('',*,*,#2056,.F.);
#3134=ORIENTED_EDGE('',*,*,#2064,.T.);
#3135=ORIENTED_EDGE('',*,*,#2061,.F.);
#3136=ORIENTED_EDGE('',*,*,#2135,.T.);
#3137=ORIENTED_EDGE('',*,*,#2067,.F.);
#3138=ORIENTED_EDGE('',*,*,#2070,.T.);
#3139=ORIENTED_EDGE('',*,*,#2072,.F.);
#3140=ORIENTED_EDGE('',*,*,#2074,.T.);
#3141=ORIENTED_EDGE('',*,*,#2075,.F.);
#3142=ORIENTED_EDGE('',*,*,#2191,.T.);
#3143=ORIENTED_EDGE('',*,*,#2158,.T.);
#3144=ORIENTED_EDGE('',*,*,#2186,.F.);
#3145=ORIENTED_EDGE('',*,*,#2000,.T.);
#3146=ORIENTED_EDGE('',*,*,#1991,.T.);
#3147=ORIENTED_EDGE('',*,*,#1995,.T.);
#3148=ORIENTED_EDGE('',*,*,#1989,.T.);
#3149=ORIENTED_EDGE('',*,*,#2080,.F.);
#3150=ORIENTED_EDGE('',*,*,#2192,.T.);
#3151=ORIENTED_EDGE('',*,*,#1959,.F.);
#3152=ORIENTED_EDGE('',*,*,#2190,.F.);
#3153=ORIENTED_EDGE('',*,*,#2176,.T.);
#3154=ORIENTED_EDGE('',*,*,#2193,.T.);
#3155=ORIENTED_EDGE('',*,*,#2184,.F.);
#3156=ORIENTED_EDGE('',*,*,#2189,.F.);
#3157=ORIENTED_EDGE('',*,*,#2194,.T.);
#3158=ORIENTED_EDGE('',*,*,#2195,.T.);
#3159=ORIENTED_EDGE('',*,*,#2196,.F.);
#3160=ORIENTED_EDGE('',*,*,#2187,.F.);
#3161=ORIENTED_EDGE('',*,*,#2152,.T.);
#3162=ORIENTED_EDGE('',*,*,#2197,.T.);
#3163=ORIENTED_EDGE('',*,*,#2194,.F.);
#3164=ORIENTED_EDGE('',*,*,#2188,.F.);
#3165=ORIENTED_EDGE('',*,*,#2196,.T.);
#3166=ORIENTED_EDGE('',*,*,#2179,.T.);
#3167=ORIENTED_EDGE('',*,*,#2159,.F.);
#3168=ORIENTED_EDGE('',*,*,#2191,.F.);
#3169=ORIENTED_EDGE('',*,*,#1999,.F.);
#3170=ORIENTED_EDGE('',*,*,#1982,.T.);
#3171=ORIENTED_EDGE('',*,*,#1960,.F.);
#3172=ORIENTED_EDGE('',*,*,#2192,.F.);
#3173=ORIENTED_EDGE('',*,*,#2175,.F.);
#3174=ORIENTED_EDGE('',*,*,#2181,.T.);
#3175=ORIENTED_EDGE('',*,*,#2185,.F.);
#3176=ORIENTED_EDGE('',*,*,#2193,.F.);
#3177=ORIENTED_EDGE('',*,*,#2197,.F.);
#3178=ORIENTED_EDGE('',*,*,#2195,.F.);
#3179=ORIENTED_EDGE('',*,*,#2151,.F.);
#3180=PLANE('',#3497);
#3181=PLANE('',#3498);
#3182=PLANE('',#3499);
#3183=PLANE('',#3500);
#3184=PLANE('',#3501);
#3185=PLANE('',#3502);
#3186=PLANE('',#3503);
#3187=PLANE('',#3509);
#3188=PLANE('',#3516);
#3189=PLANE('',#3517);
#3190=PLANE('',#3518);
#3191=PLANE('',#3519);
#3192=PLANE('',#3520);
#3193=PLANE('',#3522);
#3194=PLANE('',#3527);
#3195=PLANE('',#3528);
#3196=PLANE('',#3531);
#3197=PLANE('',#3532);
#3198=PLANE('',#3537);
#3199=PLANE('',#3538);
#3200=PLANE('',#3539);
#3201=PLANE('',#3542);
#3202=PLANE('',#3543);
#3203=PLANE('',#3551);
#3204=PLANE('',#3563);
#3205=PLANE('',#3564);
#3206=PLANE('',#3565);
#3207=PLANE('',#3566);
#3208=PLANE('',#3567);
#3209=PLANE('',#3568);
#3210=PLANE('',#3569);
#3211=PLANE('',#3570);
#3212=PLANE('',#3571);
#3213=PLANE('',#3572);
#3214=PLANE('',#3573);
#3215=PLANE('',#3574);
#3216=PLANE('',#3576);
#3217=PLANE('',#3577);
#3218=PLANE('',#3578);
#3219=PLANE('',#3581);
#3220=PLANE('',#3582);
#3221=PLANE('',#3595);
#3222=PLANE('',#3596);
#3223=PLANE('',#3597);
#3224=PLANE('',#3598);
#3225=PLANE('',#3599);
#3226=PLANE('',#3600);
#3227=PLANE('',#3601);
#3228=PLANE('',#3602);
#3229=PLANE('',#3603);
#3230=PLANE('',#3604);
#3231=PLANE('',#3605);
#3232=PLANE('',#3606);
#3233=PLANE('',#3607);
#3234=PLANE('',#3608);
#3235=PLANE('',#3609);
#3236=PLANE('',#3610);
#3237=PLANE('',#3613);
#3238=PLANE('',#3614);
#3239=PLANE('',#3617);
#3240=PLANE('',#3625);
#3241=PLANE('',#3645);
#3242=PLANE('',#3657);
#3243=PLANE('',#3660);
#3244=PLANE('',#3661);
#3245=PLANE('',#3662);
#3246=PLANE('',#3663);
#3247=PLANE('',#3664);
#3248=PLANE('',#3665);
#3249=PLANE('',#3668);
#3250=PLANE('',#3669);
#3251=PLANE('',#3670);
#3252=PLANE('',#3671);
#3253=PLANE('',#3672);
#3254=PLANE('',#3675);
#3255=PLANE('',#3676);
#3256=PLANE('',#3677);
#3257=PLANE('',#3685);
#3258=PLANE('',#3686);
#3259=PLANE('',#3687);
#3260=PLANE('',#3688);
#3261=PLANE('',#3689);
#3262=PLANE('',#3690);
#3263=PLANE('',#3691);
#3264=PLANE('',#3692);
#3265=PLANE('',#3693);
#3266=PLANE('',#3694);
#3267=PLANE('',#3695);
#3268=PLANE('',#3696);
#3269=PLANE('',#3697);
#3270=PLANE('',#3698);
#3271=PLANE('',#3699);
#3272=PLANE('',#3700);
#3273=PLANE('',#3701);
#3274=PLANE('',#3705);
#3275=PLANE('',#3709);
#3276=PLANE('',#3710);
#3277=PLANE('',#3711);
#3278=PLANE('',#3722);
#3279=PLANE('',#3723);
#3280=PLANE('',#3724);
#3281=PLANE('',#3725);
#3282=PLANE('',#3726);
#3283=PLANE('',#3727);
#3284=PLANE('',#3728);
#3285=PLANE('',#3729);
#3286=PLANE('',#3730);
#3287=PLANE('',#3731);
#3288=PLANE('',#3732);
#3289=PLANE('',#3733);
#3290=PLANE('',#3734);
#3291=PLANE('',#3735);
#3292=PLANE('',#3736);
#3293=PLANE('',#3737);
#3294=PLANE('',#3738);
#3295=PLANE('',#3742);
#3296=PLANE('',#3743);
#3297=PLANE('',#3750);
#3298=PLANE('',#3751);
#3299=ADVANCED_FACE('',(#251),#3180,.F.);
#3300=ADVANCED_FACE('',(#252),#3181,.F.);
#3301=ADVANCED_FACE('',(#253),#3182,.T.);
#3302=ADVANCED_FACE('',(#254),#3183,.T.);
#3303=ADVANCED_FACE('',(#255),#3184,.T.);
#3304=ADVANCED_FACE('',(#256),#3185,.T.);
#3305=ADVANCED_FACE('',(#257,#121,#122,#123),#3186,.T.);
#3306=ADVANCED_FACE('',(#258,#124,#125,#126),#3187,.F.);
#3307=ADVANCED_FACE('',(#259),#3188,.T.);
#3308=ADVANCED_FACE('',(#260),#3189,.T.);
#3309=ADVANCED_FACE('',(#261),#3190,.T.);
#3310=ADVANCED_FACE('',(#262),#3191,.T.);
#3311=ADVANCED_FACE('',(#263),#3192,.T.);
#3312=ADVANCED_FACE('',(#264,#127),#3193,.T.);
#3313=ADVANCED_FACE('',(#265),#3194,.T.);
#3314=ADVANCED_FACE('',(#266),#3195,.T.);
#3315=ADVANCED_FACE('',(#267),#67,.F.);
#3316=ADVANCED_FACE('',(#268),#68,.T.);
#3317=ADVANCED_FACE('',(#269),#3196,.T.);
#3318=ADVANCED_FACE('',(#270,#128),#3197,.F.);
#3319=ADVANCED_FACE('',(#271,#129),#69,.T.);
#3320=ADVANCED_FACE('',(#272),#3198,.F.);
#3321=ADVANCED_FACE('',(#273),#3199,.T.);
#3322=ADVANCED_FACE('',(#274),#3200,.T.);
#3323=ADVANCED_FACE('',(#275,#130),#70,.F.);
#3324=ADVANCED_FACE('',(#276,#131),#3201,.T.);
#3325=ADVANCED_FACE('',(#277),#3202,.T.);
#3326=ADVANCED_FACE('',(#278),#71,.T.);
#3327=ADVANCED_FACE('',(#279),#72,.F.);
#3328=ADVANCED_FACE('',(#280),#73,.F.);
#3329=ADVANCED_FACE('',(#281),#3203,.T.);
#3330=ADVANCED_FACE('',(#282),#74,.F.);
#3331=ADVANCED_FACE('',(#283),#75,.T.);
#3332=ADVANCED_FACE('',(#284),#76,.F.);
#3333=ADVANCED_FACE('',(#285),#77,.F.);
#3334=ADVANCED_FACE('',(#286),#78,.F.);
#3335=ADVANCED_FACE('',(#287),#3204,.T.);
#3336=ADVANCED_FACE('',(#288),#3205,.T.);
#3337=ADVANCED_FACE('',(#289,#132),#3206,.T.);
#3338=ADVANCED_FACE('',(#290),#3207,.F.);
#3339=ADVANCED_FACE('',(#291),#3208,.T.);
#3340=ADVANCED_FACE('',(#292),#3209,.T.);
#3341=ADVANCED_FACE('',(#293,#133),#3210,.F.);
#3342=ADVANCED_FACE('',(#294,#134),#3211,.F.);
#3343=ADVANCED_FACE('',(#295),#3212,.T.);
#3344=ADVANCED_FACE('',(#296),#3213,.T.);
#3345=ADVANCED_FACE('',(#297),#3214,.F.);
#3346=ADVANCED_FACE('',(#298,#135),#3215,.F.);
#3347=ADVANCED_FACE('',(#299,#136),#3216,.T.);
#3348=ADVANCED_FACE('',(#300),#3217,.T.);
#3349=ADVANCED_FACE('',(#301,#137),#3218,.T.);
#3350=ADVANCED_FACE('',(#302),#79,.F.);
#3351=ADVANCED_FACE('',(#303),#3219,.T.);
#3352=ADVANCED_FACE('',(#304,#138,#139),#3220,.F.);
#3353=ADVANCED_FACE('',(#305),#80,.T.);
#3354=ADVANCED_FACE('',(#306),#81,.T.);
#3355=ADVANCED_FACE('',(#307),#82,.F.);
#3356=ADVANCED_FACE('',(#308),#83,.F.);
#3357=ADVANCED_FACE('',(#309),#84,.F.);
#3358=ADVANCED_FACE('',(#310),#85,.F.);
#3359=ADVANCED_FACE('',(#311),#3221,.T.);
#3360=ADVANCED_FACE('',(#312),#3222,.T.);
#3361=ADVANCED_FACE('',(#313,#140),#3223,.T.);
#3362=ADVANCED_FACE('',(#314),#3224,.F.);
#3363=ADVANCED_FACE('',(#315),#3225,.T.);
#3364=ADVANCED_FACE('',(#316),#3226,.T.);
#3365=ADVANCED_FACE('',(#317,#141),#3227,.F.);
#3366=ADVANCED_FACE('',(#318,#142),#3228,.F.);
#3367=ADVANCED_FACE('',(#319),#3229,.T.);
#3368=ADVANCED_FACE('',(#320),#3230,.T.);
#3369=ADVANCED_FACE('',(#321),#3231,.F.);
#3370=ADVANCED_FACE('',(#322,#143),#3232,.F.);
#3371=ADVANCED_FACE('',(#323,#144),#3233,.T.);
#3372=ADVANCED_FACE('',(#324,#145),#3234,.T.);
#3373=ADVANCED_FACE('',(#325),#3235,.T.);
#3374=ADVANCED_FACE('',(#326,#146),#3236,.T.);
#3375=ADVANCED_FACE('',(#327),#86,.F.);
#3376=ADVANCED_FACE('',(#328),#3237,.T.);
#3377=ADVANCED_FACE('',(#329,#147,#148),#3238,.T.);
#3378=ADVANCED_FACE('',(#330),#87,.F.);
#3379=ADVANCED_FACE('',(#331),#3239,.T.);
#3380=ADVANCED_FACE('',(#332),#88,.F.);
#3381=ADVANCED_FACE('',(#333,#149),#89,.F.);
#3382=ADVANCED_FACE('',(#334),#90,.F.);
#3383=ADVANCED_FACE('',(#335),#3240,.T.);
#3384=ADVANCED_FACE('',(#336),#91,.F.);
#3385=ADVANCED_FACE('',(#337),#92,.T.);
#3386=ADVANCED_FACE('',(#338),#93,.T.);
#3387=ADVANCED_FACE('',(#339),#94,.T.);
#3388=ADVANCED_FACE('',(#340),#95,.T.);
#3389=ADVANCED_FACE('',(#341),#96,.T.);
#3390=ADVANCED_FACE('',(#342,#150),#97,.F.);
#3391=ADVANCED_FACE('',(#343),#98,.F.);
#3392=ADVANCED_FACE('',(#344),#99,.F.);
#3393=ADVANCED_FACE('',(#345),#100,.T.);
#3394=ADVANCED_FACE('',(#346,#151),#101,.T.);
#3395=ADVANCED_FACE('',(#347,#152,#153,#154),#3241,.F.);
#3396=ADVANCED_FACE('',(#348),#102,.T.);
#3397=ADVANCED_FACE('',(#349),#3242,.T.);
#3398=ADVANCED_FACE('',(#350),#103,.T.);
#3399=ADVANCED_FACE('',(#351),#3243,.T.);
#3400=ADVANCED_FACE('',(#352),#3244,.T.);
#3401=ADVANCED_FACE('',(#353),#3245,.T.);
#3402=ADVANCED_FACE('',(#354),#3246,.T.);
#3403=ADVANCED_FACE('',(#355),#3247,.T.);
#3404=ADVANCED_FACE('',(#356),#3248,.T.);
#3405=ADVANCED_FACE('',(#357),#104,.T.);
#3406=ADVANCED_FACE('',(#358),#3249,.T.);
#3407=ADVANCED_FACE('',(#359),#3250,.T.);
#3408=ADVANCED_FACE('',(#360),#3251,.T.);
#3409=ADVANCED_FACE('',(#361),#3252,.T.);
#3410=ADVANCED_FACE('',(#362),#3253,.T.);
#3411=ADVANCED_FACE('',(#363),#105,.T.);
#3412=ADVANCED_FACE('',(#364),#3254,.T.);
#3413=ADVANCED_FACE('',(#365),#3255,.T.);
#3414=ADVANCED_FACE('',(#366),#3256,.T.);
#3415=ADVANCED_FACE('',(#367),#106,.T.);
#3416=ADVANCED_FACE('',(#368),#107,.F.);
#3417=ADVANCED_FACE('',(#369),#108,.F.);
#3418=ADVANCED_FACE('',(#370),#3257,.F.);
#3419=ADVANCED_FACE('',(#371),#3258,.F.);
#3420=ADVANCED_FACE('',(#372),#3259,.T.);
#3421=ADVANCED_FACE('',(#373,#155),#3260,.T.);
#3422=ADVANCED_FACE('',(#374),#3261,.T.);
#3423=ADVANCED_FACE('',(#375),#3262,.F.);
#3424=ADVANCED_FACE('',(#376),#3263,.F.);
#3425=ADVANCED_FACE('',(#377,#156),#3264,.T.);
#3426=ADVANCED_FACE('',(#378),#3265,.T.);
#3427=ADVANCED_FACE('',(#379,#157),#3266,.F.);
#3428=ADVANCED_FACE('',(#380,#158),#3267,.F.);
#3429=ADVANCED_FACE('',(#381),#3268,.T.);
#3430=ADVANCED_FACE('',(#382),#3269,.T.);
#3431=ADVANCED_FACE('',(#383,#159),#3270,.F.);
#3432=ADVANCED_FACE('',(#384,#160),#3271,.F.);
#3433=ADVANCED_FACE('',(#385),#3272,.T.);
#3434=ADVANCED_FACE('',(#386),#3273,.F.);
#3435=ADVANCED_FACE('',(#387),#3274,.T.);
#3436=ADVANCED_FACE('',(#388),#109,.F.);
#3437=ADVANCED_FACE('',(#389),#110,.F.);
#3438=ADVANCED_FACE('',(#390),#111,.F.);
#3439=ADVANCED_FACE('',(#391),#3275,.T.);
#3440=ADVANCED_FACE('',(#392),#3276,.T.);
#3441=ADVANCED_FACE('',(#393),#3277,.T.);
#3442=ADVANCED_FACE('',(#394),#112,.F.);
#3443=ADVANCED_FACE('',(#395),#113,.F.);
#3444=ADVANCED_FACE('',(#396),#114,.F.);
#3445=ADVANCED_FACE('',(#397),#115,.F.);
#3446=ADVANCED_FACE('',(#398),#3278,.F.);
#3447=ADVANCED_FACE('',(#399),#3279,.F.);
#3448=ADVANCED_FACE('',(#400),#3280,.T.);
#3449=ADVANCED_FACE('',(#401,#161),#3281,.T.);
#3450=ADVANCED_FACE('',(#402),#3282,.T.);
#3451=ADVANCED_FACE('',(#403),#3283,.F.);
#3452=ADVANCED_FACE('',(#404),#3284,.F.);
#3453=ADVANCED_FACE('',(#405,#162),#3285,.T.);
#3454=ADVANCED_FACE('',(#406),#3286,.T.);
#3455=ADVANCED_FACE('',(#407,#163),#3287,.F.);
#3456=ADVANCED_FACE('',(#408,#164),#3288,.F.);
#3457=ADVANCED_FACE('',(#409),#3289,.T.);
#3458=ADVANCED_FACE('',(#410),#3290,.T.);
#3459=ADVANCED_FACE('',(#411,#165),#3291,.F.);
#3460=ADVANCED_FACE('',(#412,#166),#3292,.F.);
#3461=ADVANCED_FACE('',(#413),#3293,.T.);
#3462=ADVANCED_FACE('',(#414,#167,#168,#169),#3294,.F.);
#3463=ADVANCED_FACE('',(#415),#3295,.T.);
#3464=ADVANCED_FACE('',(#416),#3296,.T.);
#3465=ADVANCED_FACE('',(#417),#116,.F.);
#3466=ADVANCED_FACE('',(#418),#117,.F.);
#3467=ADVANCED_FACE('',(#419),#118,.F.);
#3468=ADVANCED_FACE('',(#420),#3297,.T.);
#3469=ADVANCED_FACE('',(#421),#3298,.F.);
#3470=CLOSED_SHELL('',(#3299,#3300,#3301,#3302,#3303,#3304,#3305,#3306,
#3307,#3308,#3309,#3310,#3311,#3312,#3313,#3314,#3315,#3316,#3317,#3318,
#3319,#3320,#3321,#3322,#3323,#3324,#3325,#3326,#3327,#3328,#3329,#3330,
#3331,#3332,#3333,#3334,#3335,#3336,#3337,#3338,#3339,#3340,#3341,#3342,
#3343,#3344,#3345,#3346,#3347,#3348,#3349,#3350,#3351,#3352,#3353,#3354,
#3355,#3356,#3357,#3358,#3359,#3360,#3361,#3362,#3363,#3364,#3365,#3366,
#3367,#3368,#3369,#3370,#3371,#3372,#3373,#3374,#3375,#3376,#3377));
#3471=CLOSED_SHELL('',(#3378,#3379,#3380,#3381,#3382,#3383,#3384,#3385,
#3386,#3387,#3388,#3389,#3390,#3391,#3392,#3393,#3394,#3395,#3396,#3397,
#3398,#3399,#3400,#3401,#3402,#3403,#3404,#3405,#3406,#3407,#3408,#3409,
#3410,#3411,#3412,#3413,#3414,#3415,#3416,#3417,#3418,#3419,#3420,#3421,
#3422,#3423,#3424,#3425,#3426,#3427,#3428,#3429,#3430,#3431,#3432,#3433,
#3434,#3435,#3436,#3437,#3438,#3439,#3440,#3441,#3442,#3443,#3444,#3445,
#3446,#3447,#3448,#3449,#3450,#3451,#3452,#3453,#3454,#3455,#3456,#3457,
#3458,#3459,#3460,#3461,#3462,#3463,#3464,#3465,#3466,#3467,#3468,#3469));
#3472=DERIVED_UNIT_ELEMENT(#3476,1.);
#3473=DERIVED_UNIT_ELEMENT(#6063,-3.);
#3474=DERIVED_UNIT_ELEMENT(#3476,1.);
#3475=DERIVED_UNIT_ELEMENT(#6063,-3.);
#3476=(
MASS_UNIT()
NAMED_UNIT(*)
SI_UNIT(.KILO.,.GRAM.)
);
#3477=DERIVED_UNIT((#3472,#3473));
#3478=DERIVED_UNIT((#3474,#3475));
#3479=MEASURE_REPRESENTATION_ITEM('density measure',
POSITIVE_RATIO_MEASURE(7850.),#3477);
#3480=MEASURE_REPRESENTATION_ITEM('density measure',
POSITIVE_RATIO_MEASURE(7850.),#3478);
#3481=PROPERTY_DEFINITION_REPRESENTATION(#3491,#3485);
#3482=PROPERTY_DEFINITION_REPRESENTATION(#3492,#3486);
#3483=PROPERTY_DEFINITION_REPRESENTATION(#3493,#3487);
#3484=PROPERTY_DEFINITION_REPRESENTATION(#3494,#3488);
#3485=REPRESENTATION('material name',(#3489),#6059);
#3486=REPRESENTATION('density',(#3479),#6059);
#3487=REPRESENTATION('material name',(#3490),#6060);
#3488=REPRESENTATION('density',(#3480),#6060);
#3489=DESCRIPTIVE_REPRESENTATION_ITEM('Steel','Steel');
#3490=DESCRIPTIVE_REPRESENTATION_ITEM('Steel','Steel');
#3491=PROPERTY_DEFINITION('material property','material name',#6079);
#3492=PROPERTY_DEFINITION('material property','density of part',#6079);
#3493=PROPERTY_DEFINITION('material property','material name',#6080);
#3494=PROPERTY_DEFINITION('material property','density of part',#6080);
#3495=AXIS2_PLACEMENT_3D('',#4640,#3754,#3755);
#3496=AXIS2_PLACEMENT_3D('',#4641,#3756,#3757);
#3497=AXIS2_PLACEMENT_3D('',#4642,#3758,#3759);
#3498=AXIS2_PLACEMENT_3D('',#4651,#3764,#3765);
#3499=AXIS2_PLACEMENT_3D('',#4657,#3769,#3770);
#3500=AXIS2_PLACEMENT_3D('',#4666,#3775,#3776);
#3501=AXIS2_PLACEMENT_3D('',#4676,#3782,#3783);
#3502=AXIS2_PLACEMENT_3D('',#4682,#3787,#3788);
#3503=AXIS2_PLACEMENT_3D('',#4692,#3794,#3795);
#3504=AXIS2_PLACEMENT_3D('',#4700,#3799,#3800);
#3505=AXIS2_PLACEMENT_3D('',#4709,#3805,#3806);
#3506=AXIS2_PLACEMENT_3D('',#4720,#3812,#3813);
#3507=AXIS2_PLACEMENT_3D('',#4722,#3814,#3815);
#3508=AXIS2_PLACEMENT_3D('',#4724,#3816,#3817);
#3509=AXIS2_PLACEMENT_3D('',#4725,#3818,#3819);
#3510=AXIS2_PLACEMENT_3D('',#4737,#3825,#3826);
#3511=AXIS2_PLACEMENT_3D('',#4739,#3827,#3828);
#3512=AXIS2_PLACEMENT_3D('',#4751,#3834,#3835);
#3513=AXIS2_PLACEMENT_3D('',#4758,#3839,#3840);
#3514=AXIS2_PLACEMENT_3D('',#4760,#3841,#3842);
#3515=AXIS2_PLACEMENT_3D('',#4762,#3843,#3844);
#3516=AXIS2_PLACEMENT_3D('',#4763,#3845,#3846);
#3517=AXIS2_PLACEMENT_3D('',#4769,#3850,#3851);
#3518=AXIS2_PLACEMENT_3D('',#4773,#3854,#3855);
#3519=AXIS2_PLACEMENT_3D('',#4779,#3859,#3860);
#3520=AXIS2_PLACEMENT_3D('',#4785,#3864,#3865);
#3521=AXIS2_PLACEMENT_3D('',#4793,#3870,#3871);
#3522=AXIS2_PLACEMENT_3D('',#4794,#3872,#3873);
#3523=AXIS2_PLACEMENT_3D('',#4801,#3876,#3877);
#3524=AXIS2_PLACEMENT_3D('',#4804,#3879,#3880);
#3525=AXIS2_PLACEMENT_3D('',#4810,#3883,#3884);
#3526=AXIS2_PLACEMENT_3D('',#4813,#3886,#3887);
#3527=AXIS2_PLACEMENT_3D('',#4814,#3888,#3889);
#3528=AXIS2_PLACEMENT_3D('',#4820,#3893,#3894);
#3529=AXIS2_PLACEMENT_3D('',#4822,#3896,#3897);
#3530=AXIS2_PLACEMENT_3D('',#4906,#3899,#3900);
#3531=AXIS2_PLACEMENT_3D('',#4908,#3902,#3903);
#3532=AXIS2_PLACEMENT_3D('',#4912,#3906,#3907);
#3533=AXIS2_PLACEMENT_3D('',#4914,#3908,#3909);
#3534=AXIS2_PLACEMENT_3D('',#4916,#3910,#3911);
#3535=AXIS2_PLACEMENT_3D('',#4917,#3912,#3913);
#3536=AXIS2_PLACEMENT_3D('',#4919,#3914,#3915);
#3537=AXIS2_PLACEMENT_3D('',#4922,#3918,#3919);
#3538=AXIS2_PLACEMENT_3D('',#4923,#3920,#3921);
#3539=AXIS2_PLACEMENT_3D('',#4926,#3924,#3925);
#3540=AXIS2_PLACEMENT_3D('',#4929,#3928,#3929);
#3541=AXIS2_PLACEMENT_3D('',#4956,#3932,#3933);
#3542=AXIS2_PLACEMENT_3D('',#5016,#3934,#3935);
#3543=AXIS2_PLACEMENT_3D('',#5017,#3936,#3937);
#3544=AXIS2_PLACEMENT_3D('',#5019,#3939,#3940);
#3545=AXIS2_PLACEMENT_3D('',#5023,#3943,#3944);
#3546=AXIS2_PLACEMENT_3D('',#5027,#3946,#3947);
#3547=AXIS2_PLACEMENT_3D('',#5029,#3949,#3950);
#3548=AXIS2_PLACEMENT_3D('',#5031,#3951,#3952);
#3549=AXIS2_PLACEMENT_3D('',#5033,#3954,#3955);
#3550=AXIS2_PLACEMENT_3D('',#5035,#3956,#3957);
#3551=AXIS2_PLACEMENT_3D('',#5037,#3959,#3960);
#3552=AXIS2_PLACEMENT_3D('',#5041,#3963,#3964);
#3553=AXIS2_PLACEMENT_3D('',#5042,#3965,#3966);
#3554=AXIS2_PLACEMENT_3D('',#5043,#3967,#3968);
#3555=AXIS2_PLACEMENT_3D('',#5045,#3970,#3971);
#3556=AXIS2_PLACEMENT_3D('',#5047,#3972,#3973);
#3557=AXIS2_PLACEMENT_3D('',#5050,#3975,#3976);
#3558=AXIS2_PLACEMENT_3D('',#5051,#3977,#3978);
#3559=AXIS2_PLACEMENT_3D('',#5053,#3979,#3980);
#3560=AXIS2_PLACEMENT_3D('',#5055,#3982,#3983);
#3561=AXIS2_PLACEMENT_3D('',#5057,#3984,#3985);
#3562=AXIS2_PLACEMENT_3D('',#5060,#3987,#3988);
#3563=AXIS2_PLACEMENT_3D('',#5061,#3989,#3990);
#3564=AXIS2_PLACEMENT_3D('',#5070,#3995,#3996);
#3565=AXIS2_PLACEMENT_3D('',#5079,#4001,#4002);
#3566=AXIS2_PLACEMENT_3D('',#5082,#4005,#4006);
#3567=AXIS2_PLACEMENT_3D('',#5084,#4008,#4009);
#3568=AXIS2_PLACEMENT_3D('',#5093,#4014,#4015);
#3569=AXIS2_PLACEMENT_3D('',#5102,#4020,#4021);
#3570=AXIS2_PLACEMENT_3D('',#5105,#4024,#4025);
#3571=AXIS2_PLACEMENT_3D('',#5107,#4027,#4028);
#3572=AXIS2_PLACEMENT_3D('',#5113,#4032,#4033);
#3573=AXIS2_PLACEMENT_3D('',#5119,#4037,#4038);
#3574=AXIS2_PLACEMENT_3D('',#5121,#4040,#4041);
#3575=AXIS2_PLACEMENT_3D('',#5124,#4043,#4044);
#3576=AXIS2_PLACEMENT_3D('',#5125,#4045,#4046);
#3577=AXIS2_PLACEMENT_3D('',#5129,#4049,#4050);
#3578=AXIS2_PLACEMENT_3D('',#5131,#4052,#4053);
#3579=AXIS2_PLACEMENT_3D('',#5133,#4055,#4056);
#3580=AXIS2_PLACEMENT_3D('',#5135,#4057,#4058);
#3581=AXIS2_PLACEMENT_3D('',#5137,#4060,#4061);
#3582=AXIS2_PLACEMENT_3D('',#5139,#4063,#4064);
#3583=AXIS2_PLACEMENT_3D('',#5141,#4066,#4067);
#3584=AXIS2_PLACEMENT_3D('',#5143,#4069,#4070);
#3585=AXIS2_PLACEMENT_3D('',#5145,#4072,#4073);
#3586=AXIS2_PLACEMENT_3D('',#5147,#4074,#4075);
#3587=AXIS2_PLACEMENT_3D('',#5150,#4077,#4078);
#3588=AXIS2_PLACEMENT_3D('',#5151,#4079,#4080);
#3589=AXIS2_PLACEMENT_3D('',#5154,#4082,#4083);
#3590=AXIS2_PLACEMENT_3D('',#5155,#4084,#4085);
#3591=AXIS2_PLACEMENT_3D('',#5157,#4086,#4087);
#3592=AXIS2_PLACEMENT_3D('',#5160,#4089,#4090);
#3593=AXIS2_PLACEMENT_3D('',#5161,#4091,#4092);
#3594=AXIS2_PLACEMENT_3D('',#5164,#4094,#4095);
#3595=AXIS2_PLACEMENT_3D('',#5165,#4096,#4097);
#3596=AXIS2_PLACEMENT_3D('',#5174,#4102,#4103);
#3597=AXIS2_PLACEMENT_3D('',#5183,#4108,#4109);
#3598=AXIS2_PLACEMENT_3D('',#5186,#4112,#4113);
#3599=AXIS2_PLACEMENT_3D('',#5188,#4115,#4116);
#3600=AXIS2_PLACEMENT_3D('',#5197,#4121,#4122);
#3601=AXIS2_PLACEMENT_3D('',#5206,#4127,#4128);
#3602=AXIS2_PLACEMENT_3D('',#5209,#4131,#4132);
#3603=AXIS2_PLACEMENT_3D('',#5211,#4134,#4135);
#3604=AXIS2_PLACEMENT_3D('',#5217,#4139,#4140);
#3605=AXIS2_PLACEMENT_3D('',#5223,#4144,#4145);
#3606=AXIS2_PLACEMENT_3D('',#5225,#4147,#4148);
#3607=AXIS2_PLACEMENT_3D('',#5227,#4150,#4151);
#3608=AXIS2_PLACEMENT_3D('',#5231,#4154,#4155);
#3609=AXIS2_PLACEMENT_3D('',#5233,#4157,#4158);
#3610=AXIS2_PLACEMENT_3D('',#5235,#4160,#4161);
#3611=AXIS2_PLACEMENT_3D('',#5237,#4163,#4164);
#3612=AXIS2_PLACEMENT_3D('',#5239,#4165,#4166);
#3613=AXIS2_PLACEMENT_3D('',#5241,#4168,#4169);
#3614=AXIS2_PLACEMENT_3D('',#5243,#4171,#4172);
#3615=AXIS2_PLACEMENT_3D('',#5244,#4173,#4174);
#3616=AXIS2_PLACEMENT_3D('',#5245,#4175,#4176);
#3617=AXIS2_PLACEMENT_3D('',#5272,#4179,#4180);
#3618=AXIS2_PLACEMENT_3D('',#5278,#4184,#4185);
#3619=AXIS2_PLACEMENT_3D('',#5302,#4187,#4188);
#3620=AXIS2_PLACEMENT_3D('',#5351,#4189,#4190);
#3621=AXIS2_PLACEMENT_3D('',#5355,#4192,#4193);
#3622=AXIS2_PLACEMENT_3D('',#5391,#4195,#4196);
#3623=AXIS2_PLACEMENT_3D('',#5394,#4198,#4199);
#3624=AXIS2_PLACEMENT_3D('',#5433,#4200,#4201);
#3625=AXIS2_PLACEMENT_3D('',#5448,#4204,#4205);
#3626=AXIS2_PLACEMENT_3D('',#5452,#4208,#4209);
#3627=AXIS2_PLACEMENT_3D('',#5465,#4211,#4212);
#3628=AXIS2_PLACEMENT_3D('',#5472,#4214,#4215);
#3629=AXIS2_PLACEMENT_3D('',#5479,#4217,#4218);
#3630=AXIS2_PLACEMENT_3D('',#5491,#4220,#4221);
#3631=AXIS2_PLACEMENT_3D('',#5503,#4223,#4224);
#3632=AXIS2_PLACEMENT_3D('',#5553,#4227,#4228);
#3633=AXIS2_PLACEMENT_3D('',#5635,#4232,#4233);
#3634=AXIS2_PLACEMENT_3D('',#5637,#4234,#4235);
#3635=AXIS2_PLACEMENT_3D('',#5640,#4237,#4238);
#3636=AXIS2_PLACEMENT_3D('',#5641,#4239,#4240);
#3637=AXIS2_PLACEMENT_3D('',#5643,#4242,#4243);
#3638=AXIS2_PLACEMENT_3D('',#5645,#4244,#4245);
#3639=AXIS2_PLACEMENT_3D('',#5648,#4247,#4248);
#3640=AXIS2_PLACEMENT_3D('',#5649,#4249,#4250);
#3641=AXIS2_PLACEMENT_3D('',#5651,#4251,#4252);
#3642=AXIS2_PLACEMENT_3D('',#5654,#4254,#4255);
#3643=AXIS2_PLACEMENT_3D('',#5656,#4256,#4257);
#3644=AXIS2_PLACEMENT_3D('',#5659,#4259,#4260);
#3645=AXIS2_PLACEMENT_3D('',#5660,#4261,#4262);
#3646=AXIS2_PLACEMENT_3D('',#5662,#4263,#4264);
#3647=AXIS2_PLACEMENT_3D('',#5670,#4268,#4269);
#3648=AXIS2_PLACEMENT_3D('',#5674,#4271,#4272);
#3649=AXIS2_PLACEMENT_3D('',#5693,#4282,#4283);
#3650=AXIS2_PLACEMENT_3D('',#5701,#4287,#4288);
#3651=AXIS2_PLACEMENT_3D('',#5709,#4292,#4293);
#3652=AXIS2_PLACEMENT_3D('',#5717,#4297,#4298);
#3653=AXIS2_PLACEMENT_3D('',#5723,#4301,#4302);
#3654=AXIS2_PLACEMENT_3D('',#5726,#4304,#4305);
#3655=AXIS2_PLACEMENT_3D('',#5727,#4306,#4307);
#3656=AXIS2_PLACEMENT_3D('',#5730,#4308,#4309);
#3657=AXIS2_PLACEMENT_3D('',#5733,#4312,#4313);
#3658=AXIS2_PLACEMENT_3D('',#5737,#4316,#4317);
#3659=AXIS2_PLACEMENT_3D('',#5739,#4318,#4319);
#3660=AXIS2_PLACEMENT_3D('',#5741,#4321,#4322);
#3661=AXIS2_PLACEMENT_3D('',#5747,#4326,#4327);
#3662=AXIS2_PLACEMENT_3D('',#5751,#4330,#4331);
#3663=AXIS2_PLACEMENT_3D('',#5757,#4335,#4336);
#3664=AXIS2_PLACEMENT_3D('',#5761,#4339,#4340);
#3665=AXIS2_PLACEMENT_3D('',#5765,#4343,#4344);
#3666=AXIS2_PLACEMENT_3D('',#5769,#4347,#4348);
#3667=AXIS2_PLACEMENT_3D('',#5770,#4349,#4350);
#3668=AXIS2_PLACEMENT_3D('',#5771,#4351,#4352);
#3669=AXIS2_PLACEMENT_3D('',#5777,#4356,#4357);
#3670=AXIS2_PLACEMENT_3D('',#5781,#4360,#4361);
#3671=AXIS2_PLACEMENT_3D('',#5787,#4365,#4366);
#3672=AXIS2_PLACEMENT_3D('',#5791,#4369,#4370);
#3673=AXIS2_PLACEMENT_3D('',#5795,#4373,#4374);
#3674=AXIS2_PLACEMENT_3D('',#5798,#4376,#4377);
#3675=AXIS2_PLACEMENT_3D('',#5799,#4378,#4379);
#3676=AXIS2_PLACEMENT_3D('',#5801,#4381,#4382);
#3677=AXIS2_PLACEMENT_3D('',#5805,#4385,#4386);
#3678=AXIS2_PLACEMENT_3D('',#5809,#4389,#4390);
#3679=AXIS2_PLACEMENT_3D('',#5811,#4392,#4393);
#3680=AXIS2_PLACEMENT_3D('',#5813,#4394,#4395);
#3681=AXIS2_PLACEMENT_3D('',#5816,#4397,#4398);
#3682=AXIS2_PLACEMENT_3D('',#5817,#4399,#4400);
#3683=AXIS2_PLACEMENT_3D('',#5819,#4401,#4402);
#3684=AXIS2_PLACEMENT_3D('',#5822,#4404,#4405);
#3685=AXIS2_PLACEMENT_3D('',#5823,#4406,#4407);
#3686=AXIS2_PLACEMENT_3D('',#5832,#4412,#4413);
#3687=AXIS2_PLACEMENT_3D('',#5841,#4418,#4419);
#3688=AXIS2_PLACEMENT_3D('',#5847,#4423,#4424);
#3689=AXIS2_PLACEMENT_3D('',#5850,#4427,#4428);
#3690=AXIS2_PLACEMENT_3D('',#5856,#4432,#4433);
#3691=AXIS2_PLACEMENT_3D('',#5865,#4438,#4439);
#3692=AXIS2_PLACEMENT_3D('',#5874,#4444,#4445);
#3693=AXIS2_PLACEMENT_3D('',#5877,#4448,#4449);
#3694=AXIS2_PLACEMENT_3D('',#5879,#4451,#4452);
#3695=AXIS2_PLACEMENT_3D('',#5881,#4454,#4455);
#3696=AXIS2_PLACEMENT_3D('',#5884,#4458,#4459);
#3697=AXIS2_PLACEMENT_3D('',#5885,#4460,#4461);
#3698=AXIS2_PLACEMENT_3D('',#5891,#4465,#4466);
#3699=AXIS2_PLACEMENT_3D('',#5893,#4468,#4469);
#3700=AXIS2_PLACEMENT_3D('',#5897,#4472,#4473);
#3701=AXIS2_PLACEMENT_3D('',#5901,#4476,#4477);
#3702=AXIS2_PLACEMENT_3D('',#5903,#4478,#4479);
#3703=AXIS2_PLACEMENT_3D('',#5906,#4481,#4482);
#3704=AXIS2_PLACEMENT_3D('',#5907,#4483,#4484);
#3705=AXIS2_PLACEMENT_3D('',#5909,#4486,#4487);
#3706=AXIS2_PLACEMENT_3D('',#5910,#4488,#4489);
#3707=AXIS2_PLACEMENT_3D('',#5911,#4490,#4491);
#3708=AXIS2_PLACEMENT_3D('',#5913,#4493,#4494);
#3709=AXIS2_PLACEMENT_3D('',#5915,#4496,#4497);
#3710=AXIS2_PLACEMENT_3D('',#5916,#4498,#4499);
#3711=AXIS2_PLACEMENT_3D('',#5918,#4501,#4502);
#3712=AXIS2_PLACEMENT_3D('',#5920,#4504,#4505);
#3713=AXIS2_PLACEMENT_3D('',#5921,#4506,#4507);
#3714=AXIS2_PLACEMENT_3D('',#5922,#4508,#4509);
#3715=AXIS2_PLACEMENT_3D('',#5923,#4510,#4511);
#3716=AXIS2_PLACEMENT_3D('',#5924,#4512,#4513);
#3717=AXIS2_PLACEMENT_3D('',#5926,#4514,#4515);
#3718=AXIS2_PLACEMENT_3D('',#5929,#4517,#4518);
#3719=AXIS2_PLACEMENT_3D('',#5930,#4519,#4520);
#3720=AXIS2_PLACEMENT_3D('',#5932,#4521,#4522);
#3721=AXIS2_PLACEMENT_3D('',#5935,#4524,#4525);
#3722=AXIS2_PLACEMENT_3D('',#5936,#4526,#4527);
#3723=AXIS2_PLACEMENT_3D('',#5945,#4532,#4533);
#3724=AXIS2_PLACEMENT_3D('',#5954,#4538,#4539);
#3725=AXIS2_PLACEMENT_3D('',#5963,#4544,#4545);
#3726=AXIS2_PLACEMENT_3D('',#5966,#4548,#4549);
#3727=AXIS2_PLACEMENT_3D('',#5975,#4554,#4555);
#3728=AXIS2_PLACEMENT_3D('',#5984,#4560,#4561);
#3729=AXIS2_PLACEMENT_3D('',#5993,#4566,#4567);
#3730=AXIS2_PLACEMENT_3D('',#5996,#4570,#4571);
#3731=AXIS2_PLACEMENT_3D('',#5998,#4573,#4574);
#3732=AXIS2_PLACEMENT_3D('',#6000,#4576,#4577);
#3733=AXIS2_PLACEMENT_3D('',#6003,#4580,#4581);
#3734=AXIS2_PLACEMENT_3D('',#6004,#4582,#4583);
#3735=AXIS2_PLACEMENT_3D('',#6013,#4588,#4589);
#3736=AXIS2_PLACEMENT_3D('',#6016,#4592,#4593);
#3737=AXIS2_PLACEMENT_3D('',#6022,#4597,#4598);
#3738=AXIS2_PLACEMENT_3D('',#6028,#4602,#4603);
#3739=AXIS2_PLACEMENT_3D('',#6031,#4605,#4606);
#3740=AXIS2_PLACEMENT_3D('',#6034,#4608,#4609);
#3741=AXIS2_PLACEMENT_3D('',#6035,#4610,#4611);
#3742=AXIS2_PLACEMENT_3D('',#6036,#4612,#4613);
#3743=AXIS2_PLACEMENT_3D('',#6038,#4615,#4616);
#3744=AXIS2_PLACEMENT_3D('',#6039,#4617,#4618);
#3745=AXIS2_PLACEMENT_3D('',#6040,#4619,#4620);
#3746=AXIS2_PLACEMENT_3D('',#6041,#4621,#4622);
#3747=AXIS2_PLACEMENT_3D('',#6043,#4623,#4624);
#3748=AXIS2_PLACEMENT_3D('',#6045,#4626,#4627);
#3749=AXIS2_PLACEMENT_3D('',#6047,#4628,#4629);
#3750=AXIS2_PLACEMENT_3D('',#6049,#4631,#4632);
#3751=AXIS2_PLACEMENT_3D('',#6051,#4634,#4635);
#3752=AXIS2_PLACEMENT_3D('',#6052,#4636,#4637);
#3753=AXIS2_PLACEMENT_3D('',#6053,#4638,#4639);
#3754=DIRECTION('axis',(0.,0.,1.));
#3755=DIRECTION('refdir',(1.,0.,0.));
#3756=DIRECTION('axis',(0.,0.,1.));
#3757=DIRECTION('refdir',(1.,0.,0.));
#3758=DIRECTION('center_axis',(-1.47196168001604E-16,-0.707106781186551,
-0.707106781186544));
#3759=DIRECTION('ref_axis',(-1.,8.32667268468869E-17,1.2490009027033E-16));
#3760=DIRECTION('',(1.,-8.32667268468869E-17,-1.2490009027033E-16));
#3761=DIRECTION('',(-1.35585468084861E-31,0.707106781186548,-0.707106781186547));
#3762=DIRECTION('',(-1.,8.32667268468869E-17,1.2490009027033E-16));
#3763=DIRECTION('',(1.35585468084861E-31,-0.707106781186548,0.707106781186547));
#3764=DIRECTION('center_axis',(2.94392336003207E-17,-0.707106781186547,
0.707106781186548));
#3765=DIRECTION('ref_axis',(1.,-8.32667268468869E-17,-1.2490009027033E-16));
#3766=DIRECTION('',(2.34893561022468E-16,0.707106781186548,0.707106781186547));
#3767=DIRECTION('',(1.,-1.45278148144322E-16,-1.86911511567765E-16));
#3768=DIRECTION('',(-2.34893561022468E-16,-0.707106781186548,-0.707106781186547));
#3769=DIRECTION('center_axis',(-9.81307786677359E-18,0.707106781186548,
-0.707106781186548));
#3770=DIRECTION('ref_axis',(-1.02868480863722E-16,-0.707106781186548,-0.707106781186548));
#3771=DIRECTION('',(-2.34893561022469E-16,-0.707106781186548,-0.707106781186548));
#3772=DIRECTION('',(-1.,0.,1.38777878078145E-17));
#3773=DIRECTION('',(-1.02868480863722E-16,-0.707106781186547,-0.707106781186547));
#3774=DIRECTION('',(-1.,0.,1.38777878078145E-17));
#3775=DIRECTION('center_axis',(2.94392336003204E-17,-0.707106781186548,
0.707106781186547));
#3776=DIRECTION('ref_axis',(1.,-8.32667268468869E-17,-1.2490009027033E-16));
#3777=DIRECTION('',(0.,0.707106781186547,0.707106781186548));
#3778=DIRECTION('',(-0.577350269189626,-0.577350269189625,-0.577350269189627));
#3779=DIRECTION('',(-1.,-2.77555756156284E-17,1.38777878078145E-17));
#3780=DIRECTION('',(-0.577350269189627,0.577350269189624,0.577350269189626));
#3781=DIRECTION('',(0.,-0.707106781186547,-0.707106781186548));
#3782=DIRECTION('center_axis',(-2.34893561022469E-16,-0.707106781186547,
-0.707106781186548));
#3783=DIRECTION('ref_axis',(1.,-8.32667268468868E-17,-2.489229328652E-16));
#3784=DIRECTION('',(0.,0.707106781186548,-0.707106781186547));
#3785=DIRECTION('',(1.,-8.32667268468868E-17,-2.489229328652E-16));
#3786=DIRECTION('',(0.,-0.707106781186548,0.707106781186547));
#3787=DIRECTION('center_axis',(2.94392336003204E-17,-0.707106781186548,
0.707106781186547));
#3788=DIRECTION('ref_axis',(1.,-8.32667268468869E-17,-1.2490009027033E-16));
#3789=DIRECTION('',(0.577350269189627,-0.577350269189625,-0.577350269189626));
#3790=DIRECTION('',(0.,0.707106781186547,0.707106781186548));
#3791=DIRECTION('',(0.,-0.707106781186547,-0.707106781186548));
#3792=DIRECTION('',(0.577350269189626,0.577350269189625,0.577350269189627));
#3793=DIRECTION('',(1.,2.77555756156284E-17,-1.38777878078145E-17));
#3794=DIRECTION('center_axis',(1.,0.,0.));
#3795=DIRECTION('ref_axis',(0.,0.,-1.));
#3796=DIRECTION('',(0.,-1.,0.));
#3797=DIRECTION('',(0.,1.7630424056412E-16,-1.));
#3798=DIRECTION('',(0.,1.,0.));
#3799=DIRECTION('center_axis',(1.,0.,0.));
#3800=DIRECTION('ref_axis',(0.,0.707106781186545,-0.70710678118655));
#3801=DIRECTION('',(2.1081531797931E-16,-0.707106781186547,-0.707106781186547));
#3802=DIRECTION('',(0.,1.7630424056412E-16,-1.));
#3803=DIRECTION('',(0.,-1.,0.));
#3804=DIRECTION('',(0.,0.,1.));
#3805=DIRECTION('center_axis',(-1.,0.,1.38777878078145E-17));
#3806=DIRECTION('ref_axis',(-1.38777878078145E-17,0.,-1.));
#3807=DIRECTION('',(0.,0.,1.));
#3808=DIRECTION('',(-4.48597845338221E-17,-0.707106781186548,-0.707106781186548));
#3809=DIRECTION('',(0.,-1.,-1.36642833800019E-16));
#3810=DIRECTION('',(0.,1.7630424056412E-16,-1.));
#3811=DIRECTION('',(0.,1.,0.));
#3812=DIRECTION('center_axis',(-1.,0.,0.));
#3813=DIRECTION('ref_axis',(-1.2490009027033E-16,-4.99600361081321E-16,
-1.));
#3814=DIRECTION('center_axis',(-1.,0.,1.38777878078145E-17));
#3815=DIRECTION('ref_axis',(-1.38777878078145E-17,0.,-1.));
#3816=DIRECTION('center_axis',(-1.,0.,1.38777878078145E-17));
#3817=DIRECTION('ref_axis',(-1.38777878078145E-17,0.,-1.));
#3818=DIRECTION('center_axis',(1.,0.,0.));
#3819=DIRECTION('ref_axis',(0.,0.,-1.));
#3820=DIRECTION('',(0.,-1.,0.));
#3821=DIRECTION('',(0.,-1.7630424056412E-16,1.));
#3822=DIRECTION('',(0.,1.,1.36642833800019E-16));
#3823=DIRECTION('',(4.48597845338221E-17,0.707106781186548,0.707106781186548));
#3824=DIRECTION('',(0.,0.,-1.));
#3825=DIRECTION('center_axis',(1.,0.,0.));
#3826=DIRECTION('ref_axis',(-1.38777878078145E-17,0.,-1.));
#3827=DIRECTION('center_axis',(1.,0.,0.));
#3828=DIRECTION('ref_axis',(-1.38777878078145E-17,0.,-1.));
#3829=DIRECTION('',(0.,0.,-1.));
#3830=DIRECTION('',(0.,1.,0.));
#3831=DIRECTION('',(-1.02868480863722E-16,-0.707106781186547,-0.707106781186547));
#3832=DIRECTION('',(0.,-1.7630424056412E-16,1.));
#3833=DIRECTION('',(-2.1081531797931E-16,0.707106781186547,0.707106781186547));
#3834=DIRECTION('center_axis',(1.,0.,0.));
#3835=DIRECTION('ref_axis',(0.,0.707106781186545,-0.70710678118655));
#3836=DIRECTION('',(0.,-1.,0.));
#3837=DIRECTION('',(0.,-1.7630424056412E-16,1.));
#3838=DIRECTION('',(0.,1.,0.));
#3839=DIRECTION('center_axis',(1.,0.,0.));
#3840=DIRECTION('ref_axis',(-1.38777878078145E-17,0.,-1.));
#3841=DIRECTION('center_axis',(1.,0.,0.));
#3842=DIRECTION('ref_axis',(-1.2490009027033E-16,-4.99600361081321E-16,
-1.));
#3843=DIRECTION('center_axis',(1.,0.,0.));
#3844=DIRECTION('ref_axis',(-1.38777878078145E-17,0.,-1.));
#3845=DIRECTION('center_axis',(1.38777878078145E-17,0.,1.));
#3846=DIRECTION('ref_axis',(1.,0.,-1.38777878078145E-17));
#3847=DIRECTION('',(0.,1.,0.));
#3848=DIRECTION('',(-1.,0.,1.38777878078145E-17));
#3849=DIRECTION('',(0.,1.,0.));
#3850=DIRECTION('center_axis',(-0.707106781186548,0.,0.707106781186547));
#3851=DIRECTION('ref_axis',(0.707106781186547,0.,0.707106781186548));
#3852=DIRECTION('',(0.,1.,0.));
#3853=DIRECTION('',(-0.707106781186547,0.,-0.707106781186548));
#3854=DIRECTION('center_axis',(0.707106781186548,0.,-0.707106781186547));
#3855=DIRECTION('ref_axis',(-0.707106781186547,0.,-0.707106781186548));
#3856=DIRECTION('',(0.,1.,0.));
#3857=DIRECTION('',(0.707106781186547,0.,0.707106781186548));
#3858=DIRECTION('',(0.,1.,0.));
#3859=DIRECTION('center_axis',(-9.81307786677359E-18,0.707106781186548,
-0.707106781186548));
#3860=DIRECTION('ref_axis',(-1.02868480863722E-16,-0.707106781186548,-0.707106781186548));
#3861=DIRECTION('',(-1.,0.,1.38777878078145E-17));
#3862=DIRECTION('',(1.02868480863722E-16,0.707106781186547,0.707106781186547));
#3863=DIRECTION('',(-1.,0.,1.38777878078145E-17));
#3864=DIRECTION('center_axis',(-0.928311513549139,-0.371803353685934,0.));
#3865=DIRECTION('ref_axis',(-0.371803353685934,0.928311513549139,0.));
#3866=DIRECTION('',(-0.272490390244757,0.68034880290343,0.68034880290343));
#3867=DIRECTION('',(0.371803353685934,-0.928311513549139,1.1339875512552E-30));
#3868=DIRECTION('',(1.2490009027033E-16,4.99600361081321E-16,1.));
#3869=DIRECTION('',(-0.371803353685934,0.928311513549139,0.));
#3870=DIRECTION('center_axis',(-0.928311513549139,-0.371803353685934,0.));
#3871=DIRECTION('ref_axis',(-0.371803353685934,0.928311513549139,5.15980804868718E-18));
#3872=DIRECTION('center_axis',(1.38777878078144E-17,1.18329135783152E-30,
1.));
#3873=DIRECTION('ref_axis',(-2.5807461254789E-31,1.,-1.18329135783152E-30));
#3874=DIRECTION('',(1.,2.77555756156288E-17,-1.38777878078144E-17));
#3875=DIRECTION('',(0.371390676354102,0.92847669088526,-1.08468374467889E-30));
#3876=DIRECTION('center_axis',(7.39557098644699E-32,-1.18329135783152E-30,
-1.));
#3877=DIRECTION('ref_axis',(-0.000222253308511335,0.999999975301733,-1.18329135783153E-30));
#3878=DIRECTION('',(0.999999975301733,0.00022225330852206,7.39557098644699E-32));
#3879=DIRECTION('center_axis',(7.39557098644699E-32,-1.18329135783152E-30,
-1.));
#3880=DIRECTION('ref_axis',(0.928311513549142,0.371803353685924,-2.95822839457883E-31));
#3881=DIRECTION('',(1.,2.77555756156288E-17,-1.38777878078144E-17));
#3882=DIRECTION('',(-2.5807461254789E-31,1.,-1.18329135783152E-30));
#3883=DIRECTION('center_axis',(-7.39557098644699E-32,1.18329135783152E-30,
1.));
#3884=DIRECTION('ref_axis',(1.,2.59615356503399E-31,7.39557098644698E-32));
#3885=DIRECTION('',(2.5807461254789E-31,-1.,1.18329135783152E-30));
#3886=DIRECTION('center_axis',(7.39557098644699E-32,-1.18329135783152E-30,
-1.));
#3887=DIRECTION('ref_axis',(1.,2.596153565034E-31,7.39557098644701E-32));
#3888=DIRECTION('center_axis',(-0.707106781186547,0.,-0.707106781186548));
#3889=DIRECTION('ref_axis',(-0.707106781186548,0.,0.707106781186547));
#3890=DIRECTION('',(0.,1.,0.));
#3891=DIRECTION('',(0.707106781186548,0.,-0.707106781186547));
#3892=DIRECTION('',(0.,1.,0.));
#3893=DIRECTION('center_axis',(-1.38777878078145E-17,0.,-1.));
#3894=DIRECTION('ref_axis',(-1.,0.,1.38777878078145E-17));
#3895=DIRECTION('',(1.,0.,-1.38777878078145E-17));
#3896=DIRECTION('center_axis',(-1.,8.32667268468869E-17,1.2490009027033E-16));
#3897=DIRECTION('ref_axis',(-1.2490009027033E-16,-4.99600361081321E-16,
-1.));
#3898=DIRECTION('',(-1.,8.32667268468869E-17,1.2490009027033E-16));
#3899=DIRECTION('center_axis',(1.,-8.32667268468869E-17,-1.2490009027033E-16));
#3900=DIRECTION('ref_axis',(-1.2490009027033E-16,-4.99600361081321E-16,
-1.));
#3901=DIRECTION('',(-1.,8.32667268468869E-17,1.2490009027033E-16));
#3902=DIRECTION('center_axis',(0.707106781186547,0.,0.707106781186548));
#3903=DIRECTION('ref_axis',(0.707106781186548,0.,-0.707106781186547));
#3904=DIRECTION('',(-0.707106781186548,0.,0.707106781186547));
#3905=DIRECTION('',(0.,1.,0.));
#3906=DIRECTION('center_axis',(-5.55111512312583E-17,1.,-3.62934336888388E-23));
#3907=DIRECTION('ref_axis',(-1.,-5.55111512312583E-17,-7.39557098644699E-32));
#3908=DIRECTION('center_axis',(-5.55111512312583E-17,1.,-3.62934336888388E-23));
#3909=DIRECTION('ref_axis',(1.,2.50087071515378E-31,-1.38777878078144E-17));
#3910=DIRECTION('center_axis',(5.55111512312583E-17,-1.,3.62934336888388E-23));
#3911=DIRECTION('ref_axis',(-1.,-5.55111512312582E-17,-7.54650100657856E-32));
#3912=DIRECTION('center_axis',(5.5511151231258E-17,-1.,3.0814879110196E-33));
#3913=DIRECTION('ref_axis',(-1.,-5.5511151231258E-17,-3.08148791101958E-33));
#3914=DIRECTION('center_axis',(5.5511151231258E-17,-1.,3.62934325086289E-23));
#3915=DIRECTION('ref_axis',(-1.,-5.5511151231258E-17,-3.08148791101958E-33));
#3916=DIRECTION('',(-5.5511151231258E-17,1.,-3.0814879110196E-33));
#3917=DIRECTION('',(-5.5511151231258E-17,1.,-3.0814879110196E-33));
#3918=DIRECTION('center_axis',(-5.5511151231258E-17,1.,-3.62934325086289E-23));
#3919=DIRECTION('ref_axis',(-1.,-5.5511151231258E-17,-3.08148791101958E-33));
#3920=DIRECTION('center_axis',(1.,0.,5.22185308853972E-16));
#3921=DIRECTION('ref_axis',(5.22185308853972E-16,0.,-1.));
#3922=DIRECTION('',(0.,-1.7630424056412E-16,1.));
#3923=DIRECTION('',(-5.22185308853972E-16,0.,1.));
#3924=DIRECTION('center_axis',(-1.,0.,-9.24232631350312E-16));
#3925=DIRECTION('ref_axis',(-9.24232631350312E-16,0.,1.));
#3926=DIRECTION('',(0.,1.7630424056412E-16,-1.));
#3927=DIRECTION('',(9.24232631350312E-16,0.,-1.));
#3928=DIRECTION('center_axis',(0.,1.,0.));
#3929=DIRECTION('ref_axis',(1.,0.,-1.38777878078145E-17));
#3930=DIRECTION('',(0.,-1.,0.));
#3931=DIRECTION('',(0.,-1.,0.));
#3932=DIRECTION('center_axis',(0.,-1.,0.));
#3933=DIRECTION('ref_axis',(1.,0.,-1.38777878078145E-17));
#3934=DIRECTION('center_axis',(0.,-1.,0.));
#3935=DIRECTION('ref_axis',(1.,0.,-1.38777878078145E-17));
#3936=DIRECTION('center_axis',(0.92847669088526,-0.371390676354102,0.));
#3937=DIRECTION('ref_axis',(-0.371390676354102,-0.92847669088526,0.));
#3938=DIRECTION('',(-0.272165526975907,-0.680413817439772,-0.680413817439772));
#3939=DIRECTION('center_axis',(0.92847669088526,-0.371390676354102,0.));
#3940=DIRECTION('ref_axis',(0.371390676354102,0.92847669088526,-5.15408100024292E-18));
#3941=DIRECTION('',(-0.371390676354102,-0.92847669088526,0.));
#3942=DIRECTION('',(1.2490009027033E-16,4.99600361081321E-16,1.));
#3943=DIRECTION('center_axis',(0.,0.,-1.));
#3944=DIRECTION('ref_axis',(1.,0.,0.));
#3945=DIRECTION('',(5.55111512312578E-17,0.,1.));
#3946=DIRECTION('center_axis',(0.,0.,-1.));
#3947=DIRECTION('ref_axis',(1.,0.,0.));
#3948=DIRECTION('',(-5.55111512312578E-17,0.,-1.));
#3949=DIRECTION('center_axis',(0.,0.,-1.));
#3950=DIRECTION('ref_axis',(1.,0.,0.));
#3951=DIRECTION('center_axis',(0.,0.,1.));
#3952=DIRECTION('ref_axis',(1.,0.,0.));
#3953=DIRECTION('',(0.,0.,1.));
#3954=DIRECTION('center_axis',(0.,0.,-1.));
#3955=DIRECTION('ref_axis',(-0.000222253308511335,0.999999975301733,0.));
#3956=DIRECTION('center_axis',(0.,0.,1.));
#3957=DIRECTION('ref_axis',(-0.000222253308511335,0.999999975301733,0.));
#3958=DIRECTION('',(1.2490009027033E-16,4.99600361081321E-16,1.));
#3959=DIRECTION('center_axis',(0.00022225330852206,-0.999999975301733,0.));
#3960=DIRECTION('ref_axis',(-0.999999975301733,-0.000222253308522059,0.));
#3961=DIRECTION('',(-0.999999975301733,-0.00022225330852206,0.));
#3962=DIRECTION('',(1.2490009027033E-16,4.99600361081321E-16,1.));
#3963=DIRECTION('center_axis',(0.,0.,-1.));
#3964=DIRECTION('ref_axis',(0.928311513549142,0.371803353685924,0.));
#3965=DIRECTION('center_axis',(0.,0.,1.));
#3966=DIRECTION('ref_axis',(0.928311513549142,0.371803353685924,0.));
#3967=DIRECTION('center_axis',(1.,0.,-1.38777878078145E-17));
#3968=DIRECTION('ref_axis',(-1.38777878078145E-17,0.,-1.));
#3969=DIRECTION('',(-1.,0.,1.38777878078145E-17));
#3970=DIRECTION('center_axis',(1.,0.,-1.38777878078145E-17));
#3971=DIRECTION('ref_axis',(1.38777878078145E-17,0.,1.));
#3972=DIRECTION('center_axis',(1.,0.,0.));
#3973=DIRECTION('ref_axis',(1.38777878078145E-17,0.,1.));
#3974=DIRECTION('',(1.,0.,-1.38777878078145E-17));
#3975=DIRECTION('center_axis',(-1.,0.,0.));
#3976=DIRECTION('ref_axis',(1.38777878078145E-17,0.,1.));
#3977=DIRECTION('center_axis',(1.,0.,-1.38777878078145E-17));
#3978=DIRECTION('ref_axis',(1.38777878078145E-17,0.,1.));
#3979=DIRECTION('center_axis',(1.,0.,-1.38777878078145E-17));
#3980=DIRECTION('ref_axis',(1.38777878078145E-17,0.,1.));
#3981=DIRECTION('',(1.,0.,-1.38777878078145E-17));
#3982=DIRECTION('center_axis',(1.,0.,-1.38777878078145E-17));
#3983=DIRECTION('ref_axis',(1.38777878078145E-17,0.,1.));
#3984=DIRECTION('center_axis',(1.,0.,0.));
#3985=DIRECTION('ref_axis',(1.38777878078145E-17,0.,1.));
#3986=DIRECTION('',(1.,0.,-1.38777878078145E-17));
#3987=DIRECTION('center_axis',(-1.,0.,1.38777878078145E-17));
#3988=DIRECTION('ref_axis',(1.38777878078145E-17,0.,1.));
#3989=DIRECTION('center_axis',(1.38777878078145E-17,0.,1.));
#3990=DIRECTION('ref_axis',(0.,-1.,0.));
#3991=DIRECTION('',(0.,1.,0.));
#3992=DIRECTION('',(1.,0.,-1.38777878078145E-17));
#3993=DIRECTION('',(0.,-1.,0.));
#3994=DIRECTION('',(1.,0.,-1.38777878078145E-17));
#3995=DIRECTION('center_axis',(-1.38777878078145E-17,0.,-1.));
#3996=DIRECTION('ref_axis',(0.,1.,0.));
#3997=DIRECTION('',(0.,-1.,0.));
#3998=DIRECTION('',(-1.,0.,1.38777878078145E-17));
#3999=DIRECTION('',(0.,1.,0.));
#4000=DIRECTION('',(1.,0.,-1.38777878078145E-17));
#4001=DIRECTION('center_axis',(1.,0.,-1.38777878078145E-17));
#4002=DIRECTION('ref_axis',(-1.38777878078145E-17,0.,-1.));
#4003=DIRECTION('',(1.38777878078145E-17,0.,1.));
#4004=DIRECTION('',(1.38777878078145E-17,-1.7630424056412E-16,1.));
#4005=DIRECTION('center_axis',(0.,1.,0.));
#4006=DIRECTION('ref_axis',(1.38777878078145E-17,0.,1.));
#4007=DIRECTION('',(1.38777878078145E-17,0.,1.));
#4008=DIRECTION('center_axis',(9.81307786677359E-18,-0.707106781186548,
0.707106781186547));
#4009=DIRECTION('ref_axis',(-1.77943811984161E-15,-0.707106781186547,-0.707106781186548));
#4010=DIRECTION('',(0.,0.707106781186547,0.707106781186548));
#4011=DIRECTION('',(1.,0.,-1.38777878078145E-17));
#4012=DIRECTION('',(-9.8130778667736E-18,-0.707106781186547,-0.707106781186548));
#4013=DIRECTION('',(1.,0.,-1.38777878078145E-17));
#4014=DIRECTION('center_axis',(-9.81307786677359E-18,0.707106781186548,
-0.707106781186548));
#4015=DIRECTION('ref_axis',(5.63020315516944E-16,0.707106781186548,0.707106781186548));
#4016=DIRECTION('',(0.,-0.707106781186548,-0.707106781186548));
#4017=DIRECTION('',(-1.,0.,1.38777878078145E-17));
#4018=DIRECTION('',(9.81307786677359E-18,0.707106781186548,0.707106781186548));
#4019=DIRECTION('',(1.,0.,-1.38777878078145E-17));
#4020=DIRECTION('center_axis',(-1.,0.,0.));
#4021=DIRECTION('ref_axis',(0.,0.,1.));
#4022=DIRECTION('',(1.02056009814445E-15,0.,-1.));
#4023=DIRECTION('',(0.,-1.7630424056412E-16,1.));
#4024=DIRECTION('center_axis',(1.,0.,-1.38777878078145E-17));
#4025=DIRECTION('ref_axis',(-1.38777878078145E-17,0.,-1.));
#4026=DIRECTION('',(-1.38777878078145E-17,1.7630424056412E-16,-1.));
#4027=DIRECTION('center_axis',(-1.38777878078145E-17,0.,-1.));
#4028=DIRECTION('ref_axis',(0.,-1.,0.));
#4029=DIRECTION('',(-1.,0.,1.38777878078145E-17));
#4030=DIRECTION('',(0.,-1.,0.));
#4031=DIRECTION('',(-1.,0.,1.38777878078145E-17));
#4032=DIRECTION('center_axis',(1.38777878078145E-17,-1.36642833800019E-16,
1.));
#4033=DIRECTION('ref_axis',(0.,1.,1.36642833800019E-16));
#4034=DIRECTION('',(-1.,0.,1.38777878078145E-17));
#4035=DIRECTION('',(-1.,0.,1.38777878078145E-17));
#4036=DIRECTION('',(0.,1.,1.36642833800019E-16));
#4037=DIRECTION('center_axis',(0.,1.,0.));
#4038=DIRECTION('ref_axis',(-1.02056009814445E-15,0.,1.));
#4039=DIRECTION('',(-1.02056009814445E-15,0.,1.));
#4040=DIRECTION('center_axis',(1.,0.,-1.38777878078145E-17));
#4041=DIRECTION('ref_axis',(-1.38777878078145E-17,0.,-1.));
#4042=DIRECTION('',(-1.38777878078145E-17,1.7630424056412E-16,-1.));
#4043=DIRECTION('center_axis',(1.,0.,-1.38777878078145E-17));
#4044=DIRECTION('ref_axis',(1.38777878078145E-17,0.,1.));
#4045=DIRECTION('center_axis',(-2.44671284016673E-33,-1.,-1.7630424056412E-16));
#4046=DIRECTION('ref_axis',(0.,-1.7630424056412E-16,1.));
#4047=DIRECTION('',(-1.,0.,1.38777878078145E-17));
#4048=DIRECTION('',(0.,-1.7630424056412E-16,1.));
#4049=DIRECTION('center_axis',(9.81307786677359E-18,-0.707106781186548,
0.707106781186548));
#4050=DIRECTION('ref_axis',(4.48597845338221E-17,0.707106781186548,0.707106781186548));
#4051=DIRECTION('',(4.48597845338221E-17,0.707106781186548,0.707106781186548));
#4052=DIRECTION('center_axis',(-2.44671284016673E-33,-1.,-1.7630424056412E-16));
#4053=DIRECTION('ref_axis',(0.,-1.7630424056412E-16,1.));
#4054=DIRECTION('',(0.,-1.7630424056412E-16,1.));
#4055=DIRECTION('center_axis',(-1.,0.,1.38777878078145E-17));
#4056=DIRECTION('ref_axis',(-9.81307786677363E-18,0.707106781186545,-0.70710678118655));
#4057=DIRECTION('center_axis',(1.,0.,0.));
#4058=DIRECTION('ref_axis',(0.,0.707106781186545,-0.70710678118655));
#4059=DIRECTION('',(-1.,0.,1.38777878078145E-17));
#4060=DIRECTION('center_axis',(9.81307786677359E-18,-0.707106781186548,
0.707106781186548));
#4061=DIRECTION('ref_axis',(-2.1081531797931E-16,0.707106781186548,0.707106781186548));
#4062=DIRECTION('',(-2.1081531797931E-16,0.707106781186547,0.707106781186547));
#4063=DIRECTION('center_axis',(1.,0.,0.));
#4064=DIRECTION('ref_axis',(0.,0.,-1.));
#4065=DIRECTION('',(0.,-1.,2.12537169715742E-15));
#4066=DIRECTION('center_axis',(1.,0.,-1.38777878078145E-17));
#4067=DIRECTION('ref_axis',(-1.38777878078145E-17,0.,-1.));
#4068=DIRECTION('',(-1.,0.,1.38777878078145E-17));
#4069=DIRECTION('center_axis',(1.,0.,-1.38777878078145E-17));
#4070=DIRECTION('ref_axis',(-1.38777878078145E-17,0.,-1.));
#4071=DIRECTION('',(-1.,0.,1.38777878078145E-17));
#4072=DIRECTION('center_axis',(1.,0.,-1.38777878078145E-17));
#4073=DIRECTION('ref_axis',(1.38777878078145E-17,0.,1.));
#4074=DIRECTION('center_axis',(1.,0.,-1.38777878078145E-17));
#4075=DIRECTION('ref_axis',(1.38777878078145E-17,0.,1.));
#4076=DIRECTION('',(1.,0.,-1.38777878078145E-17));
#4077=DIRECTION('center_axis',(-1.,0.,0.));
#4078=DIRECTION('ref_axis',(1.38777878078145E-17,0.,1.));
#4079=DIRECTION('center_axis',(1.,0.,-1.38777878078145E-17));
#4080=DIRECTION('ref_axis',(1.38777878078145E-17,0.,1.));
#4081=DIRECTION('',(1.,0.,-1.38777878078145E-17));
#4082=DIRECTION('center_axis',(-1.,0.,0.));
#4083=DIRECTION('ref_axis',(1.38777878078145E-17,0.,1.));
#4084=DIRECTION('center_axis',(1.,0.,-1.38777878078145E-17));
#4085=DIRECTION('ref_axis',(1.38777878078145E-17,0.,1.));
#4086=DIRECTION('center_axis',(1.,0.,-1.38777878078145E-17));
#4087=DIRECTION('ref_axis',(1.38777878078145E-17,0.,1.));
#4088=DIRECTION('',(1.,0.,-1.38777878078145E-17));
#4089=DIRECTION('center_axis',(-1.,0.,0.));
#4090=DIRECTION('ref_axis',(1.38777878078145E-17,0.,1.));
#4091=DIRECTION('center_axis',(1.,0.,-1.38777878078145E-17));
#4092=DIRECTION('ref_axis',(1.38777878078145E-17,0.,1.));
#4093=DIRECTION('',(1.,0.,-1.38777878078145E-17));
#4094=DIRECTION('center_axis',(-1.,0.,1.38777878078145E-17));
#4095=DIRECTION('ref_axis',(1.38777878078145E-17,0.,1.));
#4096=DIRECTION('center_axis',(1.38777878078145E-17,0.,1.));
#4097=DIRECTION('ref_axis',(0.,-1.,0.));
#4098=DIRECTION('',(0.,1.,0.));
#4099=DIRECTION('',(1.,0.,-1.38777878078145E-17));
#4100=DIRECTION('',(0.,-1.,0.));
#4101=DIRECTION('',(1.,0.,-1.38777878078145E-17));
#4102=DIRECTION('center_axis',(-1.38777878078145E-17,0.,-1.));
#4103=DIRECTION('ref_axis',(0.,1.,0.));
#4104=DIRECTION('',(0.,-1.,0.));
#4105=DIRECTION('',(-1.,0.,1.38777878078145E-17));
#4106=DIRECTION('',(0.,1.,0.));
#4107=DIRECTION('',(1.,0.,-1.38777878078145E-17));
#4108=DIRECTION('center_axis',(1.,0.,-1.38777878078145E-17));
#4109=DIRECTION('ref_axis',(-1.38777878078145E-17,0.,-1.));
#4110=DIRECTION('',(1.38777878078145E-17,0.,1.));
#4111=DIRECTION('',(1.38777878078145E-17,-1.7630424056412E-16,1.));
#4112=DIRECTION('center_axis',(0.,1.,0.));
#4113=DIRECTION('ref_axis',(1.38777878078145E-17,0.,1.));
#4114=DIRECTION('',(1.38777878078145E-17,0.,1.));
#4115=DIRECTION('center_axis',(9.81307786677359E-18,-0.707106781186548,
0.707106781186547));
#4116=DIRECTION('ref_axis',(-1.77943811984161E-15,-0.707106781186547,-0.707106781186548));
#4117=DIRECTION('',(0.,0.707106781186547,0.707106781186548));
#4118=DIRECTION('',(1.,0.,-1.38777878078145E-17));
#4119=DIRECTION('',(-9.8130778667736E-18,-0.707106781186547,-0.707106781186548));
#4120=DIRECTION('',(1.,0.,-1.38777878078145E-17));
#4121=DIRECTION('center_axis',(-9.81307786677359E-18,0.707106781186548,
-0.707106781186548));
#4122=DIRECTION('ref_axis',(5.63020315516944E-16,0.707106781186548,0.707106781186548));
#4123=DIRECTION('',(0.,-0.707106781186548,-0.707106781186548));
#4124=DIRECTION('',(-1.,0.,1.38777878078145E-17));
#4125=DIRECTION('',(9.81307786677359E-18,0.707106781186548,0.707106781186548));
#4126=DIRECTION('',(1.,0.,-1.38777878078145E-17));
#4127=DIRECTION('center_axis',(-1.,0.,0.));
#4128=DIRECTION('ref_axis',(0.,0.,1.));
#4129=DIRECTION('',(1.02056009814445E-15,0.,-1.));
#4130=DIRECTION('',(0.,-1.7630424056412E-16,1.));
#4131=DIRECTION('center_axis',(1.,0.,-1.38777878078145E-17));
#4132=DIRECTION('ref_axis',(-1.38777878078145E-17,0.,-1.));
#4133=DIRECTION('',(-1.38777878078145E-17,1.7630424056412E-16,-1.));
#4134=DIRECTION('center_axis',(-1.38777878078145E-17,0.,-1.));
#4135=DIRECTION('ref_axis',(0.,-1.,0.));
#4136=DIRECTION('',(-1.,0.,1.38777878078145E-17));
#4137=DIRECTION('',(-1.,0.,1.38777878078145E-17));
#4138=DIRECTION('',(0.,1.,0.));
#4139=DIRECTION('center_axis',(1.38777878078145E-17,-1.36642833800019E-16,
1.));
#4140=DIRECTION('ref_axis',(0.,1.,1.36642833800019E-16));
#4141=DIRECTION('',(-1.,0.,1.38777878078145E-17));
#4142=DIRECTION('',(0.,-1.,-1.36642833800019E-16));
#4143=DIRECTION('',(-1.,0.,1.38777878078145E-17));
#4144=DIRECTION('center_axis',(0.,1.,0.));
#4145=DIRECTION('ref_axis',(-1.02056009814445E-15,0.,1.));
#4146=DIRECTION('',(-1.02056009814445E-15,0.,1.));
#4147=DIRECTION('center_axis',(1.,0.,-1.38777878078145E-17));
#4148=DIRECTION('ref_axis',(-1.38777878078145E-17,0.,-1.));
#4149=DIRECTION('',(-1.38777878078145E-17,1.7630424056412E-16,-1.));
#4150=DIRECTION('center_axis',(-2.44671284016673E-33,-1.,-1.7630424056412E-16));
#4151=DIRECTION('ref_axis',(0.,-1.7630424056412E-16,1.));
#4152=DIRECTION('',(0.,1.7630424056412E-16,-1.));
#4153=DIRECTION('',(-1.,0.,1.38777878078145E-17));
#4154=DIRECTION('center_axis',(-1.38777878078145E-17,-2.12537169715742E-15,
-1.));
#4155=DIRECTION('ref_axis',(0.,-1.,2.12537169715742E-15));
#4156=DIRECTION('',(0.,1.,-2.12537169715742E-15));
#4157=DIRECTION('center_axis',(9.81307786677359E-18,-0.707106781186548,
0.707106781186548));
#4158=DIRECTION('ref_axis',(4.48597845338221E-17,0.707106781186548,0.707106781186548));
#4159=DIRECTION('',(-4.48597845338221E-17,-0.707106781186548,-0.707106781186548));
#4160=DIRECTION('center_axis',(-2.44671284016673E-33,-1.,-1.7630424056412E-16));
#4161=DIRECTION('ref_axis',(0.,-1.7630424056412E-16,1.));
#4162=DIRECTION('',(0.,1.7630424056412E-16,-1.));
#4163=DIRECTION('center_axis',(-1.,0.,1.38777878078145E-17));
#4164=DIRECTION('ref_axis',(-9.81307786677363E-18,0.707106781186545,-0.70710678118655));
#4165=DIRECTION('center_axis',(1.,0.,0.));
#4166=DIRECTION('ref_axis',(0.,0.707106781186545,-0.70710678118655));
#4167=DIRECTION('',(-1.,0.,1.38777878078145E-17));
#4168=DIRECTION('center_axis',(9.81307786677359E-18,-0.707106781186548,
0.707106781186548));
#4169=DIRECTION('ref_axis',(-2.1081531797931E-16,0.707106781186548,0.707106781186548));
#4170=DIRECTION('',(2.1081531797931E-16,-0.707106781186547,-0.707106781186547));
#4171=DIRECTION('center_axis',(1.,0.,0.));
#4172=DIRECTION('ref_axis',(0.,0.,-1.));
#4173=DIRECTION('axis',(0.,0.,1.));
#4174=DIRECTION('refdir',(1.,0.,0.));
#4175=DIRECTION('center_axis',(-1.38777878078145E-17,0.,-1.));
#4176=DIRECTION('ref_axis',(-2.66453525910038E-15,1.,3.69778549322349E-32));
#4177=DIRECTION('',(-1.38777878078145E-17,0.,-1.));
#4178=DIRECTION('',(-1.38777878078145E-17,0.,-1.));
#4179=DIRECTION('center_axis',(0.,-1.,0.));
#4180=DIRECTION('ref_axis',(-1.,0.,1.38777878078145E-17));
#4181=DIRECTION('',(1.,0.,-1.38777878078145E-17));
#4182=DIRECTION('',(-1.38777878078145E-17,0.,-1.));
#4183=DIRECTION('',(1.,0.,-1.38777878078145E-17));
#4184=DIRECTION('center_axis',(-1.38777878078145E-17,0.,-1.));
#4185=DIRECTION('ref_axis',(1.,0.,-1.38777878078145E-17));
#4186=DIRECTION('',(-1.38777878078145E-17,0.,-1.));
#4187=DIRECTION('center_axis',(1.,0.,0.));
#4188=DIRECTION('ref_axis',(0.,0.,-1.));
#4189=DIRECTION('center_axis',(1.,0.,0.));
#4190=DIRECTION('ref_axis',(0.,0.,-1.));
#4191=DIRECTION('',(1.,0.,0.));
#4192=DIRECTION('center_axis',(1.,0.,-6.43929354282591E-17));
#4193=DIRECTION('ref_axis',(0.,0.,-1.));
#4194=DIRECTION('',(-1.,0.,1.38777878078145E-17));
#4195=DIRECTION('center_axis',(1.,0.,0.));
#4196=DIRECTION('ref_axis',(0.,0.,-1.));
#4197=DIRECTION('',(1.,0.,0.));
#4198=DIRECTION('center_axis',(1.,0.,-6.43929354282591E-17));
#4199=DIRECTION('ref_axis',(0.,0.,-1.));
#4200=DIRECTION('center_axis',(-1.38777878078145E-17,0.,-1.));
#4201=DIRECTION('ref_axis',(1.,0.,-1.38777878078145E-17));
#4202=DIRECTION('',(-1.38777878078145E-17,0.,-1.));
#4203=DIRECTION('',(-1.38777878078145E-17,0.,-1.));
#4204=DIRECTION('center_axis',(0.,-1.,0.));
#4205=DIRECTION('ref_axis',(-1.,0.,1.38777878078145E-17));
#4206=DIRECTION('',(-1.38777878078145E-17,0.,-1.));
#4207=DIRECTION('',(-1.,0.,1.38777878078145E-17));
#4208=DIRECTION('center_axis',(-1.38777878078145E-17,0.,-1.));
#4209=DIRECTION('ref_axis',(-2.66453525910038E-15,1.,3.69778549322349E-32));
#4210=DIRECTION('',(-1.38777878078145E-17,0.,-1.));
#4211=DIRECTION('center_axis',(-1.38777878078145E-17,0.,-1.));
#4212=DIRECTION('ref_axis',(1.,0.,-1.38777878078145E-17));
#4213=DIRECTION('',(1.38777878078145E-17,0.,1.));
#4214=DIRECTION('center_axis',(-1.38777878078145E-17,0.,-1.));
#4215=DIRECTION('ref_axis',(1.,0.,-1.38777878078145E-17));
#4216=DIRECTION('',(-1.38777878078145E-17,0.,-1.));
#4217=DIRECTION('center_axis',(-1.38777878078145E-17,0.,-1.));
#4218=DIRECTION('ref_axis',(1.,0.,-1.38777878078145E-17));
#4219=DIRECTION('',(-1.38777878078145E-17,0.,-1.));
#4220=DIRECTION('center_axis',(-1.38777878078145E-17,0.,-1.));
#4221=DIRECTION('ref_axis',(1.,0.,-1.38777878078145E-17));
#4222=DIRECTION('',(1.38777878078145E-17,0.,1.));
#4223=DIRECTION('center_axis',(-1.38777878078145E-17,0.,-1.));
#4224=DIRECTION('ref_axis',(-1.83697019872103E-16,1.,2.46519032881566E-33));
#4225=DIRECTION('',(-1.38777878078145E-17,0.,-1.));
#4226=DIRECTION('',(1.38777878078145E-17,0.,1.));
#4227=DIRECTION('center_axis',(-1.38777878078145E-17,0.,-1.));
#4228=DIRECTION('ref_axis',(1.,0.,-1.38777878078145E-17));
#4229=DIRECTION('',(1.38777878078145E-17,0.,1.));
#4230=DIRECTION('',(-1.38777878078145E-17,0.,-1.));
#4231=DIRECTION('',(1.38777878078145E-17,0.,1.));
#4232=DIRECTION('center_axis',(1.,0.,-1.38777878078145E-17));
#4233=DIRECTION('ref_axis',(-1.38777878078145E-17,0.,-1.));
#4234=DIRECTION('center_axis',(1.,0.,-1.38777878078145E-17));
#4235=DIRECTION('ref_axis',(-1.38777878078145E-17,0.,-1.));
#4236=DIRECTION('',(-1.,0.,1.38777878078145E-17));
#4237=DIRECTION('center_axis',(-1.,0.,0.));
#4238=DIRECTION('ref_axis',(-1.38777878078145E-17,0.,-1.));
#4239=DIRECTION('center_axis',(1.,0.,-1.38777878078145E-17));
#4240=DIRECTION('ref_axis',(-1.38777878078145E-17,0.,-1.));
#4241=DIRECTION('',(1.,0.,-1.38777878078145E-17));
#4242=DIRECTION('center_axis',(1.,0.,-1.38777878078145E-17));
#4243=DIRECTION('ref_axis',(-1.38777878078145E-17,0.,-1.));
#4244=DIRECTION('center_axis',(1.,0.,0.));
#4245=DIRECTION('ref_axis',(-1.38777878078145E-17,0.,-1.));
#4246=DIRECTION('',(1.,0.,-1.38777878078145E-17));
#4247=DIRECTION('center_axis',(-1.,0.,1.38777878078145E-17));
#4248=DIRECTION('ref_axis',(-1.38777878078145E-17,0.,-1.));
#4249=DIRECTION('center_axis',(1.,0.,0.));
#4250=DIRECTION('ref_axis',(0.,0.,-1.));
#4251=DIRECTION('center_axis',(-1.,0.,6.43929354282591E-17));
#4252=DIRECTION('ref_axis',(0.,0.,-1.));
#4253=DIRECTION('',(1.,0.,0.));
#4254=DIRECTION('center_axis',(-1.,0.,0.));
#4255=DIRECTION('ref_axis',(0.,0.,-1.));
#4256=DIRECTION('center_axis',(-1.,0.,6.43929354282591E-17));
#4257=DIRECTION('ref_axis',(0.,0.,-1.));
#4258=DIRECTION('',(1.,0.,0.));
#4259=DIRECTION('center_axis',(-1.,0.,0.));
#4260=DIRECTION('ref_axis',(0.,0.,-1.));
#4261=DIRECTION('center_axis',(-1.,0.,6.43929354282591E-17));
#4262=DIRECTION('ref_axis',(6.43929354282591E-17,0.,1.));
#4263=DIRECTION('center_axis',(1.,0.,-6.43929354282591E-17));
#4264=DIRECTION('ref_axis',(0.,-0.707106781186547,0.707106781186547));
#4265=DIRECTION('',(-4.55326813018295E-17,-0.707106781186548,-0.707106781186547));
#4266=DIRECTION('',(6.43929354282591E-17,-1.7630424056412E-16,1.));
#4267=DIRECTION('',(4.55326813018295E-17,0.707106781186548,0.707106781186548));
#4268=DIRECTION('center_axis',(1.,0.,-6.43929354282591E-17));
#4269=DIRECTION('ref_axis',(0.,-1.,3.77475828372555E-15));
#4270=DIRECTION('',(-6.43929354282591E-17,1.93680720151405E-16,-1.));
#4271=DIRECTION('center_axis',(1.,0.,-6.43929354282591E-17));
#4272=DIRECTION('ref_axis',(0.,1.77635683940025E-15,1.));
#4273=DIRECTION('',(0.,-1.,0.));
#4274=DIRECTION('',(6.43929354282591E-17,-1.7630424056412E-16,1.));
#4275=DIRECTION('',(0.,1.,0.));
#4276=DIRECTION('',(6.43929354282591E-17,5.7684125472359E-17,1.));
#4277=DIRECTION('',(4.91442197355745E-17,-0.646170927435012,0.763192723063956));
#4278=DIRECTION('',(1.3824978635387E-17,0.0871557427476581,0.996194698091746));
#4279=DIRECTION('',(4.16210356166061E-17,0.763032366015144,0.646360277564557));
#4280=DIRECTION('',(-1.30408547958359E-17,-0.342020143325669,-0.939692620785908));
#4281=DIRECTION('',(-2.69551322145022E-17,-0.908168925285489,-0.418603873782602));
#4282=DIRECTION('center_axis',(-1.,0.,1.38777878078145E-17));
#4283=DIRECTION('ref_axis',(-1.38777878078145E-17,0.,-1.));
#4284=DIRECTION('',(6.04115230199038E-17,-0.346174767749622,0.938170043314907));
#4285=DIRECTION('',(1.25775471570645E-17,0.422618261740699,0.90630778703665));
#4286=DIRECTION('',(2.23061986132932E-17,0.93808411853789,0.346407544009929));
#4287=DIRECTION('center_axis',(1.,0.,-1.38777878078145E-17));
#4288=DIRECTION('ref_axis',(-1.38777878078145E-17,0.,-1.));
#4289=DIRECTION('',(-5.84863495056469E-17,0.418378518117949,-0.908272764965145));
#4290=DIRECTION('',(-1.06310022329606E-17,-0.642787609686539,-0.766044443118978));
#4291=DIRECTION('',(-5.32831612574087E-18,-0.996570594425647,-0.0827469052358579));
#4292=DIRECTION('center_axis',(-1.,0.,1.38777878078145E-17));
#4293=DIRECTION('ref_axis',(-1.38777878078145E-17,0.,-1.));
#4294=DIRECTION('',(6.43923050489087E-17,-0.00442482207818325,0.99999021042687));
#4295=DIRECTION('',(9.81307786677359E-18,0.707106781186547,0.707106781186547));
#4296=DIRECTION('',(3.0090485278527E-19,0.999989081717877,0.00467294821681971));
#4297=DIRECTION('center_axis',(1.,0.,-1.38777878078145E-17));
#4298=DIRECTION('ref_axis',(-1.38777878078145E-17,0.,-1.));
#4299=DIRECTION('',(-6.41734260692574E-17,0.0824996249186127,-0.996591095629641));
#4300=DIRECTION('',(-1.38777878078145E-17,0.,-1.));
#4301=DIRECTION('center_axis',(-1.,0.,6.43929354282591E-17));
#4302=DIRECTION('ref_axis',(0.,-0.349902681552215,-0.9367860553203));
#4303=DIRECTION('',(1.38777878078145E-17,0.,1.));
#4304=DIRECTION('center_axis',(-1.,0.,6.43929354282591E-17));
#4305=DIRECTION('ref_axis',(0.,0.707106781186547,0.707106781186547));
#4306=DIRECTION('center_axis',(-1.,0.,1.38777878078145E-17));
#4307=DIRECTION('ref_axis',(0.,-0.707106781186547,0.707106781186547));
#4308=DIRECTION('center_axis',(1.,0.,0.));
#4309=DIRECTION('ref_axis',(0.,-0.707106781186547,0.707106781186547));
#4310=DIRECTION('',(-1.,0.,1.38777878078145E-17));
#4311=DIRECTION('',(1.,0.,-1.38777878078145E-17));
#4312=DIRECTION('center_axis',(0.,1.,0.));
#4313=DIRECTION('ref_axis',(1.38777878078145E-17,0.,1.));
#4314=DIRECTION('',(0.,0.,1.));
#4315=DIRECTION('',(1.,0.,-1.38777878078145E-17));
#4316=DIRECTION('center_axis',(1.,0.,-1.38777878078145E-17));
#4317=DIRECTION('ref_axis',(0.,-0.349902681552215,-0.9367860553203));
#4318=DIRECTION('center_axis',(1.,0.,0.));
#4319=DIRECTION('ref_axis',(0.,0.9367860553203,-0.349902681552216));
#4320=DIRECTION('',(-1.,0.,1.38777878078145E-17));
#4321=DIRECTION('center_axis',(1.14491228884479E-18,0.996591095629641,0.0824996249186127));
#4322=DIRECTION('ref_axis',(0.,-0.0824996249186127,0.996591095629641));
#4323=DIRECTION('',(0.,-0.0824996249186127,0.996591095629641));
#4324=DIRECTION('',(-1.,0.,1.38777878078145E-17));
#4325=DIRECTION('',(1.,0.,-1.38777878078145E-17));
#4326=DIRECTION('center_axis',(-8.92047005272205E-18,0.766044443118978,
-0.642787609686539));
#4327=DIRECTION('ref_axis',(1.06310022329606E-17,0.642787609686539,0.766044443118978));
#4328=DIRECTION('',(0.,0.642787609686539,0.766044443118978));
#4329=DIRECTION('',(1.,0.,-1.38777878078145E-17));
#4330=DIRECTION('center_axis',(1.38776362862119E-17,-0.00467294821681971,
0.999989081717877));
#4331=DIRECTION('ref_axis',(1.,0.,-1.38777878078145E-17));
#4332=DIRECTION('',(1.,0.,-1.38777878078145E-17));
#4333=DIRECTION('',(0.,-0.999989081717877,-0.00467294821681971));
#4334=DIRECTION('',(-1.,0.,1.38777878078145E-17));
#4335=DIRECTION('center_axis',(9.81307786677359E-18,-0.707106781186548,
0.707106781186548));
#4336=DIRECTION('ref_axis',(-9.81307786677359E-18,-0.707106781186548,-0.707106781186548));
#4337=DIRECTION('',(-1.,0.,1.38777878078145E-17));
#4338=DIRECTION('',(0.,-0.707106781186548,-0.707106781186548));
#4339=DIRECTION('center_axis',(-1.38301952449467E-17,0.0827469052358579,
-0.996570594425647));
#4340=DIRECTION('ref_axis',(-1.,0.,1.38777878078145E-17));
#4341=DIRECTION('',(0.,0.996570594425647,0.0827469052358579));
#4342=DIRECTION('',(-1.,0.,1.38777878078145E-17));
#4343=DIRECTION('center_axis',(-6.14067418883598E-20,-0.99999021042687,
-0.00442482207818325));
#4344=DIRECTION('ref_axis',(0.,0.00442482207818325,-0.99999021042687));
#4345=DIRECTION('',(1.,0.,-1.38777878078145E-17));
#4346=DIRECTION('',(0.,0.00442482207818325,-0.99999021042687));
#4347=DIRECTION('center_axis',(1.,0.,-1.38777878078145E-17));
#4348=DIRECTION('ref_axis',(-1.38777878078145E-17,0.,-1.));
#4349=DIRECTION('center_axis',(1.,0.,0.));
#4350=DIRECTION('ref_axis',(-1.38777878078145E-17,0.,-1.));
#4351=DIRECTION('center_axis',(5.80616829778875E-18,0.908272764965145,0.418378518117949));
#4352=DIRECTION('ref_axis',(0.,-0.418378518117949,0.908272764965145));
#4353=DIRECTION('',(0.,-0.418378518117949,0.908272764965145));
#4354=DIRECTION('',(-1.,0.,1.38777878078145E-17));
#4355=DIRECTION('',(1.,0.,-1.38777878078145E-17));
#4356=DIRECTION('center_axis',(-4.74648297507192E-18,0.939692620785909,
-0.342020143325669));
#4357=DIRECTION('ref_axis',(1.30408547958359E-17,0.342020143325669,0.939692620785908));
#4358=DIRECTION('',(0.,0.342020143325669,0.939692620785908));
#4359=DIRECTION('',(1.,0.,-1.38777878078145E-17));
#4360=DIRECTION('center_axis',(1.30185323429495E-17,-0.346407544009929,
0.93808411853789));
#4361=DIRECTION('ref_axis',(1.,0.,-1.38777878078145E-17));
#4362=DIRECTION('',(1.,0.,-1.38777878078145E-17));
#4363=DIRECTION('',(0.,-0.93808411853789,-0.346407544009929));
#4364=DIRECTION('',(-1.,0.,1.38777878078145E-17));
#4365=DIRECTION('center_axis',(5.86500656014482E-18,-0.90630778703665,0.422618261740699));
#4366=DIRECTION('ref_axis',(-1.25775471570645E-17,-0.422618261740699,-0.90630778703665));
#4367=DIRECTION('',(-1.,0.,1.38777878078145E-17));
#4368=DIRECTION('',(0.,-0.422618261740699,-0.90630778703665));
#4369=DIRECTION('center_axis',(-4.80413997124871E-18,-0.938170043314907,
-0.346174767749622));
#4370=DIRECTION('ref_axis',(0.,0.346174767749622,-0.938170043314907));
#4371=DIRECTION('',(1.,0.,-1.38777878078145E-17));
#4372=DIRECTION('',(0.,0.346174767749622,-0.938170043314907));
#4373=DIRECTION('center_axis',(1.,0.,-1.38777878078145E-17));
#4374=DIRECTION('ref_axis',(-1.38777878078145E-17,0.,-1.));
#4375=DIRECTION('',(-1.,0.,1.38777878078145E-17));
#4376=DIRECTION('center_axis',(1.,0.,0.));
#4377=DIRECTION('ref_axis',(-1.38777878078145E-17,0.,-1.));
#4378=DIRECTION('center_axis',(-1.26033756387629E-17,0.418603873782601,
-0.908168925285489));
#4379=DIRECTION('ref_axis',(-1.,0.,1.38777878078145E-17));
#4380=DIRECTION('',(0.,0.908168925285489,0.418603873782602));
#4381=DIRECTION('center_axis',(1.05892012660528E-17,-0.646360277564557,
0.763032366015144));
#4382=DIRECTION('ref_axis',(1.,0.,-1.38777878078145E-17));
#4383=DIRECTION('',(0.,-0.763032366015144,-0.646360277564557));
#4384=DIRECTION('',(1.,0.,-1.38777878078145E-17));
#4385=DIRECTION('center_axis',(-8.96742301852177E-18,-0.763192723063956,
-0.646170927435012));
#4386=DIRECTION('ref_axis',(-1.,0.,1.38777878078145E-17));
#4387=DIRECTION('',(0.,0.646170927435012,-0.763192723063956));
#4388=DIRECTION('',(-1.,0.,1.38777878078145E-17));
#4389=DIRECTION('center_axis',(1.,0.,-1.38777878078145E-17));
#4390=DIRECTION('ref_axis',(-1.38777878078145E-17,0.,-1.));
#4391=DIRECTION('',(1.,0.,-1.38777878078145E-17));
#4392=DIRECTION('center_axis',(1.,0.,-1.38777878078145E-17));
#4393=DIRECTION('ref_axis',(1.38777878078145E-17,0.,1.));
#4394=DIRECTION('center_axis',(1.,0.,-1.38777878078145E-17));
#4395=DIRECTION('ref_axis',(1.38777878078145E-17,0.,1.));
#4396=DIRECTION('',(1.,0.,-1.38777878078145E-17));
#4397=DIRECTION('center_axis',(-1.,0.,1.38777878078145E-17));
#4398=DIRECTION('ref_axis',(1.38777878078145E-17,0.,1.));
#4399=DIRECTION('center_axis',(1.,0.,-1.38777878078145E-17));
#4400=DIRECTION('ref_axis',(1.38777878078145E-17,0.,1.));
#4401=DIRECTION('center_axis',(1.,0.,-1.38777878078145E-17));
#4402=DIRECTION('ref_axis',(1.38777878078145E-17,0.,1.));
#4403=DIRECTION('',(1.,0.,-1.38777878078145E-17));
#4404=DIRECTION('center_axis',(-1.,0.,1.38777878078145E-17));
#4405=DIRECTION('ref_axis',(1.38777878078145E-17,0.,1.));
#4406=DIRECTION('center_axis',(1.38777878078145E-17,0.,1.));
#4407=DIRECTION('ref_axis',(0.,-1.,0.));
#4408=DIRECTION('',(0.,1.,0.));
#4409=DIRECTION('',(1.,0.,-1.38777878078145E-17));
#4410=DIRECTION('',(0.,1.,0.));
#4411=DIRECTION('',(1.,0.,-1.38777878078145E-17));
#4412=DIRECTION('center_axis',(-1.38777878078145E-17,0.,-1.));
#4413=DIRECTION('ref_axis',(0.,1.,0.));
#4414=DIRECTION('',(0.,-1.,0.));
#4415=DIRECTION('',(-1.,0.,1.38777878078145E-17));
#4416=DIRECTION('',(0.,-1.,0.));
#4417=DIRECTION('',(-1.,0.,1.38777878078145E-17));
#4418=DIRECTION('center_axis',(0.,0.,-1.));
#4419=DIRECTION('ref_axis',(0.,1.,0.));
#4420=DIRECTION('',(1.,0.,0.));
#4421=DIRECTION('',(1.,0.,0.));
#4422=DIRECTION('',(0.,-1.,0.));
#4423=DIRECTION('center_axis',(1.,0.,-1.38777878078145E-17));
#4424=DIRECTION('ref_axis',(-1.38777878078145E-17,0.,-1.));
#4425=DIRECTION('',(-1.38777878078145E-17,0.,-1.));
#4426=DIRECTION('',(1.38777878078145E-17,-1.7630424056412E-16,1.));
#4427=DIRECTION('center_axis',(0.,0.,1.));
#4428=DIRECTION('ref_axis',(0.,-1.,0.));
#4429=DIRECTION('',(-1.,0.,0.));
#4430=DIRECTION('',(2.36877280859936E-15,1.,0.));
#4431=DIRECTION('',(-1.,0.,0.));
#4432=DIRECTION('center_axis',(-9.81307786677359E-18,0.707106781186548,
-0.707106781186548));
#4433=DIRECTION('ref_axis',(5.63020315516944E-16,0.707106781186548,0.707106781186548));
#4434=DIRECTION('',(-9.81307786677359E-18,-0.707106781186548,-0.707106781186548));
#4435=DIRECTION('',(-1.,0.,1.38777878078145E-17));
#4436=DIRECTION('',(-9.81307786677359E-18,-0.707106781186548,-0.707106781186548));
#4437=DIRECTION('',(1.,0.,-1.38777878078145E-17));
#4438=DIRECTION('center_axis',(9.81307786677359E-18,-0.707106781186548,
0.707106781186547));
#4439=DIRECTION('ref_axis',(-1.77943811984161E-15,-0.707106781186547,-0.707106781186548));
#4440=DIRECTION('',(9.8130778667736E-18,0.707106781186547,0.707106781186548));
#4441=DIRECTION('',(-1.,0.,1.38777878078145E-17));
#4442=DIRECTION('',(9.8130778667736E-18,0.707106781186547,0.707106781186548));
#4443=DIRECTION('',(1.,0.,-1.38777878078145E-17));
#4444=DIRECTION('center_axis',(1.,0.,-1.38777878078145E-17));
#4445=DIRECTION('ref_axis',(-1.38777878078145E-17,0.,-1.));
#4446=DIRECTION('',(1.38777878078145E-17,-1.7630424056412E-16,1.));
#4447=DIRECTION('',(-1.38777878078145E-17,0.,-1.));
#4448=DIRECTION('center_axis',(0.,1.,0.));
#4449=DIRECTION('ref_axis',(0.,0.,1.));
#4450=DIRECTION('',(-1.38777878078145E-17,0.,-1.));
#4451=DIRECTION('center_axis',(1.,0.,-1.38777878078145E-17));
#4452=DIRECTION('ref_axis',(-1.38777878078145E-17,0.,-1.));
#4453=DIRECTION('',(-3.74690730664769E-16,0.,-1.));
#4454=DIRECTION('center_axis',(1.,0.,-1.38777878078145E-17));
#4455=DIRECTION('ref_axis',(-1.38777878078145E-17,0.,-1.));
#4456=DIRECTION('',(-3.74690730664769E-16,0.,-1.));
#4457=DIRECTION('',(-1.38777878078145E-17,0.,-1.));
#4458=DIRECTION('center_axis',(0.,1.,0.));
#4459=DIRECTION('ref_axis',(0.,0.,1.));
#4460=DIRECTION('center_axis',(0.,0.707106781186547,-0.707106781186548));
#4461=DIRECTION('ref_axis',(0.,0.707106781186548,0.707106781186547));
#4462=DIRECTION('',(1.,-2.44671284016673E-33,-2.44671284016673E-33));
#4463=DIRECTION('',(1.,0.,0.));
#4464=DIRECTION('',(0.,-0.707106781186548,-0.707106781186547));
#4465=DIRECTION('center_axis',(-2.44671284016673E-33,-1.,-1.7630424056412E-16));
#4466=DIRECTION('ref_axis',(0.,-1.7630424056412E-16,1.));
#4467=DIRECTION('',(0.,0.,-1.));
#4468=DIRECTION('center_axis',(-2.44671284016673E-33,-1.,-1.7630424056412E-16));
#4469=DIRECTION('ref_axis',(0.,-1.7630424056412E-16,1.));
#4470=DIRECTION('',(-1.,0.,0.));
#4471=DIRECTION('',(0.,0.,-1.));
#4472=DIRECTION('center_axis',(0.,-0.707106781186548,0.707106781186548));
#4473=DIRECTION('ref_axis',(0.,-0.707106781186548,-0.707106781186548));
#4474=DIRECTION('',(4.60482527029051E-16,0.707106781186547,0.707106781186547));
#4475=DIRECTION('',(1.,0.,0.));
#4476=DIRECTION('center_axis',(1.,0.,0.));
#4477=DIRECTION('ref_axis',(0.,0.,-1.));
#4478=DIRECTION('center_axis',(1.,0.,0.));
#4479=DIRECTION('ref_axis',(0.,1.77635683940025E-15,1.));
#4480=DIRECTION('',(0.,1.93680720151405E-16,-1.));
#4481=DIRECTION('center_axis',(1.,0.,0.));
#4482=DIRECTION('ref_axis',(0.,-1.,3.77475828372555E-15));
#4483=DIRECTION('center_axis',(1.,0.,0.));
#4484=DIRECTION('ref_axis',(0.,-0.707106781186547,0.707106781186547));
#4485=DIRECTION('',(0.,5.7684125472359E-17,1.));
#4486=DIRECTION('center_axis',(0.,-1.,5.7684125472359E-17));
#4487=DIRECTION('ref_axis',(0.,-5.7684125472359E-17,-1.));
#4488=DIRECTION('center_axis',(1.,0.,0.));
#4489=DIRECTION('ref_axis',(0.,-0.707106781186547,0.707106781186547));
#4490=DIRECTION('center_axis',(1.,0.,0.));
#4491=DIRECTION('ref_axis',(0.,-1.,3.77475828372555E-15));
#4492=DIRECTION('',(1.,0.,0.));
#4493=DIRECTION('center_axis',(1.,0.,0.));
#4494=DIRECTION('ref_axis',(0.,1.77635683940025E-15,1.));
#4495=DIRECTION('',(1.,0.,0.));
#4496=DIRECTION('center_axis',(0.,1.,1.93680720151405E-16));
#4497=DIRECTION('ref_axis',(0.,-1.93680720151405E-16,1.));
#4498=DIRECTION('center_axis',(0.,-1.,0.));
#4499=DIRECTION('ref_axis',(-1.38777878078145E-17,0.,-1.));
#4500=DIRECTION('',(0.,0.,-1.));
#4501=DIRECTION('center_axis',(1.20952890408446E-18,-0.996194698091746,
0.0871557427476581));
#4502=DIRECTION('ref_axis',(-1.3824978635387E-17,-0.0871557427476581,-0.996194698091746));
#4503=DIRECTION('',(0.,-0.0871557427476581,-0.996194698091746));
#4504=DIRECTION('center_axis',(1.,0.,-1.38777878078145E-17));
#4505=DIRECTION('ref_axis',(-1.38777878078145E-17,0.,-1.));
#4506=DIRECTION('center_axis',(-1.,0.,0.));
#4507=DIRECTION('ref_axis',(-1.38777878078145E-17,0.,-1.));
#4508=DIRECTION('center_axis',(1.,0.,-1.38777878078145E-17));
#4509=DIRECTION('ref_axis',(-1.38777878078145E-17,0.,-1.));
#4510=DIRECTION('center_axis',(-1.,0.,0.));
#4511=DIRECTION('ref_axis',(-1.38777878078145E-17,0.,-1.));
#4512=DIRECTION('center_axis',(1.,0.,-1.38777878078145E-17));
#4513=DIRECTION('ref_axis',(1.38777878078145E-17,0.,1.));
#4514=DIRECTION('center_axis',(1.,0.,-1.38777878078145E-17));
#4515=DIRECTION('ref_axis',(1.38777878078145E-17,0.,1.));
#4516=DIRECTION('',(1.,0.,-1.38777878078145E-17));
#4517=DIRECTION('center_axis',(-1.,0.,1.38777878078145E-17));
#4518=DIRECTION('ref_axis',(1.38777878078145E-17,0.,1.));
#4519=DIRECTION('center_axis',(1.,0.,-1.38777878078145E-17));
#4520=DIRECTION('ref_axis',(1.38777878078145E-17,0.,1.));
#4521=DIRECTION('center_axis',(1.,0.,-1.38777878078145E-17));
#4522=DIRECTION('ref_axis',(1.38777878078145E-17,0.,1.));
#4523=DIRECTION('',(1.,0.,-1.38777878078145E-17));
#4524=DIRECTION('center_axis',(-1.,0.,1.38777878078145E-17));
#4525=DIRECTION('ref_axis',(1.38777878078145E-17,0.,1.));
#4526=DIRECTION('center_axis',(1.38777878078145E-17,0.,1.));
#4527=DIRECTION('ref_axis',(0.,-1.,0.));
#4528=DIRECTION('',(0.,1.,0.));
#4529=DIRECTION('',(1.,0.,-1.38777878078145E-17));
#4530=DIRECTION('',(0.,1.,0.));
#4531=DIRECTION('',(1.,0.,-1.38777878078145E-17));
#4532=DIRECTION('center_axis',(-1.38777878078145E-17,0.,-1.));
#4533=DIRECTION('ref_axis',(0.,1.,0.));
#4534=DIRECTION('',(0.,-1.,0.));
#4535=DIRECTION('',(-1.,0.,1.38777878078145E-17));
#4536=DIRECTION('',(0.,-1.,0.));
#4537=DIRECTION('',(-1.,0.,1.38777878078145E-17));
#4538=DIRECTION('center_axis',(0.,0.,-1.));
#4539=DIRECTION('ref_axis',(0.,1.,0.));
#4540=DIRECTION('',(1.,0.,0.));
#4541=DIRECTION('',(0.,-1.,0.));
#4542=DIRECTION('',(1.,0.,0.));
#4543=DIRECTION('',(0.,-1.,0.));
#4544=DIRECTION('center_axis',(1.,0.,-1.38777878078145E-17));
#4545=DIRECTION('ref_axis',(-1.38777878078145E-17,0.,-1.));
#4546=DIRECTION('',(-1.38777878078145E-17,0.,-1.));
#4547=DIRECTION('',(1.38777878078145E-17,-1.7630424056412E-16,1.));
#4548=DIRECTION('center_axis',(0.,0.,1.));
#4549=DIRECTION('ref_axis',(0.,-1.,0.));
#4550=DIRECTION('',(-1.,0.,0.));
#4551=DIRECTION('',(2.36877280859936E-15,1.,0.));
#4552=DIRECTION('',(-1.,0.,0.));
#4553=DIRECTION('',(0.,1.,0.));
#4554=DIRECTION('center_axis',(-9.81307786677359E-18,0.707106781186548,
-0.707106781186548));
#4555=DIRECTION('ref_axis',(5.63020315516944E-16,0.707106781186548,0.707106781186548));
#4556=DIRECTION('',(-9.81307786677359E-18,-0.707106781186548,-0.707106781186548));
#4557=DIRECTION('',(-1.,0.,1.38777878078145E-17));
#4558=DIRECTION('',(-9.81307786677359E-18,-0.707106781186548,-0.707106781186548));
#4559=DIRECTION('',(1.,0.,-1.38777878078145E-17));
#4560=DIRECTION('center_axis',(9.81307786677359E-18,-0.707106781186548,
0.707106781186547));
#4561=DIRECTION('ref_axis',(-1.77943811984161E-15,-0.707106781186547,-0.707106781186548));
#4562=DIRECTION('',(9.8130778667736E-18,0.707106781186547,0.707106781186548));
#4563=DIRECTION('',(-1.,0.,1.38777878078145E-17));
#4564=DIRECTION('',(9.8130778667736E-18,0.707106781186547,0.707106781186548));
#4565=DIRECTION('',(1.,0.,-1.38777878078145E-17));
#4566=DIRECTION('center_axis',(1.,0.,-1.38777878078145E-17));
#4567=DIRECTION('ref_axis',(-1.38777878078145E-17,0.,-1.));
#4568=DIRECTION('',(1.38777878078145E-17,-1.7630424056412E-16,1.));
#4569=DIRECTION('',(-1.38777878078145E-17,0.,-1.));
#4570=DIRECTION('center_axis',(0.,1.,0.));
#4571=DIRECTION('ref_axis',(0.,0.,1.));
#4572=DIRECTION('',(-1.38777878078145E-17,0.,-1.));
#4573=DIRECTION('center_axis',(1.,0.,-1.38777878078145E-17));
#4574=DIRECTION('ref_axis',(-1.38777878078145E-17,0.,-1.));
#4575=DIRECTION('',(-3.74690730664769E-16,0.,-1.));
#4576=DIRECTION('center_axis',(1.,0.,-1.38777878078145E-17));
#4577=DIRECTION('ref_axis',(-1.38777878078145E-17,0.,-1.));
#4578=DIRECTION('',(-3.74690730664769E-16,0.,-1.));
#4579=DIRECTION('',(-1.38777878078145E-17,0.,-1.));
#4580=DIRECTION('center_axis',(0.,1.,0.));
#4581=DIRECTION('ref_axis',(0.,0.,1.));
#4582=DIRECTION('center_axis',(0.,0.707106781186547,-0.707106781186548));
#4583=DIRECTION('ref_axis',(0.,0.707106781186548,0.707106781186547));
#4584=DIRECTION('',(1.,-2.44671284016673E-33,-2.44671284016673E-33));
#4585=DIRECTION('',(-4.55326813018295E-17,-0.707106781186548,-0.707106781186547));
#4586=DIRECTION('',(1.,0.,0.));
#4587=DIRECTION('',(0.,-0.707106781186548,-0.707106781186547));
#4588=DIRECTION('center_axis',(-2.44671284016673E-33,-1.,-1.7630424056412E-16));
#4589=DIRECTION('ref_axis',(0.,-1.7630424056412E-16,1.));
#4590=DIRECTION('',(0.,0.,-1.));
#4591=DIRECTION('',(6.43929354282591E-17,-1.7630424056412E-16,1.));
#4592=DIRECTION('center_axis',(-2.44671284016673E-33,-1.,-1.7630424056412E-16));
#4593=DIRECTION('ref_axis',(0.,-1.7630424056412E-16,1.));
#4594=DIRECTION('',(-1.,0.,0.));
#4595=DIRECTION('',(6.43929354282591E-17,-1.7630424056412E-16,1.));
#4596=DIRECTION('',(0.,0.,-1.));
#4597=DIRECTION('center_axis',(0.,-0.707106781186548,0.707106781186548));
#4598=DIRECTION('ref_axis',(0.,-0.707106781186548,-0.707106781186548));
#4599=DIRECTION('',(4.60482527029051E-16,0.707106781186547,0.707106781186547));
#4600=DIRECTION('',(1.,0.,0.));
#4601=DIRECTION('',(4.55326813018295E-17,0.707106781186548,0.707106781186548));
#4602=DIRECTION('center_axis',(1.,0.,0.));
#4603=DIRECTION('ref_axis',(0.,0.,-1.));
#4604=DIRECTION('',(0.,5.7684125472359E-17,1.));
#4605=DIRECTION('center_axis',(1.,0.,0.));
#4606=DIRECTION('ref_axis',(0.,1.77635683940025E-15,1.));
#4607=DIRECTION('',(0.,1.93680720151405E-16,-1.));
#4608=DIRECTION('center_axis',(1.,0.,0.));
#4609=DIRECTION('ref_axis',(0.,-1.,3.77475828372555E-15));
#4610=DIRECTION('center_axis',(1.,0.,0.));
#4611=DIRECTION('ref_axis',(0.,-0.707106781186547,0.707106781186547));
#4612=DIRECTION('center_axis',(0.,-1.,5.7684125472359E-17));
#4613=DIRECTION('ref_axis',(0.,-5.7684125472359E-17,-1.));
#4614=DIRECTION('',(6.43929354282591E-17,5.7684125472359E-17,1.));
#4615=DIRECTION('center_axis',(0.,1.,0.));
#4616=DIRECTION('ref_axis',(0.,0.,1.));
#4617=DIRECTION('center_axis',(1.,0.,0.));
#4618=DIRECTION('ref_axis',(0.,-0.707106781186547,0.707106781186547));
#4619=DIRECTION('center_axis',(1.,0.,-6.43929354282591E-17));
#4620=DIRECTION('ref_axis',(0.,-0.707106781186547,0.707106781186547));
#4621=DIRECTION('center_axis',(1.,0.,0.));
#4622=DIRECTION('ref_axis',(0.,-1.,3.77475828372555E-15));
#4623=DIRECTION('center_axis',(1.,0.,-6.43929354282591E-17));
#4624=DIRECTION('ref_axis',(0.,-1.,3.77475828372555E-15));
#4625=DIRECTION('',(1.,0.,0.));
#4626=DIRECTION('center_axis',(1.,0.,0.));
#4627=DIRECTION('ref_axis',(0.,1.77635683940025E-15,1.));
#4628=DIRECTION('center_axis',(1.,0.,-6.43929354282591E-17));
#4629=DIRECTION('ref_axis',(0.,1.77635683940025E-15,1.));
#4630=DIRECTION('',(1.,0.,0.));
#4631=DIRECTION('center_axis',(0.,1.,1.93680720151405E-16));
#4632=DIRECTION('ref_axis',(0.,-1.93680720151405E-16,1.));
#4633=DIRECTION('',(-6.43929354282591E-17,1.93680720151405E-16,-1.));
#4634=DIRECTION('center_axis',(-1.,0.,6.43929354282591E-17));
#4635=DIRECTION('ref_axis',(6.43929354282591E-17,0.,1.));
#4636=DIRECTION('',(1.29737343121992E-16,-1.06108815802425E-15,1.));
#4637=DIRECTION('',(0.999999999999998,9.43689570931381E-16,9.02056207507939E-17));
#4638=DIRECTION('',(-7.72474976664869E-17,-1.06108815802425E-15,0.999999999999999));
#4639=DIRECTION('',(1.,6.66133814775094E-16,9.02056207507944E-17));
#4640=CARTESIAN_POINT('',(0.,0.,0.));
#4641=CARTESIAN_POINT('',(0.,0.,0.));
#4642=CARTESIAN_POINT('Origin',(12.5000011512798,188.549374963879,109.436447245495));
#4643=CARTESIAN_POINT('',(-12.5,186.781608010913,111.204214198462));
#4644=CARTESIAN_POINT('',(12.5000011512798,186.781608010913,111.204214198462));
#4645=CARTESIAN_POINT('',(6.25000057563993,186.781608010913,111.204214198462));
#4646=CARTESIAN_POINT('',(-12.5,181.920248890255,116.065573319119));
#4647=CARTESIAN_POINT('',(-12.5,204.319915199047,93.6659070103274));
#4648=CARTESIAN_POINT('',(12.5000011512798,181.920248890255,116.065573319119));
#4649=CARTESIAN_POINT('',(6.25000057563993,181.920248890255,116.065573319119));
#4650=CARTESIAN_POINT('',(12.5,204.319915199047,93.6659070103274));
#4651=CARTESIAN_POINT('Origin',(5.55111512312578E-14,161.372428079147,85.7950342666959));
#4652=CARTESIAN_POINT('',(12.5000011512798,160.265103751642,84.6877099391913));
#4653=CARTESIAN_POINT('',(12.5000011512798,160.265103751642,84.6877099391913));
#4654=CARTESIAN_POINT('',(-12.5,160.265103751642,84.6877099391913));
#4655=CARTESIAN_POINT('',(-6.24999999999995,160.265103751642,84.6877099391913));
#4656=CARTESIAN_POINT('',(-12.5,188.991316702121,113.41392288967));
#4657=CARTESIAN_POINT('Origin',(25.,257.362192816896,178.249265098512));
#4658=CARTESIAN_POINT('',(-12.5,257.362192816896,178.249265098512));
#4659=CARTESIAN_POINT('',(-12.5,68.9181972473301,-10.194730471053));
#4660=CARTESIAN_POINT('',(-12.4999999999999,224.060638235991,144.947710517608));
#4661=CARTESIAN_POINT('',(-25.,68.9181972473301,-10.194730471053));
#4662=CARTESIAN_POINT('',(-12.5,68.9181972473301,-10.194730471053));
#4663=CARTESIAN_POINT('',(-25.,257.362192816896,178.249265098512));
#4664=CARTESIAN_POINT('',(-25.,37.9550536808599,-41.1578740375232));
#4665=CARTESIAN_POINT('',(-12.5,257.362192816896,178.249265098512));
#4666=CARTESIAN_POINT('Origin',(4.44089209850063E-14,156.511068958489,90.6563933873533));
#4667=CARTESIAN_POINT('',(-12.5,174.281610199312,108.426934628176));
#4668=CARTESIAN_POINT('',(-12.5,127.986358086049,62.1316825149127));
#4669=CARTESIAN_POINT('',(-5.17766952966369,181.603940669648,115.749265098512));
#4670=CARTESIAN_POINT('',(-45.8859731538982,140.895637045414,75.0409614742778));
#4671=CARTESIAN_POINT('',(5.17766952966368,181.603940669648,115.749265098512));
#4672=CARTESIAN_POINT('',(-2.58883476483183,181.603940669648,115.749265098512));
#4673=CARTESIAN_POINT('',(12.5000011512798,174.281609048032,108.426933476896));
#4674=CARTESIAN_POINT('',(43.4451963304528,143.336413868859,77.4817382977234));
#4675=CARTESIAN_POINT('',(12.5,127.986358086049,62.1316825149127));
#4676=CARTESIAN_POINT('Origin',(-12.5,162.032870704609,82.9199429862249));
#4677=CARTESIAN_POINT('',(12.5000011512798,155.403744630985,89.5490690598488));
#4678=CARTESIAN_POINT('',(12.5,177.803410939777,67.149402751057));
#4679=CARTESIAN_POINT('',(-12.5,155.403744630985,89.5490690598488));
#4680=CARTESIAN_POINT('',(-12.5,155.403744630985,89.5490690598488));
#4681=CARTESIAN_POINT('',(-12.5,177.803410939777,67.149402751057));
#4682=CARTESIAN_POINT('Origin',(4.44089209850063E-14,156.511068958489,90.6563933873533));
#4683=CARTESIAN_POINT('',(-12.5,163.926271139985,98.0715955688486));
#4684=CARTESIAN_POINT('',(-5.17766952966368,156.603940669648,90.7492650985124));
#4685=CARTESIAN_POINT('',(22.3157471143467,129.110524025638,63.2558484545021));
#4686=CARTESIAN_POINT('',(-12.5,127.986358086049,62.1316825149127));
#4687=CARTESIAN_POINT('',(12.5000011512798,163.926272291264,98.0715967201285));
#4688=CARTESIAN_POINT('',(12.5,127.986358086049,62.1316825149127));
#4689=CARTESIAN_POINT('',(5.1776695296637,156.603940669648,90.7492650985124));
#4690=CARTESIAN_POINT('',(-19.8749702909012,131.551300849084,65.6966252779475));
#4691=CARTESIAN_POINT('',(2.58883476483187,156.603940669648,90.7492650985124));
#4692=CARTESIAN_POINT('Origin',(-12.5,137.631853757568,-4.5632349014876));
#4693=CARTESIAN_POINT('',(-12.5,68.91819724733,98.0715955688487));
#4694=CARTESIAN_POINT('',(-12.5,67.3193537575681,98.0715955688487));
#4695=CARTESIAN_POINT('',(-12.5,68.91819724733,90.7492650985124));
#4696=CARTESIAN_POINT('',(-12.5,68.91819724733,115.749265098512));
#4697=CARTESIAN_POINT('',(-12.5,104.329184227904,90.7492650985124));
#4698=CARTESIAN_POINT('',(-12.5,47.0068537575681,90.7492650985124));
#4699=CARTESIAN_POINT('',(-12.5,113.168018992736,69.4104303336805));
#4700=CARTESIAN_POINT('Origin',(-12.5,104.329184227904,78.2492650985124));
#4701=CARTESIAN_POINT('',(-12.5,68.9181972473301,25.1606085882744));
#4702=CARTESIAN_POINT('',(-12.5,113.168018992736,69.4104303336805));
#4703=CARTESIAN_POINT('',(-12.5,68.91819724733,115.749265098512));
#4704=CARTESIAN_POINT('',(-12.5,247.006853757568,178.249265098512));
#4705=CARTESIAN_POINT('',(-12.5,206.381853757568,178.249265098512));
#4706=CARTESIAN_POINT('',(-12.5,247.006853757568,179.321595568849));
#4707=CARTESIAN_POINT('',(-12.5,247.006853757568,99.3430150985124));
#4708=CARTESIAN_POINT('',(-12.5,247.006853757568,191.821595568849));
#4709=CARTESIAN_POINT('Origin',(-12.5,247.006853757568,185.571595568849));
#4710=CARTESIAN_POINT('',(-12.5,247.006853757568,203.249265098512));
#4711=CARTESIAN_POINT('',(-12.5,247.006853757568,99.3430150985124));
#4712=CARTESIAN_POINT('',(-12.5,159.506853757568,115.749265098512));
#4713=CARTESIAN_POINT('',(-12.5,247.006853757568,203.249265098512));
#4714=CARTESIAN_POINT('',(-12.5,68.91819724733,115.749265098512));
#4715=CARTESIAN_POINT('',(-12.5,159.506853757568,115.749265098512));
#4716=CARTESIAN_POINT('',(-12.5,68.91819724733,108.426934628176));
#4717=CARTESIAN_POINT('',(-12.5,68.91819724733,115.749265098512));
#4718=CARTESIAN_POINT('',(-12.5,67.3193537575681,108.426934628176));
#4719=CARTESIAN_POINT('',(-12.5,78.3124561986241,21.5646980099044));
#4720=CARTESIAN_POINT('Origin',(-12.5,78.3124561986241,16.8771980099044));
#4721=CARTESIAN_POINT('',(-12.5,138.97081140773,83.7855532190111));
#4722=CARTESIAN_POINT('Origin',(-12.5,138.97081140773,77.5355532190111));
#4723=CARTESIAN_POINT('',(-12.5,192.988832582649,137.80357439393));
#4724=CARTESIAN_POINT('Origin',(-12.5,192.988832582649,131.55357439393));
#4725=CARTESIAN_POINT('Origin',(12.5,137.631853757568,-4.5632349014876));
#4726=CARTESIAN_POINT('',(12.5,68.91819724733,108.426934628176));
#4727=CARTESIAN_POINT('',(12.5,67.3193537575681,108.426934628176));
#4728=CARTESIAN_POINT('',(12.5,68.91819724733,115.749265098512));
#4729=CARTESIAN_POINT('',(12.5,68.91819724733,115.749265098512));
#4730=CARTESIAN_POINT('',(12.5,159.506853757568,115.749265098512));
#4731=CARTESIAN_POINT('',(12.5,159.506853757568,115.749265098512));
#4732=CARTESIAN_POINT('',(12.5,247.047092456797,203.289503797741));
#4733=CARTESIAN_POINT('',(12.5,247.006853757568,203.249265098512));
#4734=CARTESIAN_POINT('',(12.5000001862645,247.047091991735,191.821466038267));
#4735=CARTESIAN_POINT('',(12.5,247.047092456797,99.3430150985124));
#4736=CARTESIAN_POINT('',(12.5000001862645,247.006853757568,191.821595568849));
#4737=CARTESIAN_POINT('Origin',(12.5,247.006853757568,185.571595568849));
#4738=CARTESIAN_POINT('',(12.5000001862645,247.047091991735,179.32172509943));
#4739=CARTESIAN_POINT('Origin',(12.5,247.006853757568,185.571595568849));
#4740=CARTESIAN_POINT('',(12.5000001862645,247.047091991735,178.249265098512));
#4741=CARTESIAN_POINT('',(12.5,247.047092456797,99.3430150985124));
#4742=CARTESIAN_POINT('',(12.5,257.362192816896,178.249265098512));
#4743=CARTESIAN_POINT('',(12.5,206.381853757568,178.249265098512));
#4744=CARTESIAN_POINT('',(12.5,68.9181972473301,-10.194730471053));
#4745=CARTESIAN_POINT('',(12.5,37.9550536808599,-41.1578740375232));
#4746=CARTESIAN_POINT('',(12.5,68.9181972473301,25.1606085882744));
#4747=CARTESIAN_POINT('',(12.5,68.91819724733,115.749265098512));
#4748=CARTESIAN_POINT('',(12.5,113.168018992736,69.4104303336805));
#4749=CARTESIAN_POINT('',(12.5,113.168018992736,69.4104303336805));
#4750=CARTESIAN_POINT('',(12.5,104.329184227904,90.7492650985124));
#4751=CARTESIAN_POINT('Origin',(12.5,104.329184227904,78.2492650985124));
#4752=CARTESIAN_POINT('',(12.5,68.91819724733,90.7492650985124));
#4753=CARTESIAN_POINT('',(12.5,47.0068537575681,90.7492650985124));
#4754=CARTESIAN_POINT('',(12.5,68.91819724733,98.0715955688487));
#4755=CARTESIAN_POINT('',(12.5,68.91819724733,115.749265098512));
#4756=CARTESIAN_POINT('',(12.5,67.3193537575681,98.0715955688487));
#4757=CARTESIAN_POINT('',(12.5,138.97081140773,83.7855532190111));
#4758=CARTESIAN_POINT('Origin',(12.5,138.97081140773,77.5355532190111));
#4759=CARTESIAN_POINT('',(12.5,78.3124561986241,21.5646980099044));
#4760=CARTESIAN_POINT('Origin',(12.5,78.3124561986241,16.8771980099044));
#4761=CARTESIAN_POINT('',(12.5,192.988832582649,137.80357439393));
#4762=CARTESIAN_POINT('Origin',(12.5,192.988832582649,131.55357439393));
#4763=CARTESIAN_POINT('Origin',(-5.17766952966369,-2.99314624243191,115.749265098512));
#4764=CARTESIAN_POINT('',(-5.17766952966369,-2.99314624243191,115.749265098512));
#4765=CARTESIAN_POINT('',(-5.17766952966369,-2.99314624243191,115.749265098512));
#4766=CARTESIAN_POINT('',(5.17766952966368,-2.99314624243191,115.749265098512));
#4767=CARTESIAN_POINT('',(5.17766952966368,-2.99314624243191,115.749265098512));
#4768=CARTESIAN_POINT('',(5.17766952966368,-2.99314624243191,115.749265098512));
#4769=CARTESIAN_POINT('Origin',(-12.5,-2.99314624243191,108.426934628176));
#4770=CARTESIAN_POINT('',(-12.5,-2.99314624243191,108.426934628176));
#4771=CARTESIAN_POINT('',(-12.5,-2.99314624243191,108.426934628176));
#4772=CARTESIAN_POINT('',(-5.17766952966369,-2.99314624243191,115.749265098512));
#4773=CARTESIAN_POINT('Origin',(12.5,-2.99314624243191,98.0715955688487));
#4774=CARTESIAN_POINT('',(12.5,-2.99314624243191,98.0715955688487));
#4775=CARTESIAN_POINT('',(12.5,-2.99314624243191,98.0715955688487));
#4776=CARTESIAN_POINT('',(5.1776695296637,-2.99314624243191,90.7492650985124));
#4777=CARTESIAN_POINT('',(5.1776695296637,-2.99314624243191,90.7492650985124));
#4778=CARTESIAN_POINT('',(5.1776695296637,-2.99314624243191,90.7492650985124));
#4779=CARTESIAN_POINT('Origin',(25.,257.362192816896,178.249265098512));
#4780=CARTESIAN_POINT('',(25.,257.362192816896,178.249265098512));
#4781=CARTESIAN_POINT('',(25.,257.362192816896,178.249265098512));
#4782=CARTESIAN_POINT('',(25.,68.9181972473301,-10.194730471053));
#4783=CARTESIAN_POINT('',(25.,37.9550536808599,-41.1578740375232));
#4784=CARTESIAN_POINT('',(25.,68.9181972473301,-10.194730471053));
#4785=CARTESIAN_POINT('Origin',(12.5000001862645,247.047091991735,203.249265098512));
#4786=CARTESIAN_POINT('',(10.0128929852558,253.256853757568,209.499265098512));
#4787=CARTESIAN_POINT('',(11.8165803761265,248.753441523145,204.995852864089));
#4788=CARTESIAN_POINT('',(8.36497630434348,257.371340657955,209.499265098512));
#4789=CARTESIAN_POINT('',(12.5000001862645,247.047091991735,209.499265098512));
#4790=CARTESIAN_POINT('',(8.3649763043435,257.371340657955,178.249265098512));
#4791=CARTESIAN_POINT('',(8.36497630434348,257.371340657955,203.249265098512));
#4792=CARTESIAN_POINT('',(12.5000001862645,247.047091991735,178.249265098512));
#4793=CARTESIAN_POINT('Origin',(12.5161162315697,247.006853757568,185.571595568849));
#4794=CARTESIAN_POINT('Origin',(25.,247.006853757568,209.499265098512));
#4795=CARTESIAN_POINT('',(-25.,253.256853757568,209.499265098512));
#4796=CARTESIAN_POINT('',(-10.,253.256853757568,209.499265098512));
#4797=CARTESIAN_POINT('',(25.,253.256853757568,209.499265098512));
#4798=CARTESIAN_POINT('',(-8.35569172939847,257.367624434072,209.499265098512));
#4799=CARTESIAN_POINT('',(-12.5,247.006853757568,209.499265098512));
#4800=CARTESIAN_POINT('',(-2.55410149454384,261.296432552495,209.499265098512));
#4801=CARTESIAN_POINT('Origin',(-2.55271241136564,255.046432706859,209.499265098512));
#4802=CARTESIAN_POINT('',(2.56164026148318,261.297569543053,209.499265098512));
#4803=CARTESIAN_POINT('',(2.56164026148318,261.297569543053,209.499265098512));
#4804=CARTESIAN_POINT('Origin',(2.5630293446614,255.047569697418,209.499265098512));
#4805=CARTESIAN_POINT('',(25.,253.256853757568,209.499265098512));
#4806=CARTESIAN_POINT('',(25.,253.256853757568,209.499265098512));
#4807=CARTESIAN_POINT('',(25.,278.256853757568,209.499265098512));
#4808=CARTESIAN_POINT('',(25.,278.256853757568,209.499265098512));
#4809=CARTESIAN_POINT('',(-25.,278.256853757568,209.499265098512));
#4810=CARTESIAN_POINT('Origin',(-2.22044604925031E-14,278.256853757568,
209.499265098512));
#4811=CARTESIAN_POINT('',(-25.,278.256853757568,209.499265098512));
#4812=CARTESIAN_POINT('',(-3.12500000000002,278.256853757568,209.499265098512));
#4813=CARTESIAN_POINT('Origin',(-2.22044604925031E-14,278.256853757568,
209.499265098512));
#4814=CARTESIAN_POINT('Origin',(-5.17766952966368,-2.99314624243191,90.7492650985124));
#4815=CARTESIAN_POINT('',(-5.17766952966368,-2.99314624243191,90.7492650985124));
#4816=CARTESIAN_POINT('',(-5.17766952966368,-2.99314624243191,90.7492650985124));
#4817=CARTESIAN_POINT('',(-12.5,-2.99314624243191,98.0715955688487));
#4818=CARTESIAN_POINT('',(-12.5,-2.99314624243191,98.0715955688487));
#4819=CARTESIAN_POINT('',(-12.5,-2.99314624243191,98.0715955688487));
#4820=CARTESIAN_POINT('Origin',(5.1776695296637,-2.99314624243191,90.7492650985124));
#4821=CARTESIAN_POINT('',(-5.17766952966368,-2.99314624243191,90.7492650985124));
#4822=CARTESIAN_POINT('Origin',(25.,78.2931972473306,103.249265098513));
#4823=CARTESIAN_POINT('',(5.26782687642651,78.2931972473306,100.124265098513));
#4824=CARTESIAN_POINT('',(6.125,75.1681972473306,103.249265098512));
#4825=CARTESIAN_POINT('Ctrl Pts',(5.26782687642652,78.2931972473306,100.124265098513));
#4826=CARTESIAN_POINT('Ctrl Pts',(5.26782687642652,77.8918060464729,100.124265098513));
#4827=CARTESIAN_POINT('Ctrl Pts',(5.3185888662837,77.4703554950886,100.206026261288));
#4828=CARTESIAN_POINT('Ctrl Pts',(5.48975275523941,76.7035198582026,100.526894567027));
#4829=CARTESIAN_POINT('Ctrl Pts',(5.60661418561723,76.3572587097501,100.765786253677));
#4830=CARTESIAN_POINT('Ctrl Pts',(5.81809646182591,75.8105371441842,101.312507819243));
#4831=CARTESIAN_POINT('Ctrl Pts',(5.92791978290669,75.5710473239546,101.659040665645));
#4832=CARTESIAN_POINT('Ctrl Pts',(6.0821921412398,75.2496912296601,102.427081694907));
#4833=CARTESIAN_POINT('Ctrl Pts',(6.12500000000002,75.1681972473306,102.849074305024));
#4834=CARTESIAN_POINT('Ctrl Pts',(6.125,75.1681972473306,103.249265098513));
#4835=CARTESIAN_POINT('',(6.125,81.4181972473306,103.249265098513));
#4836=CARTESIAN_POINT('Ctrl Pts',(6.125,81.4181972473306,103.249265098513));
#4837=CARTESIAN_POINT('Ctrl Pts',(6.12500000000002,81.4181972473306,102.849074305024));
#4838=CARTESIAN_POINT('Ctrl Pts',(6.0821921412398,81.336703265001,102.427081694907));
#4839=CARTESIAN_POINT('Ctrl Pts',(5.92791978290669,81.0153471707065,101.659040665645));
#4840=CARTESIAN_POINT('Ctrl Pts',(5.81809646182591,80.7758573504769,101.312507819243));
#4841=CARTESIAN_POINT('Ctrl Pts',(5.60661418561723,80.229135784911,100.765786253677));
#4842=CARTESIAN_POINT('Ctrl Pts',(5.48975275523941,79.8828746364585,100.526894567027));
#4843=CARTESIAN_POINT('Ctrl Pts',(5.31858886628369,79.1160389995725,100.206026261288));
#4844=CARTESIAN_POINT('Ctrl Pts',(5.26782687642652,78.6945884481882,100.124265098513));
#4845=CARTESIAN_POINT('Ctrl Pts',(5.26782687642652,78.2931972473306,100.124265098513));
#4846=CARTESIAN_POINT('',(5.26782687642622,78.2931972473306,106.374265098513));
#4847=CARTESIAN_POINT('Ctrl Pts',(5.26782687642622,78.2931972473306,106.374265098513));
#4848=CARTESIAN_POINT('Ctrl Pts',(5.26782687642622,78.6945884481882,106.374265098513));
#4849=CARTESIAN_POINT('Ctrl Pts',(5.31858886628342,79.1160389995725,106.292503935737));
#4850=CARTESIAN_POINT('Ctrl Pts',(5.48975275523917,79.8828746364585,105.971635629998));
#4851=CARTESIAN_POINT('Ctrl Pts',(5.60661418561701,80.229135784911,105.732743943348));
#4852=CARTESIAN_POINT('Ctrl Pts',(5.81809646182574,80.7758573504769,105.186022377782));
#4853=CARTESIAN_POINT('Ctrl Pts',(5.92791978290656,81.0153471707065,104.83948953138));
#4854=CARTESIAN_POINT('Ctrl Pts',(6.08219214123974,81.336703265001,104.071448502118));
#4855=CARTESIAN_POINT('Ctrl Pts',(6.12499999999999,81.4181972473306,103.649455892001));
#4856=CARTESIAN_POINT('Ctrl Pts',(6.125,81.4181972473306,103.249265098513));
#4857=CARTESIAN_POINT('',(-5.26782687642622,78.2931972473306,106.374265098513));
#4858=CARTESIAN_POINT('',(25.,78.2931972473306,106.374265098513));
#4859=CARTESIAN_POINT('',(-5.26782687642651,78.2931972473305,100.124265098513));
#4860=CARTESIAN_POINT('Ctrl Pts',(-5.26782687642652,78.2931972473306,100.124265098513));
#4861=CARTESIAN_POINT('Ctrl Pts',(-5.26782687642652,78.6945884481882,100.124265098513));
#4862=CARTESIAN_POINT('Ctrl Pts',(-5.3185888662837,79.1160389995725,100.206026261288));
#4863=CARTESIAN_POINT('Ctrl Pts',(-5.48975275523941,79.8828746364585,100.526894567027));
#4864=CARTESIAN_POINT('Ctrl Pts',(-5.60661418561723,80.229135784911,100.765786253677));
#4865=CARTESIAN_POINT('Ctrl Pts',(-5.81809646182591,80.7758573504769,101.312507819243));
#4866=CARTESIAN_POINT('Ctrl Pts',(-5.92791978290668,81.0153471707065,101.659040665645));
#4867=CARTESIAN_POINT('Ctrl Pts',(-6.0821921412398,81.336703265001,102.427081694907));
#4868=CARTESIAN_POINT('Ctrl Pts',(-6.12500000000002,81.4181972473306,102.849074305024));
#4869=CARTESIAN_POINT('Ctrl Pts',(-6.12499999999998,81.4181972473306,103.649455892001));
#4870=CARTESIAN_POINT('Ctrl Pts',(-6.08219214123974,81.336703265001,104.071448502118));
#4871=CARTESIAN_POINT('Ctrl Pts',(-5.92791978290656,81.0153471707065,104.83948953138));
#4872=CARTESIAN_POINT('Ctrl Pts',(-5.81809646182574,80.7758573504769,105.186022377782));
#4873=CARTESIAN_POINT('Ctrl Pts',(-5.60661418561701,80.229135784911,105.732743943348));
#4874=CARTESIAN_POINT('Ctrl Pts',(-5.48975275523917,79.8828746364585,105.971635629998));
#4875=CARTESIAN_POINT('Ctrl Pts',(-5.31858886628342,79.1160389995725,106.292503935737));
#4876=CARTESIAN_POINT('Ctrl Pts',(-5.26782687642622,78.6945884481882,106.374265098513));
#4877=CARTESIAN_POINT('Ctrl Pts',(-5.26782687642622,78.2931972473306,106.374265098513));
#4878=CARTESIAN_POINT('Ctrl Pts',(-5.26782687642622,78.2931972473306,106.374265098513));
#4879=CARTESIAN_POINT('Ctrl Pts',(-5.26782687642622,77.8918060464729,106.374265098513));
#4880=CARTESIAN_POINT('Ctrl Pts',(-5.31858886628342,77.4703554950886,106.292503935737));
#4881=CARTESIAN_POINT('Ctrl Pts',(-5.48975275523916,76.7035198582026,105.971635629998));
#4882=CARTESIAN_POINT('Ctrl Pts',(-5.60661418561701,76.3572587097502,105.732743943348));
#4883=CARTESIAN_POINT('Ctrl Pts',(-5.81809646182574,75.8105371441842,105.186022377782));
#4884=CARTESIAN_POINT('Ctrl Pts',(-5.92791978290656,75.5710473239546,104.83948953138));
#4885=CARTESIAN_POINT('Ctrl Pts',(-6.08219214123973,75.2496912296601,104.071448502118));
#4886=CARTESIAN_POINT('Ctrl Pts',(-6.12499999999998,75.1681972473306,103.649455892001));
#4887=CARTESIAN_POINT('Ctrl Pts',(-6.12500000000002,75.1681972473306,102.849074305024));
#4888=CARTESIAN_POINT('Ctrl Pts',(-6.0821921412398,75.2496912296601,102.427081694907));
#4889=CARTESIAN_POINT('Ctrl Pts',(-5.92791978290669,75.5710473239546,101.659040665645));
#4890=CARTESIAN_POINT('Ctrl Pts',(-5.81809646182591,75.8105371441842,101.312507819243));
#4891=CARTESIAN_POINT('Ctrl Pts',(-5.60661418561723,76.3572587097501,100.765786253677));
#4892=CARTESIAN_POINT('Ctrl Pts',(-5.48975275523941,76.7035198582026,100.526894567027));
#4893=CARTESIAN_POINT('Ctrl Pts',(-5.3185888662837,77.4703554950886,100.206026261288));
#4894=CARTESIAN_POINT('Ctrl Pts',(-5.26782687642652,77.8918060464729,100.124265098513));
#4895=CARTESIAN_POINT('Ctrl Pts',(-5.26782687642652,78.2931972473306,100.124265098513));
#4896=CARTESIAN_POINT('Ctrl Pts',(6.125,75.1681972473306,103.249265098513));
#4897=CARTESIAN_POINT('Ctrl Pts',(6.12499999999998,75.1681972473306,103.649455892001));
#4898=CARTESIAN_POINT('Ctrl Pts',(6.08219214123973,75.2496912296601,104.071448502118));
#4899=CARTESIAN_POINT('Ctrl Pts',(5.92791978290656,75.5710473239546,104.83948953138));
#4900=CARTESIAN_POINT('Ctrl Pts',(5.81809646182574,75.8105371441842,105.186022377782));
#4901=CARTESIAN_POINT('Ctrl Pts',(5.60661418561701,76.3572587097502,105.732743943348));
#4902=CARTESIAN_POINT('Ctrl Pts',(5.48975275523916,76.7035198582026,105.971635629998));
#4903=CARTESIAN_POINT('Ctrl Pts',(5.31858886628341,77.4703554950886,106.292503935737));
#4904=CARTESIAN_POINT('Ctrl Pts',(5.26782687642622,77.8918060464729,106.374265098513));
#4905=CARTESIAN_POINT('Ctrl Pts',(5.26782687642622,78.2931972473306,106.374265098513));
#4906=CARTESIAN_POINT('Origin',(-12.5,78.3124561986241,16.8771980099044));
#4907=CARTESIAN_POINT('',(-12.5,78.3124561986241,21.5646980099044));
#4908=CARTESIAN_POINT('Origin',(5.17766952966368,-2.99314624243191,115.749265098512));
#4909=CARTESIAN_POINT('',(12.5,-2.99314624243191,108.426934628176));
#4910=CARTESIAN_POINT('',(12.5,-2.99314624243191,108.426934628176));
#4911=CARTESIAN_POINT('',(12.5,-2.99314624243191,108.426934628176));
#4912=CARTESIAN_POINT('Origin',(-2.22044604925031E-14,90.7568543395985,
103.249265098512));
#4913=CARTESIAN_POINT('',(-9.50000000000002,90.7568543395985,103.249265098512));
#4914=CARTESIAN_POINT('Origin',(-2.22044604925031E-14,90.7568543395985,
103.249265098512));
#4915=CARTESIAN_POINT('',(6.12499999999998,90.7568543395985,103.249265098512));
#4916=CARTESIAN_POINT('Origin',(-2.22044604925031E-14,90.7568543395985,
103.249265098512));
#4917=CARTESIAN_POINT('Origin',(-5.82381163577494E-15,184.506853757569,
103.249265098512));
#4918=CARTESIAN_POINT('',(6.12500000000001,-2.99314566040162,103.249265098512));
#4919=CARTESIAN_POINT('Origin',(4.58452918777678E-15,-2.99314566040162,
103.249265098512));
#4920=CARTESIAN_POINT('',(6.12499999999999,184.506853757569,103.249265098512));
#4921=CARTESIAN_POINT('',(6.12499999999999,184.506853757569,103.249265098512));
#4922=CARTESIAN_POINT('Origin',(6.40599063311456E-15,-2.99314566040162,
103.249265098512));
#4923=CARTESIAN_POINT('Origin',(12.5,-2.99314624243191,108.426934628176));
#4924=CARTESIAN_POINT('',(12.5,68.91819724733,115.749265098512));
#4925=CARTESIAN_POINT('',(12.5,-2.99314624243191,98.0715955688487));
#4926=CARTESIAN_POINT('Origin',(-12.5,-2.99314624243191,98.0715955688487));
#4927=CARTESIAN_POINT('',(-12.5,68.91819724733,115.749265098512));
#4928=CARTESIAN_POINT('',(-12.5,-2.99314624243191,108.426934628176));
#4929=CARTESIAN_POINT('Origin',(1.4965455884352E-15,-2.99314624243191,103.249265098512));
#4930=CARTESIAN_POINT('',(-9.5,81.4181972473306,103.249265098513));
#4931=CARTESIAN_POINT('',(-9.5,-2.99314624243191,103.249265098512));
#4932=CARTESIAN_POINT('',(-8.97130843299897,78.2931972473301,100.124265098512));
#4933=CARTESIAN_POINT('Ctrl Pts',(-9.5,81.4181972473306,103.249265098513));
#4934=CARTESIAN_POINT('Ctrl Pts',(-9.50000000000001,81.4181972473306,102.853765787321));
#4935=CARTESIAN_POINT('Ctrl Pts',(-9.47287785976875,81.3385574190234,102.433869925185));
#4936=CARTESIAN_POINT('Ctrl Pts',(-9.37494505563225,81.0187060440265,101.664749575651));
#4937=CARTESIAN_POINT('Ctrl Pts',(-9.30538387032235,80.7786509785927,101.315301447359));
#4938=CARTESIAN_POINT('Ctrl Pts',(-9.17346026582626,80.2270399105039,100.76369037927));
#4939=CARTESIAN_POINT('Ctrl Pts',(-9.10217627717589,79.8776401066771,100.523728533779));
#4940=CARTESIAN_POINT('Ctrl Pts',(-9.00023327527736,79.108698471652,100.203946579702));
#4941=CARTESIAN_POINT('Ctrl Pts',(-8.97130843299914,78.6888700907928,100.124265098513));
#4942=CARTESIAN_POINT('Ctrl Pts',(-8.97130843299914,78.2931972473306,100.124265098513));
#4943=CARTESIAN_POINT('',(-9.5,75.1681972473306,103.249265098512));
#4944=CARTESIAN_POINT('Ctrl Pts',(-8.97130843299914,78.2931972473306,100.124265098513));
#4945=CARTESIAN_POINT('Ctrl Pts',(-8.97130843299914,77.8975244038684,100.124265098513));
#4946=CARTESIAN_POINT('Ctrl Pts',(-9.00023327527736,77.4776960230091,100.203946579702));
#4947=CARTESIAN_POINT('Ctrl Pts',(-9.10217627717589,76.708754387984,100.523728533779));
#4948=CARTESIAN_POINT('Ctrl Pts',(-9.17346026582626,76.3593545841572,100.76369037927));
#4949=CARTESIAN_POINT('Ctrl Pts',(-9.30538387032235,75.8077435160684,101.315301447359));
#4950=CARTESIAN_POINT('Ctrl Pts',(-9.37494505563225,75.5676884506346,101.664749575651));
#4951=CARTESIAN_POINT('Ctrl Pts',(-9.47287785976875,75.2478370756377,102.433869925185));
#4952=CARTESIAN_POINT('Ctrl Pts',(-9.50000000000001,75.1681972473306,102.853765787321));
#4953=CARTESIAN_POINT('Ctrl Pts',(-9.5,75.1681972473306,103.249265098513));
#4954=CARTESIAN_POINT('',(-9.5,-2.99314624243191,103.249265098512));
#4955=CARTESIAN_POINT('',(-9.5,-2.99314624243191,103.249265098512));
#4956=CARTESIAN_POINT('Origin',(1.4965455884352E-15,-2.99314624243191,103.249265098512));
#4957=CARTESIAN_POINT('',(-8.97130843299897,78.2931972473306,106.374265098513));
#4958=CARTESIAN_POINT('Ctrl Pts',(-9.5,75.1681972473306,103.249265098513));
#4959=CARTESIAN_POINT('Ctrl Pts',(-9.49999999999999,75.1681972473306,103.644764409704));
#4960=CARTESIAN_POINT('Ctrl Pts',(-9.47287785976871,75.2478370756377,104.064660271841));
#4961=CARTESIAN_POINT('Ctrl Pts',(-9.37494505563217,75.5676884506346,104.833780621375));
#4962=CARTESIAN_POINT('Ctrl Pts',(-9.30538387032225,75.8077435160684,105.183228749666));
#4963=CARTESIAN_POINT('Ctrl Pts',(-9.17346026582613,76.3593545841572,105.734839817755));
#4964=CARTESIAN_POINT('Ctrl Pts',(-9.10217627717575,76.708754387984,105.974801663247));
#4965=CARTESIAN_POINT('Ctrl Pts',(-9.0002332752772,77.4776960230091,106.294583617323));
#4966=CARTESIAN_POINT('Ctrl Pts',(-8.97130843299897,77.8975244038683,106.374265098513));
#4967=CARTESIAN_POINT('Ctrl Pts',(-8.97130843299897,78.2931972473306,106.374265098513));
#4968=CARTESIAN_POINT('Ctrl Pts',(-8.97130843299897,78.2931972473306,106.374265098513));
#4969=CARTESIAN_POINT('Ctrl Pts',(-8.97130843299897,78.6888700907928,106.374265098513));
#4970=CARTESIAN_POINT('Ctrl Pts',(-9.0002332752772,79.108698471652,106.294583617323));
#4971=CARTESIAN_POINT('Ctrl Pts',(-9.10217627717575,79.8776401066771,105.974801663247));
#4972=CARTESIAN_POINT('Ctrl Pts',(-9.17346026582613,80.2270399105039,105.734839817755));
#4973=CARTESIAN_POINT('Ctrl Pts',(-9.30538387032225,80.7786509785927,105.183228749666));
#4974=CARTESIAN_POINT('Ctrl Pts',(-9.37494505563217,81.0187060440265,104.833780621375));
#4975=CARTESIAN_POINT('Ctrl Pts',(-9.47287785976871,81.3385574190234,104.064660271841));
#4976=CARTESIAN_POINT('Ctrl Pts',(-9.49999999999999,81.4181972473306,103.644764409704));
#4977=CARTESIAN_POINT('Ctrl Pts',(-9.5,81.4181972473306,103.249265098513));
#4978=CARTESIAN_POINT('',(8.97130843299897,78.2931972473306,106.374265098513));
#4979=CARTESIAN_POINT('',(8.97130843299897,78.2931972473301,100.124265098512));
#4980=CARTESIAN_POINT('Ctrl Pts',(8.97130843299897,78.2931972473306,106.374265098513));
#4981=CARTESIAN_POINT('Ctrl Pts',(8.97130843299897,77.8975244038683,106.374265098513));
#4982=CARTESIAN_POINT('Ctrl Pts',(9.0002332752772,77.4776960230091,106.294583617323));
#4983=CARTESIAN_POINT('Ctrl Pts',(9.10217627717575,76.708754387984,105.974801663247));
#4984=CARTESIAN_POINT('Ctrl Pts',(9.17346026582613,76.3593545841572,105.734839817755));
#4985=CARTESIAN_POINT('Ctrl Pts',(9.30538387032225,75.8077435160684,105.183228749666));
#4986=CARTESIAN_POINT('Ctrl Pts',(9.37494505563217,75.5676884506346,104.833780621375));
#4987=CARTESIAN_POINT('Ctrl Pts',(9.47287785976871,75.2478370756377,104.064660271841));
#4988=CARTESIAN_POINT('Ctrl Pts',(9.49999999999999,75.1681972473305,103.644764409704));
#4989=CARTESIAN_POINT('Ctrl Pts',(9.50000000000001,75.1681972473305,102.853765787321));
#4990=CARTESIAN_POINT('Ctrl Pts',(9.47287785976875,75.2478370756377,102.433869925185));
#4991=CARTESIAN_POINT('Ctrl Pts',(9.37494505563226,75.5676884506346,101.664749575651));
#4992=CARTESIAN_POINT('Ctrl Pts',(9.30538387032235,75.8077435160684,101.315301447359));
#4993=CARTESIAN_POINT('Ctrl Pts',(9.17346026582626,76.3593545841572,100.76369037927));
#4994=CARTESIAN_POINT('Ctrl Pts',(9.10217627717589,76.708754387984,100.523728533779));
#4995=CARTESIAN_POINT('Ctrl Pts',(9.00023327527737,77.4776960230091,100.203946579702));
#4996=CARTESIAN_POINT('Ctrl Pts',(8.97130843299914,77.8975244038684,100.124265098513));
#4997=CARTESIAN_POINT('Ctrl Pts',(8.97130843299914,78.2931972473306,100.124265098513));
#4998=CARTESIAN_POINT('Ctrl Pts',(8.97130843299914,78.2931972473306,100.124265098513));
#4999=CARTESIAN_POINT('Ctrl Pts',(8.97130843299914,78.6888700907928,100.124265098513));
#5000=CARTESIAN_POINT('Ctrl Pts',(9.00023327527737,79.108698471652,100.203946579702));
#5001=CARTESIAN_POINT('Ctrl Pts',(9.10217627717589,79.8776401066771,100.523728533779));
#5002=CARTESIAN_POINT('Ctrl Pts',(9.17346026582626,80.2270399105039,100.76369037927));
#5003=CARTESIAN_POINT('Ctrl Pts',(9.30538387032235,80.7786509785927,101.315301447359));
#5004=CARTESIAN_POINT('Ctrl Pts',(9.37494505563225,81.0187060440265,101.664749575651));
#5005=CARTESIAN_POINT('Ctrl Pts',(9.47287785976875,81.3385574190234,102.433869925185));
#5006=CARTESIAN_POINT('Ctrl Pts',(9.50000000000001,81.4181972473306,102.853765787321));
#5007=CARTESIAN_POINT('Ctrl Pts',(9.49999999999999,81.4181972473306,103.644764409704));
#5008=CARTESIAN_POINT('Ctrl Pts',(9.47287785976871,81.3385574190234,104.064660271841));
#5009=CARTESIAN_POINT('Ctrl Pts',(9.37494505563217,81.0187060440265,104.833780621375));
#5010=CARTESIAN_POINT('Ctrl Pts',(9.30538387032225,80.7786509785927,105.183228749666));
#5011=CARTESIAN_POINT('Ctrl Pts',(9.17346026582613,80.2270399105039,105.734839817755));
#5012=CARTESIAN_POINT('Ctrl Pts',(9.10217627717575,79.8776401066771,105.974801663247));
#5013=CARTESIAN_POINT('Ctrl Pts',(9.0002332752772,79.108698471652,106.294583617323));
#5014=CARTESIAN_POINT('Ctrl Pts',(8.97130843299897,78.6888700907928,106.374265098513));
#5015=CARTESIAN_POINT('Ctrl Pts',(8.97130843299897,78.2931972473306,106.374265098513));
#5016=CARTESIAN_POINT('Origin',(6.25000000000001,-2.99314624243191,19.5162880416659));
#5017=CARTESIAN_POINT('Origin',(-8.3556917293985,257.367624434072,203.249265098512));
#5018=CARTESIAN_POINT('',(-8.84088018659772,256.154653291074,212.397064632018));
#5019=CARTESIAN_POINT('Origin',(-12.5,247.006853757568,185.571595568849));
#5020=CARTESIAN_POINT('',(-8.35569172939844,257.367624434072,178.249265098512));
#5021=CARTESIAN_POINT('',(-12.5,247.006853757568,178.249265098512));
#5022=CARTESIAN_POINT('',(-8.35569172939847,257.367624434072,203.249265098512));
#5023=CARTESIAN_POINT('Origin',(1.92592994438724E-32,278.256853757568,203.249265098512));
#5024=CARTESIAN_POINT('',(25.,278.256853757568,178.249265098512));
#5025=CARTESIAN_POINT('',(25.,278.256853757568,178.249265098512));
#5026=CARTESIAN_POINT('',(-25.,278.256853757568,178.249265098512));
#5027=CARTESIAN_POINT('Origin',(1.92592994438724E-32,278.256853757568,178.249265098512));
#5028=CARTESIAN_POINT('',(-25.,278.256853757568,178.249265098512));
#5029=CARTESIAN_POINT('Origin',(1.92592994438724E-32,278.256853757568,203.249265098512));
#5030=CARTESIAN_POINT('',(-3.12499999999999,278.256853757568,178.249265098512));
#5031=CARTESIAN_POINT('Origin',(1.92592994438724E-32,278.256853757568,178.249265098512));
#5032=CARTESIAN_POINT('',(-3.12499999999999,278.256853757568,203.249265098512));
#5033=CARTESIAN_POINT('Origin',(-2.55271241136562,255.046432706859,203.249265098512));
#5034=CARTESIAN_POINT('',(-2.55410149454381,261.296432552494,178.249265098512));
#5035=CARTESIAN_POINT('Origin',(-2.55271241136562,255.046432706859,178.249265098512));
#5036=CARTESIAN_POINT('',(-2.55410149454384,261.296432552495,203.249265098512));
#5037=CARTESIAN_POINT('Origin',(2.5616402614832,261.297569543053,203.249265098512));
#5038=CARTESIAN_POINT('',(2.5616402614832,261.297569543053,178.249265098512));
#5039=CARTESIAN_POINT('',(2.5616402614832,261.297569543053,178.249265098512));
#5040=CARTESIAN_POINT('',(2.56164026148318,261.297569543053,203.249265098512));
#5041=CARTESIAN_POINT('Origin',(2.56302934466143,255.047569697418,203.249265098512));
#5042=CARTESIAN_POINT('Origin',(2.56302934466143,255.047569697418,178.249265098512));
#5043=CARTESIAN_POINT('Origin',(2.63899742254731E-15,247.006853757568,185.571595568849));
#5044=CARTESIAN_POINT('',(2.72573359634615E-15,247.006853757568,191.821595568849));
#5045=CARTESIAN_POINT('Origin',(-24.9999999999999,78.3124561986237,16.8771980099043));
#5046=CARTESIAN_POINT('',(-24.9999999999999,78.3124561986237,13.7521980099043));
#5047=CARTESIAN_POINT('Origin',(-25.,78.3124561986237,16.8771980099043));
#5048=CARTESIAN_POINT('',(-21.25,78.3124561986237,13.7521980099043));
#5049=CARTESIAN_POINT('',(-24.9999999999999,78.3124561986237,13.7521980099043));
#5050=CARTESIAN_POINT('Origin',(-21.25,78.3124561986237,16.8771980099043));
#5051=CARTESIAN_POINT('Origin',(-24.9999999999999,78.2931972473301,103.249265098512));
#5052=CARTESIAN_POINT('',(-16.2499999999999,78.2931972473301,100.124265098512));
#5053=CARTESIAN_POINT('Origin',(-16.2499999999999,78.2931972473301,103.249265098512));
#5054=CARTESIAN_POINT('',(-24.9999999999999,78.2931972473301,100.124265098512));
#5055=CARTESIAN_POINT('Origin',(-24.9999999999999,78.2931972473301,103.249265098512));
#5056=CARTESIAN_POINT('',(-24.9999999999999,78.2931972473301,100.124265098512));
#5057=CARTESIAN_POINT('Origin',(-25.,78.2931972473301,103.249265098512));
#5058=CARTESIAN_POINT('',(-21.25,78.2931972473301,100.124265098512));
#5059=CARTESIAN_POINT('',(-24.9999999999999,78.2931972473301,100.124265098512));
#5060=CARTESIAN_POINT('Origin',(-21.25,78.2931972473301,103.249265098512));
#5061=CARTESIAN_POINT('Origin',(-21.25,87.6681972473301,94.4992650985124));
#5062=CARTESIAN_POINT('',(-21.25,68.91819724733,94.4992650985124));
#5063=CARTESIAN_POINT('',(-21.25,87.6681972473301,94.4992650985124));
#5064=CARTESIAN_POINT('',(-21.25,112.650025502449,94.4992650985124));
#5065=CARTESIAN_POINT('',(-16.25,68.91819724733,94.4992650985124));
#5066=CARTESIAN_POINT('',(-21.25,68.91819724733,94.4992650985124));
#5067=CARTESIAN_POINT('',(-16.25,87.6681972473301,94.4992650985124));
#5068=CARTESIAN_POINT('',(-16.2499999999999,112.650025502449,94.4992650985124));
#5069=CARTESIAN_POINT('',(-21.25,87.6681972473301,94.4992650985124));
#5070=CARTESIAN_POINT('Origin',(-21.25,68.91819724733,111.999265098512));
#5071=CARTESIAN_POINT('',(-21.25,87.6681972473301,111.999265098512));
#5072=CARTESIAN_POINT('',(-21.25,68.91819724733,111.999265098512));
#5073=CARTESIAN_POINT('',(-21.25,103.275025502449,111.999265098512));
#5074=CARTESIAN_POINT('',(-16.25,87.6681972473301,111.999265098512));
#5075=CARTESIAN_POINT('',(-21.25,87.6681972473301,111.999265098512));
#5076=CARTESIAN_POINT('',(-16.25,68.91819724733,111.999265098512));
#5077=CARTESIAN_POINT('',(-16.2499999999999,103.275025502449,111.999265098512));
#5078=CARTESIAN_POINT('',(-21.25,68.91819724733,111.999265098512));
#5079=CARTESIAN_POINT('Origin',(-21.25,137.631853757568,-48.3132349014876));
#5080=CARTESIAN_POINT('',(-21.25,87.6681972473301,21.2180150985124));
#5081=CARTESIAN_POINT('',(-21.25,68.9181972473301,21.2180150985124));
#5082=CARTESIAN_POINT('Origin',(-21.25,87.6681972473301,90.7492650985124));
#5083=CARTESIAN_POINT('',(-16.25,87.6681972473301,21.2180150985124));
#5084=CARTESIAN_POINT('Origin',(-21.2499999999999,87.6681972473301,12.305269528947));
#5085=CARTESIAN_POINT('',(-21.25,68.9181972473301,-6.444730471053));
#5086=CARTESIAN_POINT('',(-21.2499999999999,87.6681972473301,12.305269528947));
#5087=CARTESIAN_POINT('',(-21.25,86.462614629746,11.0996869113629));
#5088=CARTESIAN_POINT('',(-16.25,68.9181972473301,-6.444730471053));
#5089=CARTESIAN_POINT('',(-21.25,68.9181972473301,-6.444730471053));
#5090=CARTESIAN_POINT('',(-16.2499999999999,87.6681972473301,12.305269528947));
#5091=CARTESIAN_POINT('',(-16.2499999999999,86.462614629746,11.0996869113629));
#5092=CARTESIAN_POINT('',(-21.2499999999999,87.6681972473301,12.305269528947));
#5093=CARTESIAN_POINT('Origin',(-21.25,68.9181972473301,21.4106085882744));
#5094=CARTESIAN_POINT('',(-21.25,87.6681972473301,40.1606085882744));
#5095=CARTESIAN_POINT('',(-21.25,68.9181972473301,21.4106085882744));
#5096=CARTESIAN_POINT('',(-21.25,70.1237798649141,22.6161912058585));
#5097=CARTESIAN_POINT('',(-16.25,87.6681972473301,40.1606085882744));
#5098=CARTESIAN_POINT('',(-21.25,87.6681972473301,40.1606085882744));
#5099=CARTESIAN_POINT('',(-16.25,68.9181972473301,21.4106085882744));
#5100=CARTESIAN_POINT('',(-16.2499999999999,70.1237798649141,22.6161912058585));
#5101=CARTESIAN_POINT('',(-21.25,68.9181972473301,21.4106085882744));
#5102=CARTESIAN_POINT('Origin',(-21.25,78.2931972473301,16.8579390586107));
#5103=CARTESIAN_POINT('',(-21.25,87.6681972473301,43.9106085882744));
#5104=CARTESIAN_POINT('',(-21.25,68.9181972473301,3.33160429377885));
#5105=CARTESIAN_POINT('Origin',(-16.2499999999999,137.631853757568,-48.3132349014876));
#5106=CARTESIAN_POINT('',(-16.2499999999999,68.9181972473301,21.2180150985124));
#5107=CARTESIAN_POINT('Origin',(-12.5,104.329184227904,90.7492650985124));
#5108=CARTESIAN_POINT('',(-25.,68.91819724733,90.7492650985124));
#5109=CARTESIAN_POINT('',(-12.5,68.91819724733,90.7492650985124));
#5110=CARTESIAN_POINT('',(-25.,104.329184227904,90.7492650985124));
#5111=CARTESIAN_POINT('',(-25.,47.0068537575681,90.7492650985124));
#5112=CARTESIAN_POINT('',(-12.5,104.329184227904,90.7492650985124));
#5113=CARTESIAN_POINT('Origin',(-12.5,68.91819724733,115.749265098512));
#5114=CARTESIAN_POINT('',(-25.,68.91819724733,115.749265098512));
#5115=CARTESIAN_POINT('',(-12.5,68.91819724733,115.749265098512));
#5116=CARTESIAN_POINT('',(-25.,159.506853757568,115.749265098512));
#5117=CARTESIAN_POINT('',(-12.5,159.506853757568,115.749265098512));
#5118=CARTESIAN_POINT('',(-25.,159.506853757568,115.749265098512));
#5119=CARTESIAN_POINT('Origin',(-21.2499999999999,87.6681972473301,8.555269528947));
#5120=CARTESIAN_POINT('',(-16.25,87.6681972473301,43.9106085882744));
#5121=CARTESIAN_POINT('Origin',(-16.2499999999999,78.2931972473301,16.8579390586107));
#5122=CARTESIAN_POINT('',(-16.2499999999999,68.9181972473301,3.33160429377885));
#5123=CARTESIAN_POINT('',(-16.2499999999999,78.3124561986237,13.7521980099043));
#5124=CARTESIAN_POINT('Origin',(-16.2499999999999,78.3124561986237,16.8771980099043));
#5125=CARTESIAN_POINT('Origin',(-12.5,68.9181972473301,-10.194730471053));
#5126=CARTESIAN_POINT('',(-25.,68.9181972473301,25.1606085882744));
#5127=CARTESIAN_POINT('',(-12.5,68.9181972473301,25.1606085882744));
#5128=CARTESIAN_POINT('',(-25.,68.91819724733,115.749265098512));
#5129=CARTESIAN_POINT('Origin',(-12.5,159.506853757568,115.749265098512));
#5130=CARTESIAN_POINT('',(-25.,247.006853757568,203.249265098512));
#5131=CARTESIAN_POINT('Origin',(-12.5,68.91819724733,90.7492650985124));
#5132=CARTESIAN_POINT('',(-25.,68.91819724733,115.749265098512));
#5133=CARTESIAN_POINT('Origin',(-12.5,104.329184227904,78.2492650985124));
#5134=CARTESIAN_POINT('',(-25.,113.168018992736,69.4104303336805));
#5135=CARTESIAN_POINT('Origin',(-25.,104.329184227904,78.2492650985124));
#5136=CARTESIAN_POINT('',(-12.5,113.168018992736,69.4104303336805));
#5137=CARTESIAN_POINT('Origin',(-12.5,68.9181972473301,25.1606085882744));
#5138=CARTESIAN_POINT('',(-25.,113.168018992736,69.4104303336805));
#5139=CARTESIAN_POINT('Origin',(-25.,137.631853757568,-4.5632349014876));
#5140=CARTESIAN_POINT('',(-25.,257.362192816896,178.249265098512));
#5141=CARTESIAN_POINT('Origin',(1.1396961512202E-15,138.97081140773,77.5355532190111));
#5142=CARTESIAN_POINT('',(1.22643232501904E-15,138.97081140773,83.7855532190111));
#5143=CARTESIAN_POINT('Origin',(1.88934678688375E-15,192.988832582649,131.55357439393));
#5144=CARTESIAN_POINT('',(1.97608296068259E-15,192.988832582649,137.80357439393));
#5145=CARTESIAN_POINT('Origin',(12.5000000000001,78.3124561986237,16.8771980099043));
#5146=CARTESIAN_POINT('',(21.2500000000001,78.3124561986237,13.7521980099043));
#5147=CARTESIAN_POINT('Origin',(21.2500000000001,78.3124561986237,16.8771980099043));
#5148=CARTESIAN_POINT('',(25.0000000000001,78.3124561986237,13.7521980099043));
#5149=CARTESIAN_POINT('',(12.5000000000001,78.3124561986237,13.7521980099043));
#5150=CARTESIAN_POINT('Origin',(25.,78.3124561986237,16.8771980099043));
#5151=CARTESIAN_POINT('Origin',(12.5000000000001,78.3124561986237,16.8771980099043));
#5152=CARTESIAN_POINT('',(16.25,78.3124561986237,13.7521980099043));
#5153=CARTESIAN_POINT('',(12.5000000000001,78.3124561986237,13.7521980099043));
#5154=CARTESIAN_POINT('Origin',(16.25,78.3124561986237,16.8771980099043));
#5155=CARTESIAN_POINT('Origin',(12.5000000000002,78.2931972473301,103.249265098512));
#5156=CARTESIAN_POINT('',(21.2500000000001,78.2931972473301,100.124265098512));
#5157=CARTESIAN_POINT('Origin',(21.2500000000001,78.2931972473301,103.249265098512));
#5158=CARTESIAN_POINT('',(25.0000000000001,78.2931972473301,100.124265098512));
#5159=CARTESIAN_POINT('',(12.5000000000002,78.2931972473301,100.124265098512));
#5160=CARTESIAN_POINT('Origin',(25.,78.2931972473301,103.249265098512));
#5161=CARTESIAN_POINT('Origin',(12.5000000000002,78.2931972473301,103.249265098512));
#5162=CARTESIAN_POINT('',(16.25,78.2931972473301,100.124265098512));
#5163=CARTESIAN_POINT('',(12.5000000000002,78.2931972473301,100.124265098512));
#5164=CARTESIAN_POINT('Origin',(16.25,78.2931972473301,103.249265098512));
#5165=CARTESIAN_POINT('Origin',(16.25,87.6681972473301,94.4992650985124));
#5166=CARTESIAN_POINT('',(16.25,68.91819724733,94.4992650985124));
#5167=CARTESIAN_POINT('',(16.25,87.6681972473301,94.4992650985124));
#5168=CARTESIAN_POINT('',(16.25,112.650025502449,94.4992650985124));
#5169=CARTESIAN_POINT('',(21.25,68.91819724733,94.4992650985124));
#5170=CARTESIAN_POINT('',(16.25,68.91819724733,94.4992650985124));
#5171=CARTESIAN_POINT('',(21.25,87.6681972473301,94.4992650985124));
#5172=CARTESIAN_POINT('',(21.2500000000001,112.650025502449,94.4992650985124));
#5173=CARTESIAN_POINT('',(16.25,87.6681972473301,94.4992650985124));
#5174=CARTESIAN_POINT('Origin',(16.25,68.91819724733,111.999265098512));
#5175=CARTESIAN_POINT('',(16.25,87.6681972473301,111.999265098512));
#5176=CARTESIAN_POINT('',(16.25,68.91819724733,111.999265098512));
#5177=CARTESIAN_POINT('',(16.25,103.275025502449,111.999265098512));
#5178=CARTESIAN_POINT('',(21.25,87.6681972473301,111.999265098512));
#5179=CARTESIAN_POINT('',(16.25,87.6681972473301,111.999265098512));
#5180=CARTESIAN_POINT('',(21.25,68.91819724733,111.999265098512));
#5181=CARTESIAN_POINT('',(21.2500000000001,103.275025502449,111.999265098512));
#5182=CARTESIAN_POINT('',(16.25,68.91819724733,111.999265098512));
#5183=CARTESIAN_POINT('Origin',(16.25,137.631853757568,-48.3132349014876));
#5184=CARTESIAN_POINT('',(16.25,87.6681972473301,21.2180150985124));
#5185=CARTESIAN_POINT('',(16.25,68.9181972473301,21.2180150985124));
#5186=CARTESIAN_POINT('Origin',(16.25,87.6681972473301,90.7492650985124));
#5187=CARTESIAN_POINT('',(21.25,87.6681972473301,21.2180150985124));
#5188=CARTESIAN_POINT('Origin',(16.2500000000001,87.6681972473301,12.305269528947));
#5189=CARTESIAN_POINT('',(16.25,68.9181972473301,-6.444730471053));
#5190=CARTESIAN_POINT('',(16.2500000000001,87.6681972473301,12.305269528947));
#5191=CARTESIAN_POINT('',(16.25,86.462614629746,11.0996869113629));
#5192=CARTESIAN_POINT('',(21.25,68.9181972473301,-6.444730471053));
#5193=CARTESIAN_POINT('',(16.25,68.9181972473301,-6.444730471053));
#5194=CARTESIAN_POINT('',(21.2500000000001,87.6681972473301,12.305269528947));
#5195=CARTESIAN_POINT('',(21.2500000000001,86.462614629746,11.0996869113629));
#5196=CARTESIAN_POINT('',(16.2500000000001,87.6681972473301,12.305269528947));
#5197=CARTESIAN_POINT('Origin',(16.25,68.9181972473301,21.4106085882744));
#5198=CARTESIAN_POINT('',(16.25,87.6681972473301,40.1606085882744));
#5199=CARTESIAN_POINT('',(16.25,68.9181972473301,21.4106085882744));
#5200=CARTESIAN_POINT('',(16.25,70.1237798649141,22.6161912058585));
#5201=CARTESIAN_POINT('',(21.25,87.6681972473301,40.1606085882744));
#5202=CARTESIAN_POINT('',(16.25,87.6681972473301,40.1606085882744));
#5203=CARTESIAN_POINT('',(21.25,68.9181972473301,21.4106085882744));
#5204=CARTESIAN_POINT('',(21.2500000000001,70.1237798649141,22.6161912058585));
#5205=CARTESIAN_POINT('',(16.25,68.9181972473301,21.4106085882744));
#5206=CARTESIAN_POINT('Origin',(16.25,78.2931972473301,16.8579390586107));
#5207=CARTESIAN_POINT('',(16.25,87.6681972473301,43.9106085882744));
#5208=CARTESIAN_POINT('',(16.25,68.9181972473301,3.33160429377885));
#5209=CARTESIAN_POINT('Origin',(21.2500000000001,137.631853757568,-48.3132349014876));
#5210=CARTESIAN_POINT('',(21.2500000000001,68.9181972473301,21.2180150985124));
#5211=CARTESIAN_POINT('Origin',(25.,104.329184227904,90.7492650985124));
#5212=CARTESIAN_POINT('',(25.,68.91819724733,90.7492650985124));
#5213=CARTESIAN_POINT('',(25.,68.91819724733,90.7492650985124));
#5214=CARTESIAN_POINT('',(25.,104.329184227904,90.7492650985124));
#5215=CARTESIAN_POINT('',(25.,104.329184227904,90.7492650985124));
#5216=CARTESIAN_POINT('',(25.,47.0068537575681,90.7492650985124));
#5217=CARTESIAN_POINT('Origin',(25.,68.91819724733,115.749265098512));
#5218=CARTESIAN_POINT('',(25.,68.91819724733,115.749265098512));
#5219=CARTESIAN_POINT('',(25.,68.91819724733,115.749265098512));
#5220=CARTESIAN_POINT('',(25.,159.506853757568,115.749265098512));
#5221=CARTESIAN_POINT('',(25.,159.506853757568,115.749265098512));
#5222=CARTESIAN_POINT('',(25.,159.506853757568,115.749265098512));
#5223=CARTESIAN_POINT('Origin',(16.2500000000001,87.6681972473301,8.555269528947));
#5224=CARTESIAN_POINT('',(21.25,87.6681972473301,43.9106085882744));
#5225=CARTESIAN_POINT('Origin',(21.2500000000001,78.2931972473301,16.8579390586107));
#5226=CARTESIAN_POINT('',(21.2500000000001,68.9181972473301,3.33160429377885));
#5227=CARTESIAN_POINT('Origin',(25.,68.9181972473301,-10.194730471053));
#5228=CARTESIAN_POINT('',(25.,68.9181972473301,25.1606085882744));
#5229=CARTESIAN_POINT('',(25.,68.91819724733,115.749265098512));
#5230=CARTESIAN_POINT('',(25.,68.9181972473301,25.1606085882744));
#5231=CARTESIAN_POINT('Origin',(25.,278.256853757568,178.249265098512));
#5232=CARTESIAN_POINT('',(25.,257.362192816896,178.249265098512));
#5233=CARTESIAN_POINT('Origin',(25.,159.506853757568,115.749265098512));
#5234=CARTESIAN_POINT('',(25.,247.006853757568,203.249265098512));
#5235=CARTESIAN_POINT('Origin',(25.,68.91819724733,90.7492650985124));
#5236=CARTESIAN_POINT('',(25.,68.91819724733,115.749265098512));
#5237=CARTESIAN_POINT('Origin',(25.,104.329184227904,78.2492650985124));
#5238=CARTESIAN_POINT('',(25.,113.168018992736,69.4104303336805));
#5239=CARTESIAN_POINT('Origin',(25.,104.329184227904,78.2492650985124));
#5240=CARTESIAN_POINT('',(25.,113.168018992736,69.4104303336805));
#5241=CARTESIAN_POINT('Origin',(25.,68.9181972473301,25.1606085882744));
#5242=CARTESIAN_POINT('',(25.,113.168018992736,69.4104303336805));
#5243=CARTESIAN_POINT('Origin',(25.,137.631853757568,-4.5632349014876));
#5244=CARTESIAN_POINT('',(0.,0.,0.));
#5245=CARTESIAN_POINT('Origin',(-43.7500001862645,256.422092457396,-4.58820937220316));
#5246=CARTESIAN_POINT('',(-49.9960531409932,256.644179122294,-211.725257230405));
#5247=CARTESIAN_POINT('',(-43.7500001862645,262.672092457396,-212.037649215624));
#5248=CARTESIAN_POINT('Ctrl Pts',(-49.9960531409932,256.644179122294,-211.725257230405));
#5249=CARTESIAN_POINT('Ctrl Pts',(-49.9704894664626,257.363141987125,-211.768573785324));
#5250=CARTESIAN_POINT('Ctrl Pts',(-49.813324217358,258.115991097733,-211.811583145008));
#5251=CARTESIAN_POINT('Ctrl Pts',(-49.2051921201001,259.58410833447,-211.891127818279));
#5252=CARTESIAN_POINT('Ctrl Pts',(-48.7238661991294,260.287348669194,-211.926627812767));
#5253=CARTESIAN_POINT('Ctrl Pts',(-47.6136075997752,261.397032236717,-211.980462882545));
#5254=CARTESIAN_POINT('Ctrl Pts',(-46.9110685184715,261.877754570075,-212.002430649461));
#5255=CARTESIAN_POINT('Ctrl Pts',(-45.3716006158381,262.515286544147,-212.030950206192));
#5256=CARTESIAN_POINT('Ctrl Pts',(-44.5346729817251,262.672092457396,-212.037649215624));
#5257=CARTESIAN_POINT('Ctrl Pts',(-43.7500001862645,262.672092457396,-212.037649215624));
#5258=CARTESIAN_POINT('',(-43.7500001862645,262.672092457396,-205.781659612868));
#5259=CARTESIAN_POINT('',(-43.7500001862645,262.672092457396,-4.58820937220316));
#5260=CARTESIAN_POINT('',(-49.9960531409932,256.644179122294,-205.463722915988));
#5261=CARTESIAN_POINT('Ctrl Pts',(-49.9960531409932,256.644179122294,-205.463722915988));
#5262=CARTESIAN_POINT('Ctrl Pts',(-49.9704896986176,257.363135457906,-205.507808592745));
#5263=CARTESIAN_POINT('Ctrl Pts',(-49.8133266929112,258.115985851304,-205.551581826377));
#5264=CARTESIAN_POINT('Ctrl Pts',(-49.2051872207873,259.584119356635,-205.632539501843));
#5265=CARTESIAN_POINT('Ctrl Pts',(-48.7238496491963,260.287375498735,-205.668670228844));
#5266=CARTESIAN_POINT('Ctrl Pts',(-47.6135754755282,261.397054073196,-205.723460058718));
#5267=CARTESIAN_POINT('Ctrl Pts',(-46.9110456763769,261.877766471357,-205.745816998455));
#5268=CARTESIAN_POINT('Ctrl Pts',(-45.3715921836058,262.515287594292,-205.774841857503));
#5269=CARTESIAN_POINT('Ctrl Pts',(-44.5346697194423,262.672092457396,-205.781659612868));
#5270=CARTESIAN_POINT('Ctrl Pts',(-43.7500001862645,262.672092457396,-205.781659612868));
#5271=CARTESIAN_POINT('',(-49.9960531409932,256.644179122294,-4.58820937220316));
#5272=CARTESIAN_POINT('Origin',(-31.2499998137355,262.672092457396,-4.58820937220316));
#5273=CARTESIAN_POINT('',(-31.2499998137355,262.672092457396,-212.037649215624));
#5274=CARTESIAN_POINT('',(-37.5,262.672092457396,-212.037649215624));
#5275=CARTESIAN_POINT('',(-31.2499998137355,262.672092457396,-205.781659612868));
#5276=CARTESIAN_POINT('',(-31.2499998137355,262.672092457396,-4.58820937220316));
#5277=CARTESIAN_POINT('',(-37.5,262.672092457396,-205.781659612868));
#5278=CARTESIAN_POINT('Origin',(-31.2499998137355,256.422092457396,-4.58820937220316));
#5279=CARTESIAN_POINT('',(-25.0039468590068,256.644179122294,-211.725257230405));
#5280=CARTESIAN_POINT('Ctrl Pts',(-31.2499998137355,262.672092457396,-212.037649215624));
#5281=CARTESIAN_POINT('Ctrl Pts',(-30.4653270182749,262.672092457396,-212.037649215624));
#5282=CARTESIAN_POINT('Ctrl Pts',(-29.6283993841619,262.515286544147,-212.030950206192));
#5283=CARTESIAN_POINT('Ctrl Pts',(-28.0889314815285,261.877754570075,-212.002430649461));
#5284=CARTESIAN_POINT('Ctrl Pts',(-27.3863924002248,261.397032236717,-211.980462882545));
#5285=CARTESIAN_POINT('Ctrl Pts',(-26.2761338008706,260.287348669194,-211.926627812767));
#5286=CARTESIAN_POINT('Ctrl Pts',(-25.7948078798999,259.58410833447,-211.891127818279));
#5287=CARTESIAN_POINT('Ctrl Pts',(-25.186675782642,258.115991097733,-211.811583145008));
#5288=CARTESIAN_POINT('Ctrl Pts',(-25.0295105335374,257.363141987126,-211.768573785324));
#5289=CARTESIAN_POINT('Ctrl Pts',(-25.0039468590068,256.644179122294,-211.725257230405));
#5290=CARTESIAN_POINT('',(-25.0039468590068,256.644179122294,-205.463722915988));
#5291=CARTESIAN_POINT('',(-25.0039468590068,256.644179122294,-4.58820937220316));
#5292=CARTESIAN_POINT('Ctrl Pts',(-31.2499998137355,262.672092457396,-205.781659612868));
#5293=CARTESIAN_POINT('Ctrl Pts',(-30.4653302805577,262.672092457396,-205.781659612868));
#5294=CARTESIAN_POINT('Ctrl Pts',(-29.6284078163942,262.515287594292,-205.774841857503));
#5295=CARTESIAN_POINT('Ctrl Pts',(-28.0889543236231,261.877766471357,-205.745816998455));
#5296=CARTESIAN_POINT('Ctrl Pts',(-27.3864245244719,261.397054073196,-205.723460058718));
#5297=CARTESIAN_POINT('Ctrl Pts',(-26.2761503508037,260.287375498735,-205.668670228844));
#5298=CARTESIAN_POINT('Ctrl Pts',(-25.7948127792128,259.584119356635,-205.632539501843));
#5299=CARTESIAN_POINT('Ctrl Pts',(-25.1866733070889,258.115985851304,-205.551581826377));
#5300=CARTESIAN_POINT('Ctrl Pts',(-25.0295103013824,257.363135457906,-205.507808592745));
#5301=CARTESIAN_POINT('Ctrl Pts',(-25.0039468590068,256.644179122294,-205.463722915988));
#5302=CARTESIAN_POINT('Origin',(0.,278.256853757568,146.999265098512));
#5303=CARTESIAN_POINT('',(-12.5,278.297092457396,-181.125732434207));
#5304=CARTESIAN_POINT('',(-12.5000323830803,278.256853757568,-181.125734901488));
#5305=CARTESIAN_POINT('Ctrl Pts',(-12.5,278.297092457396,-181.125732434207));
#5306=CARTESIAN_POINT('Ctrl Pts',(-12.5,278.283683442145,-181.125734078584));
#5307=CARTESIAN_POINT('Ctrl Pts',(-12.5000107881144,278.270270529247,-181.125734901488));
#5308=CARTESIAN_POINT('Ctrl Pts',(-12.5000323830803,278.256853757568,-181.125734901488));
#5309=CARTESIAN_POINT('',(-62.5,278.297092457396,-181.125732434207));
#5310=CARTESIAN_POINT('Ctrl Pts',(-62.5,278.297092457396,-181.125732434207));
#5311=CARTESIAN_POINT('Ctrl Pts',(-62.5,279.867278078161,-181.125539878844));
#5312=CARTESIAN_POINT('Ctrl Pts',(-62.3496880829388,281.490901537955,-181.11377088666));
#5313=CARTESIAN_POINT('Ctrl Pts',(-61.7167259555955,284.720300242744,-181.066044417727));
#5314=CARTESIAN_POINT('Ctrl Pts',(-61.2342132420106,286.326102886216,-181.030117438715));
#5315=CARTESIAN_POINT('Ctrl Pts',(-59.9583492531847,289.405667302782,-180.939894725145));
#5316=CARTESIAN_POINT('Ctrl Pts',(-59.1639822617516,290.881893163568,-180.885608634162));
#5317=CARTESIAN_POINT('Ctrl Pts',(-57.3284317783495,293.611746533081,-180.769112434387));
#5318=CARTESIAN_POINT('Ctrl Pts',(-56.2871323978745,294.865301159764,-180.707020527617));
#5319=CARTESIAN_POINT('Ctrl Pts',(-54.0681765053809,297.084252970402,-180.587027651365));
#5320=CARTESIAN_POINT('Ctrl Pts',(-52.8146229595809,298.125547940887,-180.52492685403));
#5321=CARTESIAN_POINT('Ctrl Pts',(-50.0847735717492,299.961090181539,-180.408412642826));
#5322=CARTESIAN_POINT('Ctrl Pts',(-48.6085506218934,300.755453412116,-180.354118302883));
#5323=CARTESIAN_POINT('Ctrl Pts',(-45.5289927840317,302.031311343885,-180.263931395212));
#5324=CARTESIAN_POINT('Ctrl Pts',(-43.923193742095,302.513821880647,-180.228050153073));
#5325=CARTESIAN_POINT('Ctrl Pts',(-40.693802197333,303.146781174265,-180.180514017622));
#5326=CARTESIAN_POINT('Ctrl Pts',(-39.0701822887266,303.297092457396,-180.168890550621));
#5327=CARTESIAN_POINT('Ctrl Pts',(-37.5,303.297092457396,-180.168890550621));
#5328=CARTESIAN_POINT('Ctrl Pts',(-35.9298177112734,303.297092457396,-180.168890550621));
#5329=CARTESIAN_POINT('Ctrl Pts',(-34.306197802667,303.146781174265,-180.180514017622));
#5330=CARTESIAN_POINT('Ctrl Pts',(-31.076806257905,302.513821880647,-180.228050153073));
#5331=CARTESIAN_POINT('Ctrl Pts',(-29.4710072159683,302.031311343885,-180.263931395212));
#5332=CARTESIAN_POINT('Ctrl Pts',(-26.3914493781066,300.755453412116,-180.354118302883));
#5333=CARTESIAN_POINT('Ctrl Pts',(-24.9152264282508,299.961090181539,-180.408412642826));
#5334=CARTESIAN_POINT('Ctrl Pts',(-22.1853770404191,298.125547940887,-180.52492685403));
#5335=CARTESIAN_POINT('Ctrl Pts',(-20.9318234946191,297.084252970403,-180.587027651365));
#5336=CARTESIAN_POINT('Ctrl Pts',(-18.7128676021255,294.865301159764,-180.707020527617));
#5337=CARTESIAN_POINT('Ctrl Pts',(-17.6715682216505,293.611746533081,-180.769112434387));
#5338=CARTESIAN_POINT('Ctrl Pts',(-15.8360177382485,290.881893163568,-180.885608634162));
#5339=CARTESIAN_POINT('Ctrl Pts',(-15.0416507468153,289.405667302782,-180.939894725145));
#5340=CARTESIAN_POINT('Ctrl Pts',(-13.7657867579894,286.326102886216,-181.030117438715));
#5341=CARTESIAN_POINT('Ctrl Pts',(-13.2832740444045,284.720300242744,-181.066044417727));
#5342=CARTESIAN_POINT('Ctrl Pts',(-12.6503119170612,281.490901537955,-181.11377088666));
#5343=CARTESIAN_POINT('Ctrl Pts',(-12.5,279.867278078161,-181.125539878844));
#5344=CARTESIAN_POINT('Ctrl Pts',(-12.5,278.297092457396,-181.125732434207));
#5345=CARTESIAN_POINT('',(-62.4999676169197,278.256853757568,-181.125734901488));
#5346=CARTESIAN_POINT('Ctrl Pts',(-62.4999676169197,278.256853757568,-181.125734901488));
#5347=CARTESIAN_POINT('Ctrl Pts',(-62.4999892118856,278.270270529247,-181.125734901488));
#5348=CARTESIAN_POINT('Ctrl Pts',(-62.5,278.283683442145,-181.125734078584));
#5349=CARTESIAN_POINT('Ctrl Pts',(-62.5,278.297092457396,-181.125732434207));
#5350=CARTESIAN_POINT('',(-62.5,35.9800224791079,-74.2877716900633));
#5351=CARTESIAN_POINT('Origin',(-62.5,278.256853757568,146.999265098512));
#5352=CARTESIAN_POINT('',(-50.,35.9800224791079,-74.2877716900633));
#5353=CARTESIAN_POINT('',(-37.5,35.9800224791079,-74.2877716900633));
#5354=CARTESIAN_POINT('',(-50.,256.646457362786,-180.413328417162));
#5355=CARTESIAN_POINT('Origin',(-50.,278.256853757568,146.999265098512));
#5356=CARTESIAN_POINT('',(-49.9960531409932,256.644179122294,-180.413178037221));
#5357=CARTESIAN_POINT('Ctrl Pts',(-49.9960531409932,256.644179122294,-180.413178037221));
#5358=CARTESIAN_POINT('Ctrl Pts',(-49.9973688229425,256.644938411877,-180.413228158342));
#5359=CARTESIAN_POINT('Ctrl Pts',(-49.9986844778803,256.645697845735,-180.413278286334));
#5360=CARTESIAN_POINT('Ctrl Pts',(-50.0000000000001,256.646457362785,-180.413328417162));
#5361=CARTESIAN_POINT('',(-43.7500001862645,262.672092457396,-180.755415783724));
#5362=CARTESIAN_POINT('Ctrl Pts',(-43.7500001862645,262.672092457396,-180.755415783724));
#5363=CARTESIAN_POINT('Ctrl Pts',(-44.5346547468178,262.672092457396,-180.755415783724));
#5364=CARTESIAN_POINT('Ctrl Pts',(-45.3715534836121,262.515292414427,-180.74807769445));
#5365=CARTESIAN_POINT('Ctrl Pts',(-46.9109408470576,261.877821088782,-180.716838793632));
#5366=CARTESIAN_POINT('Ctrl Pts',(-47.613428050609,261.397154284442,-180.692776676758));
#5367=CARTESIAN_POINT('Ctrl Pts',(-48.7237737176625,260.287498602831,-180.63380286563));
#5368=CARTESIAN_POINT('Ctrl Pts',(-49.2051647528111,259.584169910703,-180.594907397037));
#5369=CARTESIAN_POINT('Ctrl Pts',(-49.8133380594198,258.115961751811,-180.50775616862));
#5370=CARTESIAN_POINT('Ctrl Pts',(-49.9704907644306,257.363105482562,-180.460634759887));
#5371=CARTESIAN_POINT('Ctrl Pts',(-49.9960531409932,256.644179122294,-180.413178037221));
#5372=CARTESIAN_POINT('',(-31.2499998137355,262.672092457396,-180.755415783724));
#5373=CARTESIAN_POINT('',(-37.5,262.672092457396,-180.755415783724));
#5374=CARTESIAN_POINT('',(-25.0039468590068,256.644179122294,-180.413178037221));
#5375=CARTESIAN_POINT('Ctrl Pts',(-25.0039468590068,256.644179122294,-180.413178037221));
#5376=CARTESIAN_POINT('Ctrl Pts',(-25.0295092355694,257.363105482562,-180.460634759887));
#5377=CARTESIAN_POINT('Ctrl Pts',(-25.1866619405802,258.115961751812,-180.50775616862));
#5378=CARTESIAN_POINT('Ctrl Pts',(-25.7948352471889,259.584169910703,-180.594907397037));
#5379=CARTESIAN_POINT('Ctrl Pts',(-26.2762262823375,260.287498602831,-180.63380286563));
#5380=CARTESIAN_POINT('Ctrl Pts',(-27.386571949391,261.397154284442,-180.692776676758));
#5381=CARTESIAN_POINT('Ctrl Pts',(-28.0890591529424,261.877821088782,-180.716838793632));
#5382=CARTESIAN_POINT('Ctrl Pts',(-29.6284465163879,262.515292414427,-180.74807769445));
#5383=CARTESIAN_POINT('Ctrl Pts',(-30.4653452531821,262.672092457396,-180.755415783724));
#5384=CARTESIAN_POINT('Ctrl Pts',(-31.2499998137355,262.672092457396,-180.755415783724));
#5385=CARTESIAN_POINT('',(-25.,256.646457362786,-180.413328417162));
#5386=CARTESIAN_POINT('Ctrl Pts',(-25.,256.646457362785,-180.413328417162));
#5387=CARTESIAN_POINT('Ctrl Pts',(-25.0013155220752,256.645697845761,-180.413278286335));
#5388=CARTESIAN_POINT('Ctrl Pts',(-25.0026311771013,256.644938411852,-180.41322815834));
#5389=CARTESIAN_POINT('Ctrl Pts',(-25.0039468590068,256.644179122294,-180.413178037221));
#5390=CARTESIAN_POINT('',(-25.,35.9800224791079,-74.2877716900633));
#5391=CARTESIAN_POINT('Origin',(-25.,278.256853757568,146.999265098512));
#5392=CARTESIAN_POINT('',(-12.5,35.9800224791079,-74.2877716900633));
#5393=CARTESIAN_POINT('',(0.,35.9800224791079,-74.2877716900633));
#5394=CARTESIAN_POINT('Origin',(-12.5,278.256853757568,146.999265098512));
#5395=CARTESIAN_POINT('',(-37.5,281.422092457396,-181.110467900942));
#5396=CARTESIAN_POINT('',(-40.625,278.297092457396,-181.125732434207));
#5397=CARTESIAN_POINT('Ctrl Pts',(-37.5,281.422092457396,-181.110467900942));
#5398=CARTESIAN_POINT('Ctrl Pts',(-37.8923845983148,281.422092457396,-181.110467900942));
#5399=CARTESIAN_POINT('Ctrl Pts',(-38.3109217988794,281.343673808446,-181.111253776214));
#5400=CARTESIAN_POINT('Ctrl Pts',(-39.0808564690579,281.024755361401,-181.114099114192));
#5401=CARTESIAN_POINT('Ctrl Pts',(-39.4322541423946,280.784255697418,-181.11611834012));
#5402=CARTESIAN_POINT('Ctrl Pts',(-39.987163269667,280.229346570145,-181.119923431764));
#5403=CARTESIAN_POINT('Ctrl Pts',(-40.2276629111676,279.877948908777,-181.121956216796));
#5404=CARTESIAN_POINT('Ctrl Pts',(-40.5465813436806,279.10801427445,-181.124856771113));
#5405=CARTESIAN_POINT('Ctrl Pts',(-40.625,278.689477094687,-181.125684315204));
#5406=CARTESIAN_POINT('Ctrl Pts',(-40.625,278.297092457396,-181.125732434207));
#5407=CARTESIAN_POINT('Ctrl Pts',(-40.625,278.297092457396,-181.125732434207));
#5408=CARTESIAN_POINT('Ctrl Pts',(-40.625,277.90470805602,-181.125780553181));
#5409=CARTESIAN_POINT('Ctrl Pts',(-40.5465814232951,277.486170920747,-181.125055662193));
#5410=CARTESIAN_POINT('Ctrl Pts',(-40.227663025284,276.716236193318,-181.12234394946));
#5411=CARTESIAN_POINT('Ctrl Pts',(-39.9871633320039,276.364838406984,-181.120397353094));
#5412=CARTESIAN_POINT('Ctrl Pts',(-39.4322540230389,275.809929098019,-181.116728368994));
#5413=CARTESIAN_POINT('Ctrl Pts',(-39.0808562504261,275.569429427017,-181.114768134776));
#5414=CARTESIAN_POINT('Ctrl Pts',(-38.3109215589465,275.250511042778,-181.112001025694));
#5415=CARTESIAN_POINT('Ctrl Pts',(-37.892384443039,275.172092457396,-181.111234387135));
#5416=CARTESIAN_POINT('Ctrl Pts',(-37.1076154977734,275.172092457396,-181.111234387135));
#5417=CARTESIAN_POINT('Ctrl Pts',(-36.6890783227801,275.250511066244,-181.112001025931));
#5418=CARTESIAN_POINT('Ctrl Pts',(-35.9191435410637,275.569429538909,-181.114768135714));
#5419=CARTESIAN_POINT('Ctrl Pts',(-35.5677457372998,275.809929274873,-181.116728370375));
#5420=CARTESIAN_POINT('Ctrl Pts',(-35.0128364911429,276.364838646646,-181.120397354467));
#5421=CARTESIAN_POINT('Ctrl Pts',(-34.7723368628234,276.716236401829,-181.122343950386));
#5422=CARTESIAN_POINT('Ctrl Pts',(-34.4534185532388,277.48617103902,-181.125055662418));
#5423=CARTESIAN_POINT('Ctrl Pts',(-34.375,277.904708115207,-181.125780553173));
#5424=CARTESIAN_POINT('Ctrl Pts',(-34.375,278.689477155418,-181.125684315197));
#5425=CARTESIAN_POINT('Ctrl Pts',(-34.4534186803976,279.108014395809,-181.124856770853));
#5426=CARTESIAN_POINT('Ctrl Pts',(-34.7723372036443,279.877949122727,-181.121956215793));
#5427=CARTESIAN_POINT('Ctrl Pts',(-35.0128369118003,280.229346816059,-181.119923430295));
#5428=CARTESIAN_POINT('Ctrl Pts',(-35.5677461035195,280.784255878885,-181.116118338659));
#5429=CARTESIAN_POINT('Ctrl Pts',(-35.9191437448924,281.024755476213,-181.114099113202));
#5430=CARTESIAN_POINT('Ctrl Pts',(-36.6890783224799,281.343673832524,-181.111253775965));
#5431=CARTESIAN_POINT('Ctrl Pts',(-37.107615462417,281.422092457396,-181.110467900942));
#5432=CARTESIAN_POINT('Ctrl Pts',(-37.5,281.422092457396,-181.110467900942));
#5433=CARTESIAN_POINT('Origin',(-31.2499998137355,256.422092457396,-4.58820937220316));
#5434=CARTESIAN_POINT('',(-31.2499998137355,262.672092457396,-187.012345238938));
#5435=CARTESIAN_POINT('',(-31.2499998137355,262.672092457396,-4.58820937220316));
#5436=CARTESIAN_POINT('',(-25.0039468590068,256.644179122294,-186.676525033331));
#5437=CARTESIAN_POINT('Ctrl Pts',(-25.0039468590068,256.644179122294,-186.676525033331));
#5438=CARTESIAN_POINT('Ctrl Pts',(-25.0295095246851,257.363113613767,-186.723091484083));
#5439=CARTESIAN_POINT('Ctrl Pts',(-25.1866650241151,258.115968291286,-186.769328639785));
#5440=CARTESIAN_POINT('Ctrl Pts',(-25.7948291564379,259.584156205067,-186.854844126508));
#5441=CARTESIAN_POINT('Ctrl Pts',(-26.2762056927737,260.28746522044,-186.893009403278));
#5442=CARTESIAN_POINT('Ctrl Pts',(-27.3865319675377,261.397127107159,-186.950878366994));
#5443=CARTESIAN_POINT('Ctrl Pts',(-28.0890307227293,261.877806276467,-186.974490248045));
#5444=CARTESIAN_POINT('Ctrl Pts',(-29.6284360204535,262.51529110707,-187.005144545953));
#5445=CARTESIAN_POINT('Ctrl Pts',(-30.4653411923698,262.672092457396,-187.012345238938));
#5446=CARTESIAN_POINT('Ctrl Pts',(-31.2499998137355,262.672092457396,-187.012345238938));
#5447=CARTESIAN_POINT('',(-25.0039468590068,256.644179122294,-4.58820937220316));
#5448=CARTESIAN_POINT('Origin',(-31.2499998137355,262.672092457396,-4.58820937220316));
#5449=CARTESIAN_POINT('',(-43.7500001862645,262.672092457396,-187.012345238938));
#5450=CARTESIAN_POINT('',(-43.7500001862645,262.672092457396,-4.58820937220316));
#5451=CARTESIAN_POINT('',(-37.5,262.672092457396,-187.012345238938));
#5452=CARTESIAN_POINT('Origin',(-43.7500001862645,256.422092457396,-4.58820937220316));
#5453=CARTESIAN_POINT('',(-49.9960531409932,256.644179122294,-186.676525033331));
#5454=CARTESIAN_POINT('',(-49.9960531409932,256.644179122294,-4.58820937220316));
#5455=CARTESIAN_POINT('Ctrl Pts',(-43.7500001862645,262.672092457396,-187.012345238938));
#5456=CARTESIAN_POINT('Ctrl Pts',(-44.5346588076302,262.672092457396,-187.012345238938));
#5457=CARTESIAN_POINT('Ctrl Pts',(-45.3715639795465,262.51529110707,-187.005144545953));
#5458=CARTESIAN_POINT('Ctrl Pts',(-46.9109692772707,261.877806276467,-186.974490248045));
#5459=CARTESIAN_POINT('Ctrl Pts',(-47.6134680324623,261.397127107159,-186.950878366994));
#5460=CARTESIAN_POINT('Ctrl Pts',(-48.7237943072263,260.28746522044,-186.893009403278));
#5461=CARTESIAN_POINT('Ctrl Pts',(-49.2051708435621,259.584156205067,-186.854844126508));
#5462=CARTESIAN_POINT('Ctrl Pts',(-49.8133349758849,258.115968291286,-186.769328639785));
#5463=CARTESIAN_POINT('Ctrl Pts',(-49.9704904753148,257.363113613767,-186.723091484083));
#5464=CARTESIAN_POINT('Ctrl Pts',(-49.9960531409932,256.644179122294,-186.676525033331));
#5465=CARTESIAN_POINT('Origin',(-37.5,278.297092457396,-4.58820937220316));
#5466=CARTESIAN_POINT('',(-50.,256.646457362785,-186.676672590528));
#5467=CARTESIAN_POINT('',(-50.,256.646457362785,-4.58820937220317));
#5468=CARTESIAN_POINT('Ctrl Pts',(-49.9960531409932,256.644179122294,-186.676525033331));
#5469=CARTESIAN_POINT('Ctrl Pts',(-49.9973688229394,256.644938411876,-186.67657421364));
#5470=CARTESIAN_POINT('Ctrl Pts',(-49.9986844778765,256.645697845733,-186.676623400692));
#5471=CARTESIAN_POINT('Ctrl Pts',(-50.,256.646457362785,-186.676672590528));
#5472=CARTESIAN_POINT('Origin',(-37.5,278.297092457396,-4.58820937220316));
#5473=CARTESIAN_POINT('',(-25.,256.646457362785,-186.676672590528));
#5474=CARTESIAN_POINT('Ctrl Pts',(-25.,256.646457362785,-186.676672590528));
#5475=CARTESIAN_POINT('Ctrl Pts',(-25.0013155220787,256.645697845759,-186.676623400694));
#5476=CARTESIAN_POINT('Ctrl Pts',(-25.0026311771047,256.64493841185,-186.676574213639));
#5477=CARTESIAN_POINT('Ctrl Pts',(-25.0039468590068,256.644179122294,-186.676525033331));
#5478=CARTESIAN_POINT('',(-25.,256.646457362785,-4.58820937220317));
#5479=CARTESIAN_POINT('Origin',(-37.5,278.297092457396,-4.58820937220316));
#5480=CARTESIAN_POINT('',(-25.,256.646457362786,-211.725394484099));
#5481=CARTESIAN_POINT('Ctrl Pts',(-25.0039468590068,256.644179122294,-211.725257230405));
#5482=CARTESIAN_POINT('Ctrl Pts',(-25.0026311770724,256.644938411869,-211.72530297659));
#5483=CARTESIAN_POINT('Ctrl Pts',(-25.0013155221354,256.645697845726,-211.725348729049));
#5484=CARTESIAN_POINT('Ctrl Pts',(-25.,256.646457362785,-211.725394484099));
#5485=CARTESIAN_POINT('',(-25.,256.646457362785,-205.463862608004));
#5486=CARTESIAN_POINT('',(-25.,256.646457362785,-4.58820937220317));
#5487=CARTESIAN_POINT('Ctrl Pts',(-25.0039468590068,256.644179122294,-205.463722915988));
#5488=CARTESIAN_POINT('Ctrl Pts',(-25.0026311770694,256.644938411871,-205.463769474858));
#5489=CARTESIAN_POINT('Ctrl Pts',(-25.0013155221329,256.645697845728,-205.463816040113));
#5490=CARTESIAN_POINT('Ctrl Pts',(-25.,256.646457362785,-205.463862608004));
#5491=CARTESIAN_POINT('Origin',(-37.5,278.297092457396,-4.58820937220316));
#5492=CARTESIAN_POINT('',(-50.,256.646457362786,-211.725394484099));
#5493=CARTESIAN_POINT('Ctrl Pts',(-50.0000000000001,256.646457362785,-211.725394484099));
#5494=CARTESIAN_POINT('Ctrl Pts',(-49.9986844779092,256.645697845752,-211.725348729051));
#5495=CARTESIAN_POINT('Ctrl Pts',(-49.9973688228837,256.644938411844,-211.725302976589));
#5496=CARTESIAN_POINT('Ctrl Pts',(-49.9960531409932,256.644179122294,-211.725257230405));
#5497=CARTESIAN_POINT('',(-50.,256.646457362785,-205.463862608004));
#5498=CARTESIAN_POINT('Ctrl Pts',(-50.,256.646457362785,-205.463862608004));
#5499=CARTESIAN_POINT('Ctrl Pts',(-49.998684477912,256.645697845754,-205.463816040115));
#5500=CARTESIAN_POINT('Ctrl Pts',(-49.9973688228864,256.644938411845,-205.463769474857));
#5501=CARTESIAN_POINT('Ctrl Pts',(-49.9960531409932,256.644179122294,-205.463722915988));
#5502=CARTESIAN_POINT('',(-50.,256.646457362785,-4.58820937220317));
#5503=CARTESIAN_POINT('Origin',(-37.5,278.297092457396,-4.58820937220316));
#5504=CARTESIAN_POINT('',(-62.5,278.297092457396,-212.375732648753));
#5505=CARTESIAN_POINT('',(-62.4999676169197,278.256853757568,-212.375734901488));
#5506=CARTESIAN_POINT('Ctrl Pts',(-62.5,278.297092457396,-212.375732648753));
#5507=CARTESIAN_POINT('Ctrl Pts',(-62.5,278.283683444746,-212.375734150141));
#5508=CARTESIAN_POINT('Ctrl Pts',(-62.4999892118898,278.270270531846,-212.375734901488));
#5509=CARTESIAN_POINT('Ctrl Pts',(-62.4999676169197,278.256853757568,-212.375734901488));
#5510=CARTESIAN_POINT('',(-62.4999676169197,278.256853757568,-4.58820937220316));
#5511=CARTESIAN_POINT('',(-12.5000323830803,278.256853757568,-212.375734901488));
#5512=CARTESIAN_POINT('',(-12.5000323830803,278.256853757568,-4.58820937220317));
#5513=CARTESIAN_POINT('',(-12.5,278.297092457396,-212.375732648753));
#5514=CARTESIAN_POINT('Ctrl Pts',(-12.5000323830803,278.256853757568,-212.375734901488));
#5515=CARTESIAN_POINT('Ctrl Pts',(-12.5000107881102,278.270270531846,-212.375734901488));
#5516=CARTESIAN_POINT('Ctrl Pts',(-12.5,278.283683444746,-212.375734150141));
#5517=CARTESIAN_POINT('Ctrl Pts',(-12.5,278.297092457396,-212.375732648753));
#5518=CARTESIAN_POINT('Ctrl Pts',(-12.5,278.297092457396,-212.375732648753));
#5519=CARTESIAN_POINT('Ctrl Pts',(-12.5,279.867168536041,-212.375556849601));
#5520=CARTESIAN_POINT('Ctrl Pts',(-12.6502908697548,281.490711304473,-212.364812636151));
#5521=CARTESIAN_POINT('Ctrl Pts',(-13.283201961002,284.720015307344,-212.321240499902));
#5522=CARTESIAN_POINT('Ctrl Pts',(-13.7656850587378,286.325803790843,-212.288440426042));
#5523=CARTESIAN_POINT('Ctrl Pts',(-15.0415168136533,289.405397640167,-212.206070698555));
#5524=CARTESIAN_POINT('Ctrl Pts',(-15.8358812154295,290.881665181811,-212.156509959127));
#5525=CARTESIAN_POINT('Ctrl Pts',(-17.6714686856937,293.611623442101,-212.050157221991));
#5526=CARTESIAN_POINT('Ctrl Pts',(-18.7128073936101,294.865240611519,-211.993473238215));
#5527=CARTESIAN_POINT('Ctrl Pts',(-20.9318785044757,297.084308319997,-211.883935458879));
#5528=CARTESIAN_POINT('Ctrl Pts',(-22.1854946912208,298.125643333083,-211.827248682835));
#5529=CARTESIAN_POINT('Ctrl Pts',(-24.9154496865283,299.961224013514,-211.720898961818));
#5530=CARTESIAN_POINT('Ctrl Pts',(-26.3917149368356,300.755585372088,-211.671344691409));
#5531=CARTESIAN_POINT('Ctrl Pts',(-29.4713035649394,302.031412177752,-211.589035916698));
#5532=CARTESIAN_POINT('Ctrl Pts',(-31.0770891689041,302.513893470556,-211.556291633137));
#5533=CARTESIAN_POINT('Ctrl Pts',(-34.306387234955,303.146802161068,-211.512912807981));
#5534=CARTESIAN_POINT('Ctrl Pts',(-35.9299269495144,303.297092457396,-211.502306823921));
#5535=CARTESIAN_POINT('Ctrl Pts',(-37.5,303.297092457396,-211.502306823921));
#5536=CARTESIAN_POINT('Ctrl Pts',(-39.0700730504856,303.297092457396,-211.502306823921));
#5537=CARTESIAN_POINT('Ctrl Pts',(-40.693612765045,303.146802161068,-211.512912807981));
#5538=CARTESIAN_POINT('Ctrl Pts',(-43.9229108310959,302.513893470556,-211.556291633137));
#5539=CARTESIAN_POINT('Ctrl Pts',(-45.5286964350606,302.031412177752,-211.589035916698));
#5540=CARTESIAN_POINT('Ctrl Pts',(-48.6082850631644,300.755585372088,-211.671344691409));
#5541=CARTESIAN_POINT('Ctrl Pts',(-50.0845503134717,299.961224013514,-211.720898961818));
#5542=CARTESIAN_POINT('Ctrl Pts',(-52.8145053087791,298.125643333083,-211.827248682835));
#5543=CARTESIAN_POINT('Ctrl Pts',(-54.0681214955243,297.084308319997,-211.883935458879));
#5544=CARTESIAN_POINT('Ctrl Pts',(-56.2871926063899,294.865240611519,-211.993473238215));
#5545=CARTESIAN_POINT('Ctrl Pts',(-57.3285313143063,293.611623442101,-212.050157221991));
#5546=CARTESIAN_POINT('Ctrl Pts',(-59.1641187845704,290.881665181811,-212.156509959127));
#5547=CARTESIAN_POINT('Ctrl Pts',(-59.9584831863468,289.405397640167,-212.206070698555));
#5548=CARTESIAN_POINT('Ctrl Pts',(-61.2343149412622,286.325803790843,-212.288440426042));
#5549=CARTESIAN_POINT('Ctrl Pts',(-61.716798038998,284.720015307344,-212.321240499902));
#5550=CARTESIAN_POINT('Ctrl Pts',(-62.3497091302452,281.490711304473,-212.364812636151));
#5551=CARTESIAN_POINT('Ctrl Pts',(-62.5,279.867168536041,-212.375556849601));
#5552=CARTESIAN_POINT('Ctrl Pts',(-62.5,278.297092457396,-212.375732648753));
#5553=CARTESIAN_POINT('Origin',(-37.5,278.297092457396,-4.58820937220316));
#5554=CARTESIAN_POINT('',(-37.5,281.422092457396,-212.361795520154));
#5555=CARTESIAN_POINT('',(-40.625,278.297092457396,-212.375732648753));
#5556=CARTESIAN_POINT('Ctrl Pts',(-37.5,281.422092457396,-212.361795520154));
#5557=CARTESIAN_POINT('Ctrl Pts',(-37.1076158378356,281.422092457396,-212.361795520154));
#5558=CARTESIAN_POINT('Ctrl Pts',(-36.6890788270044,281.343673979152,-212.362513051072));
#5559=CARTESIAN_POINT('Ctrl Pts',(-35.9191440388863,281.024755660343,-212.365110950321));
#5560=CARTESIAN_POINT('Ctrl Pts',(-35.5677460917706,280.784255931583,-212.366954581948));
#5561=CARTESIAN_POINT('Ctrl Pts',(-35.0128365010882,280.229346340901,-212.370428785372));
#5562=CARTESIAN_POINT('Ctrl Pts',(-34.772336791079,279.877948403767,-212.372284803235));
#5563=CARTESIAN_POINT('Ctrl Pts',(-34.4534184843916,279.108013645553,-212.374933131524));
#5564=CARTESIAN_POINT('Ctrl Pts',(-34.375,278.689476652068,-212.375688714061));
#5565=CARTESIAN_POINT('Ctrl Pts',(-34.375,277.904708459392,-212.375776583423));
#5566=CARTESIAN_POINT('Ctrl Pts',(-34.4534184180218,277.486171502996,-212.375114727468));
#5567=CARTESIAN_POINT('Ctrl Pts',(-34.7723366959474,276.716236667168,-212.372638819179));
#5568=CARTESIAN_POINT('Ctrl Pts',(-35.0128364491225,276.364838625858,-212.370861494873));
#5569=CARTESIAN_POINT('Ctrl Pts',(-35.567746191271,275.80992888371,-212.367511562435));
#5570=CARTESIAN_POINT('Ctrl Pts',(-35.9191442211468,275.569429149098,-212.365721791953));
#5571=CARTESIAN_POINT('Ctrl Pts',(-36.6890790270211,275.250510882648,-212.363195317611));
#5572=CARTESIAN_POINT('Ctrl Pts',(-37.1076159672783,275.172092457396,-212.362495350093));
#5573=CARTESIAN_POINT('Ctrl Pts',(-37.8923840820631,275.172092457396,-212.362495350093));
#5574=CARTESIAN_POINT('Ctrl Pts',(-38.310921071577,275.25051090221,-212.363195317791));
#5575=CARTESIAN_POINT('Ctrl Pts',(-39.0808559526769,275.569429242377,-212.365721792667));
#5576=CARTESIAN_POINT('Ctrl Pts',(-39.4322540085217,275.809929031142,-212.367511563486));
#5577=CARTESIAN_POINT('Ctrl Pts',(-39.9871636983105,276.364838825651,-212.370861495918));
#5578=CARTESIAN_POINT('Ctrl Pts',(-40.2276633973314,276.716236840992,-212.372638819884));
#5579=CARTESIAN_POINT('Ctrl Pts',(-40.5465816015405,277.486171601594,-212.375114727639));
#5580=CARTESIAN_POINT('Ctrl Pts',(-40.625,277.904708508734,-212.375776583417));
#5581=CARTESIAN_POINT('Ctrl Pts',(-40.625,278.297092457396,-212.375732648753));
#5582=CARTESIAN_POINT('',(-40.625,278.297092457396,-4.58820937220316));
#5583=CARTESIAN_POINT('Ctrl Pts',(-40.625,278.297092457396,-212.375732648753));
#5584=CARTESIAN_POINT('Ctrl Pts',(-40.625,278.689476702697,-212.375688714055));
#5585=CARTESIAN_POINT('Ctrl Pts',(-40.5465814955356,279.108013746724,-212.374933131326));
#5586=CARTESIAN_POINT('Ctrl Pts',(-40.2276631132085,279.877948582125,-212.372284802472));
#5587=CARTESIAN_POINT('Ctrl Pts',(-39.9871633476323,280.229346545906,-212.370428784253));
#5588=CARTESIAN_POINT('Ctrl Pts',(-39.432253703224,280.784256082862,-212.366954580836));
#5589=CARTESIAN_POINT('Ctrl Pts',(-39.0808557827549,281.024755756056,-212.365110949566));
#5590=CARTESIAN_POINT('Ctrl Pts',(-38.3109210718251,281.343673999225,-212.362513050882));
#5591=CARTESIAN_POINT('Ctrl Pts',(-37.8923841115357,281.422092457396,-212.361795520154));
#5592=CARTESIAN_POINT('Ctrl Pts',(-37.5,281.422092457396,-212.361795520154));
#5593=CARTESIAN_POINT('',(-34.3752590752134,278.256853757568,-206.125734901488));
#5594=CARTESIAN_POINT('',(-40.6247409247866,278.256853757568,-206.125734901488));
#5595=CARTESIAN_POINT('Ctrl Pts',(-34.3752590752134,278.256853757568,-206.125734901488));
#5596=CARTESIAN_POINT('Ctrl Pts',(-34.3801610120454,277.876193281587,-206.125734901488));
#5597=CARTESIAN_POINT('Ctrl Pts',(-34.4588571829147,277.473041162643,-206.125060780036));
#5598=CARTESIAN_POINT('Ctrl Pts',(-34.7723367458366,276.716236582367,-206.122584020474));
#5599=CARTESIAN_POINT('Ctrl Pts',(-35.0128364882926,276.364838586688,-206.120775238589));
#5600=CARTESIAN_POINT('Ctrl Pts',(-35.5677461529174,275.809928922063,-206.117366013569));
#5601=CARTESIAN_POINT('Ctrl Pts',(-35.9191441367528,275.569429198835,-206.115544564169));
#5602=CARTESIAN_POINT('Ctrl Pts',(-36.6890789221551,275.250510911305,-206.112973370452));
#5603=CARTESIAN_POINT('Ctrl Pts',(-37.1076158938472,275.172092457396,-206.112261012886));
#5604=CARTESIAN_POINT('Ctrl Pts',(-37.8923841572563,275.172092457396,-206.112261012886));
#5605=CARTESIAN_POINT('Ctrl Pts',(-38.3109211799642,275.250510931566,-206.112973370641));
#5606=CARTESIAN_POINT('Ctrl Pts',(-39.0808560432785,275.569429295445,-206.115544564922));
#5607=CARTESIAN_POINT('Ctrl Pts',(-39.4322540540104,275.809929074761,-206.117366014677));
#5608=CARTESIAN_POINT('Ctrl Pts',(-39.9871636644056,276.364838793616,-206.120775239691));
#5609=CARTESIAN_POINT('Ctrl Pts',(-40.2276633507735,276.716236762398,-206.122584021217));
#5610=CARTESIAN_POINT('Ctrl Pts',(-40.5411428379431,277.473041264389,-206.125060780221));
#5611=CARTESIAN_POINT('Ctrl Pts',(-40.6198389886098,277.876193332466,-206.125734901488));
#5612=CARTESIAN_POINT('Ctrl Pts',(-40.6247409247866,278.256853757568,-206.125734901488));
#5613=CARTESIAN_POINT('',(-34.3752590752134,278.256853757568,-187.375734901488));
#5614=CARTESIAN_POINT('',(-34.3752590752134,278.256853757568,-4.58820937220316));
#5615=CARTESIAN_POINT('',(-40.6247409247866,278.256853757568,-187.375734901488));
#5616=CARTESIAN_POINT('Ctrl Pts',(-40.6247409247866,278.256853757568,-187.375734901488));
#5617=CARTESIAN_POINT('Ctrl Pts',(-40.6198389849746,277.876193050169,-187.375734901488));
#5618=CARTESIAN_POINT('Ctrl Pts',(-40.5411427241697,277.473040823213,-187.375022978189));
#5619=CARTESIAN_POINT('Ctrl Pts',(-40.2276630873447,276.716236298809,-187.372407332775));
#5620=CARTESIAN_POINT('Ctrl Pts',(-39.9871633807306,276.364838455711,-187.370497122061));
#5621=CARTESIAN_POINT('Ctrl Pts',(-39.4322539753285,275.809929050309,-187.366896719392));
#5622=CARTESIAN_POINT('Ctrl Pts',(-39.0808561454425,275.569429365145,-187.36497312712));
#5623=CARTESIAN_POINT('Ctrl Pts',(-38.3109214284955,275.250511007129,-187.362257743666));
#5624=CARTESIAN_POINT('Ctrl Pts',(-37.8923843516919,275.172092457396,-187.361505436431));
#5625=CARTESIAN_POINT('Ctrl Pts',(-37.1076155913125,275.172092457396,-187.361505436431));
#5626=CARTESIAN_POINT('Ctrl Pts',(-36.6890784576113,275.250511029726,-187.362257743889));
#5627=CARTESIAN_POINT('Ctrl Pts',(-35.9191436537693,275.569429472894,-187.364973128007));
#5628=CARTESIAN_POINT('Ctrl Pts',(-35.5677457938859,275.809929220613,-187.366896720697));
#5629=CARTESIAN_POINT('Ctrl Pts',(-35.0128364489658,276.364838686497,-187.370497123359));
#5630=CARTESIAN_POINT('Ctrl Pts',(-34.7723368049066,276.716236499597,-187.372407333651));
#5631=CARTESIAN_POINT('Ctrl Pts',(-34.4588572525676,277.47304093669,-187.375022978406));
#5632=CARTESIAN_POINT('Ctrl Pts',(-34.3801610142947,277.876193106913,-187.375734901488));
#5633=CARTESIAN_POINT('Ctrl Pts',(-34.3752590752134,278.256853757568,-187.375734901488));
#5634=CARTESIAN_POINT('',(-40.6247409247866,278.256853757568,-4.58820937220316));
#5635=CARTESIAN_POINT('Origin',(-37.5,278.256853757568,146.999265098512));
#5636=CARTESIAN_POINT('',(-50.,255.345188095333,-186.589847735798));
#5637=CARTESIAN_POINT('Origin',(-50.,278.256853757568,146.999265098512));
#5638=CARTESIAN_POINT('',(-25.,255.345188095333,-186.589847735798));
#5639=CARTESIAN_POINT('',(-37.5,255.345188095333,-186.589847735798));
#5640=CARTESIAN_POINT('Origin',(-25.,278.256853757568,146.999265098512));
#5641=CARTESIAN_POINT('Origin',(-37.5,278.256853757568,146.999265098512));
#5642=CARTESIAN_POINT('',(-37.5,278.256853757568,-187.375734901488));
#5643=CARTESIAN_POINT('Origin',(-37.5,278.256853757568,146.999265098512));
#5644=CARTESIAN_POINT('',(-25.,253.71077571704,-205.2715904627));
#5645=CARTESIAN_POINT('Origin',(-25.,278.256853757568,146.999265098512));
#5646=CARTESIAN_POINT('',(-50.,253.71077571704,-205.2715904627));
#5647=CARTESIAN_POINT('',(-37.5,253.71077571704,-205.2715904627));
#5648=CARTESIAN_POINT('Origin',(-50.,278.256853757568,146.999265098512));
#5649=CARTESIAN_POINT('Origin',(-37.5,278.256853757568,146.999265098512));
#5650=CARTESIAN_POINT('',(-12.5,-2.99314624243192,-76.7166890151806));
#5651=CARTESIAN_POINT('Origin',(-12.5,278.256853757568,146.999265098512));
#5652=CARTESIAN_POINT('',(-25.,-2.99314624243193,-76.7166890151806));
#5653=CARTESIAN_POINT('',(0.,-2.99314624243192,-76.7166890151806));
#5654=CARTESIAN_POINT('Origin',(-25.,278.256853757568,146.999265098512));
#5655=CARTESIAN_POINT('',(-50.,-2.99314624243192,-76.7166890151806));
#5656=CARTESIAN_POINT('Origin',(-50.,278.256853757568,146.999265098512));
#5657=CARTESIAN_POINT('',(-62.5,-2.99314624243193,-76.7166890151806));
#5658=CARTESIAN_POINT('',(-37.5,-2.99314624243192,-76.7166890151806));
#5659=CARTESIAN_POINT('Origin',(-62.5,278.256853757568,146.999265098512));
#5660=CARTESIAN_POINT('Origin',(-50.,-6.07791252517934,-313.963209372203));
#5661=CARTESIAN_POINT('',(-50.,37.9550536808599,-41.1578740375232));
#5662=CARTESIAN_POINT('Origin',(-50.,55.6327232105236,-58.8355435671868));
#5663=CARTESIAN_POINT('',(-50.,68.9181972473301,-10.194730471053));
#5664=CARTESIAN_POINT('',(-50.,-41.25452170432,-120.367449422703));
#5665=CARTESIAN_POINT('',(-50.,68.9181972473301,25.1606085882744));
#5666=CARTESIAN_POINT('',(-50.,68.9181972473301,-162.078969921628));
#5667=CARTESIAN_POINT('',(-50.,43.3456885223999,-0.411900136655816));
#5668=CARTESIAN_POINT('',(-50.,-12.4868738132137,-56.2444624722694));
#5669=CARTESIAN_POINT('',(-50.,22.0068537575681,8.42693462817601));
#5670=CARTESIAN_POINT('Origin',(-50.,34.506853757568,8.42693462817597));
#5671=CARTESIAN_POINT('',(-50.,22.0068537575681,65.7492650985124));
#5672=CARTESIAN_POINT('',(-50.,22.0068537575681,-152.768137372014));
#5673=CARTESIAN_POINT('',(-50.,47.0068537575681,90.7492650985124));
#5674=CARTESIAN_POINT('Origin',(-50.,47.006853757568,65.7492650985124));
#5675=CARTESIAN_POINT('',(-50.,68.91819724733,90.7492650985124));
#5676=CARTESIAN_POINT('',(-50.,20.4644706161944,90.7492650985124));
#5677=CARTESIAN_POINT('',(-50.,68.91819724733,115.749265098512));
#5678=CARTESIAN_POINT('',(-50.,68.9181972473301,-111.606972136846));
#5679=CARTESIAN_POINT('',(-50.,-2.99314624243191,115.749265098512));
#5680=CARTESIAN_POINT('',(-50.,76.7144706161944,115.749265098512));
#5681=CARTESIAN_POINT('',(-50.,-2.99314624243192,-99.1069721368455));
#5682=CARTESIAN_POINT('',(-50.,248.024705491974,-198.555770802062));
#5683=CARTESIAN_POINT('',(-50.,224.854376850411,-171.189287013576));
#5684=CARTESIAN_POINT('',(-50.,248.569428884147,-192.329553938988));
#5685=CARTESIAN_POINT('',(-50.,278.256853757568,146.999265098512));
#5686=CARTESIAN_POINT('',(-50.,146.138702829857,-279.098025988674));
#5687=CARTESIAN_POINT('',(-50.,161.756242437262,-173.083533856688));
#5688=CARTESIAN_POINT('',(-50.,159.618616541477,-178.9566127366));
#5689=CARTESIAN_POINT('',(-50.,278.256853757568,146.999265098512));
#5690=CARTESIAN_POINT('',(-50.,151.62705878772,-182.640175276717));
#5691=CARTESIAN_POINT('',(-50.,63.6276395106966,-223.201899835175));
#5692=CARTESIAN_POINT('',(-50.,134.707356845147,-175.631805260792));
#5693=CARTESIAN_POINT('Origin',(-50.,278.256853757568,146.999265098512));
#5694=CARTESIAN_POINT('',(-50.,131.661144216263,-167.376248529826));
#5695=CARTESIAN_POINT('',(-50.,147.973163820763,-211.583537924111));
#5696=CARTESIAN_POINT('',(-50.,134.302508352142,-161.711824860847));
#5697=CARTESIAN_POINT('',(-50.,278.256853757568,146.999265098512));
#5698=CARTESIAN_POINT('',(-50.,142.632734421378,-158.635711432779));
#5699=CARTESIAN_POINT('',(-50.,49.8797919309489,-192.886711287549));
#5700=CARTESIAN_POINT('',(-50.,158.041023759574,-165.018033849628));
#5701=CARTESIAN_POINT('Origin',(-50.,278.256853757568,146.999265098512));
#5702=CARTESIAN_POINT('',(-50.,172.905809569777,-197.288524622391));
#5703=CARTESIAN_POINT('',(-50.,59.3073242080906,-113.93462333889));
#5704=CARTESIAN_POINT('',(-50.,55.2899016475497,-118.722401108383));
#5705=CARTESIAN_POINT('',(-50.,278.256853757568,146.999265098512));
#5706=CARTESIAN_POINT('',(-50.,46.5204412098402,-119.450543917199));
#5707=CARTESIAN_POINT('',(-50.,14.5736393834584,-122.103139727374));
#5708=CARTESIAN_POINT('',(-50.,33.0181258658328,-107.077951446072));
#5709=CARTESIAN_POINT('Origin',(-50.,278.256853757568,146.999265098512));
#5710=CARTESIAN_POINT('',(-50.,32.9791890334844,-98.2783996255713));
#5711=CARTESIAN_POINT('',(-50.,33.4657196737166,-208.232171485407));
#5712=CARTESIAN_POINT('',(-50.,37.3986064159004,-93.8589822431553));
#5713=CARTESIAN_POINT('',(-50.,278.256853757568,146.999265098512));
#5714=CARTESIAN_POINT('',(-50.,46.2785511381935,-93.8174862682351));
#5715=CARTESIAN_POINT('',(-50.,17.3665455993246,-93.9525920480856));
#5716=CARTESIAN_POINT('',(-50.,58.5747241004688,-105.084852874678));
#5717=CARTESIAN_POINT('Origin',(-50.,278.256853757568,146.999265098512));
#5718=CARTESIAN_POINT('',(-50.,67.1246763782254,-208.367823148501));
#5719=CARTESIAN_POINT('',(-50.,15.7568537575681,2.17693462817601));
#5720=CARTESIAN_POINT('',(-50.,15.7568537575681,-57.7903673166157));
#5721=CARTESIAN_POINT('',(-50.,15.7568537575681,-60.1248296490568));
#5722=CARTESIAN_POINT('',(-50.,3.25685375756809,-57.7903673166157));
#5723=CARTESIAN_POINT('Origin',(-50.,9.50685375756809,-57.7903673166157));
#5724=CARTESIAN_POINT('',(-50.,3.25685375756809,2.17693462817601));
#5725=CARTESIAN_POINT('',(-50.,3.25685375756809,-76.3485568283061));
#5726=CARTESIAN_POINT('Origin',(-50.,9.50685375756809,2.17693462817602));
#5727=CARTESIAN_POINT('Origin',(-37.5,9.50685375756809,2.17693462817601));
#5728=CARTESIAN_POINT('',(-25.,3.25685375756809,2.17693462817601));
#5729=CARTESIAN_POINT('',(-25.,15.7568537575681,2.17693462817602));
#5730=CARTESIAN_POINT('Origin',(-25.,9.50685375756809,2.17693462817601));
#5731=CARTESIAN_POINT('',(-37.5,15.7568537575681,2.17693462817602));
#5732=CARTESIAN_POINT('',(-37.5,3.25685375756809,2.17693462817601));
#5733=CARTESIAN_POINT('Origin',(-37.5,15.7568537575681,-60.1248296490568));
#5734=CARTESIAN_POINT('',(-25.,15.7568537575681,-57.7903673166157));
#5735=CARTESIAN_POINT('',(-25.,15.7568537575681,43.4372177247278));
#5736=CARTESIAN_POINT('',(-37.5,15.7568537575681,-57.7903673166157));
#5737=CARTESIAN_POINT('Origin',(-37.5,9.50685375756809,-57.7903673166157));
#5738=CARTESIAN_POINT('',(-25.,3.25685375756809,-57.7903673166157));
#5739=CARTESIAN_POINT('Origin',(-25.,9.50685375756809,-57.7903673166157));
#5740=CARTESIAN_POINT('',(-37.5,3.25685375756809,-57.7903673166157));
#5741=CARTESIAN_POINT('Origin',(-37.5,58.9410241542798,-109.509738106784));
#5742=CARTESIAN_POINT('',(-25.,58.5747241004688,-105.084852874678));
#5743=CARTESIAN_POINT('',(-25.,59.3073242080907,-113.93462333889));
#5744=CARTESIAN_POINT('',(-25.,49.1424977148375,8.85594185204304));
#5745=CARTESIAN_POINT('',(-37.5,59.3073242080907,-113.934623338889));
#5746=CARTESIAN_POINT('',(-37.5,58.5747241004688,-105.084852874678));
#5747=CARTESIAN_POINT('Origin',(-37.5,51.2724790870089,-123.510178877877));
#5748=CARTESIAN_POINT('',(-25.,55.2899016475497,-118.722401108383));
#5749=CARTESIAN_POINT('',(-25.,164.764666422288,11.7445431103178));
#5750=CARTESIAN_POINT('',(-37.5,55.2899016475497,-118.722401108383));
#5751=CARTESIAN_POINT('Origin',(-37.5,41.8385787770469,-93.8382342556952));
#5752=CARTESIAN_POINT('',(-25.,37.3986064159004,-93.8589822431553));
#5753=CARTESIAN_POINT('',(-37.5,37.3986064159004,-93.8589822431553));
#5754=CARTESIAN_POINT('',(-25.,46.2785511381935,-93.8174862682351));
#5755=CARTESIAN_POINT('',(-25.,160.607839437716,-93.2832255911367));
#5756=CARTESIAN_POINT('',(-37.5,46.2785511381934,-93.8174862682351));
#5757=CARTESIAN_POINT('Origin',(-37.5,41.8180237983163,-89.4395648607395));
#5758=CARTESIAN_POINT('',(-25.,32.9791890334844,-98.2783996255713));
#5759=CARTESIAN_POINT('',(-37.5,32.9791890334844,-98.2783996255713));
#5760=CARTESIAN_POINT('',(-25.,160.037438777942,28.7798501188865));
#5761=CARTESIAN_POINT('Origin',(-37.5,50.905171428695,-119.086472512791));
#5762=CARTESIAN_POINT('',(-25.,46.5204412098402,-119.450543917199));
#5763=CARTESIAN_POINT('',(-25.,174.773800111343,-108.801455338262));
#5764=CARTESIAN_POINT('',(-37.5,46.5204412098402,-119.450543917199));
#5765=CARTESIAN_POINT('Origin',(-37.5,32.9986574496586,-102.678175535821));
#5766=CARTESIAN_POINT('',(-25.,33.0181258658328,-107.077951446072));
#5767=CARTESIAN_POINT('',(-37.5,33.0181258658328,-107.077951446072));
#5768=CARTESIAN_POINT('',(-25.,32.4486746927369,21.6154939287455));
#5769=CARTESIAN_POINT('Origin',(-37.5,278.256853757568,146.999265098512));
#5770=CARTESIAN_POINT('Origin',(-25.,278.256853757568,146.999265098512));
#5771=CARTESIAN_POINT('Origin',(-37.5,159.898633098418,-169.050783853158));
#5772=CARTESIAN_POINT('',(-25.,158.041023759574,-165.018033849628));
#5773=CARTESIAN_POINT('',(-25.,161.756242437262,-173.083533856688));
#5774=CARTESIAN_POINT('',(-25.,110.207583284341,-61.1747212587383));
#5775=CARTESIAN_POINT('',(-37.5,161.756242437262,-173.083533856688));
#5776=CARTESIAN_POINT('',(-37.5,158.041023759574,-165.018033849628));
#5777=CARTESIAN_POINT('Origin',(-37.5,157.480990645691,-184.829691616512));
#5778=CARTESIAN_POINT('',(-25.,159.618616541477,-178.9566127366));
#5779=CARTESIAN_POINT('',(-25.,217.86892220163,-18.9152132589996));
#5780=CARTESIAN_POINT('',(-37.5,159.618616541477,-178.9566127366));
#5781=CARTESIAN_POINT('Origin',(-37.5,138.46762138676,-160.173768146813));
#5782=CARTESIAN_POINT('',(-25.,134.302508352142,-161.711824860847));
#5783=CARTESIAN_POINT('',(-37.5,134.302508352142,-161.711824860847));
#5784=CARTESIAN_POINT('',(-25.,142.632734421378,-158.635711432779));
#5785=CARTESIAN_POINT('',(-25.,249.884395062791,-119.030751046406));
#5786=CARTESIAN_POINT('',(-37.5,142.632734421378,-158.635711432779));
#5787=CARTESIAN_POINT('Origin',(-37.5,136.943872488022,-156.047401191867));
#5788=CARTESIAN_POINT('',(-25.,131.661144216263,-167.376248529826));
#5789=CARTESIAN_POINT('',(-37.5,131.661144216263,-167.376248529826));
#5790=CARTESIAN_POINT('',(-25.,207.600363122795,-4.52406804667752));
#5791=CARTESIAN_POINT('Origin',(-37.5,133.184250530705,-171.504026895309));
#5792=CARTESIAN_POINT('',(-25.,134.707356845147,-175.631805260792));
#5793=CARTESIAN_POINT('',(-37.5,134.707356845147,-175.631805260792));
#5794=CARTESIAN_POINT('',(-25.,90.1564971477217,-54.8942880704014));
#5795=CARTESIAN_POINT('Origin',(-37.5,278.256853757568,146.999265098512));
#5796=CARTESIAN_POINT('',(-25.,151.62705878772,-182.640175276717));
#5797=CARTESIAN_POINT('',(-37.5,151.62705878772,-182.640175276717));
#5798=CARTESIAN_POINT('Origin',(-25.,278.256853757568,146.999265098512));
#5799=CARTESIAN_POINT('Origin',(-37.5,155.622837664598,-180.798394006658));
#5800=CARTESIAN_POINT('',(-25.,268.503590936412,-128.768073127506));
#5801=CARTESIAN_POINT('Origin',(-37.5,251.95730848974,-189.459700837393));
#5802=CARTESIAN_POINT('',(-25.,248.569428884147,-192.329553938988));
#5803=CARTESIAN_POINT('',(-25.,342.583087939348,-112.691130369714));
#5804=CARTESIAN_POINT('',(-37.5,248.569428884147,-192.329553938988));
#5805=CARTESIAN_POINT('Origin',(-37.5,250.867740604507,-201.913680632381));
#5806=CARTESIAN_POINT('',(-25.,248.024705491974,-198.555770802062));
#5807=CARTESIAN_POINT('',(-25.,170.551998675458,-107.052727925873));
#5808=CARTESIAN_POINT('',(-37.5,248.024705491974,-198.555770802062));
#5809=CARTESIAN_POINT('Origin',(-37.5,278.256853757568,146.999265098512));
#5810=CARTESIAN_POINT('',(-37.5,278.256853757568,-206.125734901488));
#5811=CARTESIAN_POINT('Origin',(-62.4999999999999,78.3124561986237,16.8771980099043));
#5812=CARTESIAN_POINT('',(-58.75,78.3124561986237,13.7521980099043));
#5813=CARTESIAN_POINT('Origin',(-58.75,78.3124561986237,16.8771980099043));
#5814=CARTESIAN_POINT('',(-53.75,78.3124561986237,13.7521980099043));
#5815=CARTESIAN_POINT('',(-62.4999999999999,78.3124561986237,13.7521980099043));
#5816=CARTESIAN_POINT('Origin',(-53.75,78.3124561986237,16.8771980099043));
#5817=CARTESIAN_POINT('Origin',(-62.4999999999998,78.2931972473301,103.249265098512));
#5818=CARTESIAN_POINT('',(-58.75,78.2931972473301,100.124265098512));
#5819=CARTESIAN_POINT('Origin',(-58.75,78.2931972473301,103.249265098512));
#5820=CARTESIAN_POINT('',(-53.75,78.2931972473301,100.124265098512));
#5821=CARTESIAN_POINT('',(-62.4999999999998,78.2931972473301,100.124265098512));
#5822=CARTESIAN_POINT('Origin',(-53.75,78.2931972473301,103.249265098512));
#5823=CARTESIAN_POINT('Origin',(-58.75,87.6681972473301,94.7492650985124));
#5824=CARTESIAN_POINT('',(-58.75,87.4181972473301,94.7492650985124));
#5825=CARTESIAN_POINT('',(-58.7499999999999,68.9181972473301,94.7492650985124));
#5826=CARTESIAN_POINT('',(-58.75,112.650025502449,94.7492650985124));
#5827=CARTESIAN_POINT('',(-53.75,87.4181972473301,94.7492650985124));
#5828=CARTESIAN_POINT('',(-60.625,87.4181972473301,94.7492650985124));
#5829=CARTESIAN_POINT('',(-53.75,68.91819724733,94.7492650985124));
#5830=CARTESIAN_POINT('',(-53.75,112.650025502449,94.7492650985124));
#5831=CARTESIAN_POINT('',(-54.375,68.91819724733,94.7492650985124));
#5832=CARTESIAN_POINT('Origin',(-58.75,68.91819724733,111.749265098512));
#5833=CARTESIAN_POINT('',(-58.7499999999999,68.9181972473301,111.749265098512));
#5834=CARTESIAN_POINT('',(-58.75,87.4181972473301,111.749265098512));
#5835=CARTESIAN_POINT('',(-58.75,103.275025502449,111.749265098512));
#5836=CARTESIAN_POINT('',(-53.75,68.91819724733,111.749265098512));
#5837=CARTESIAN_POINT('',(-54.375,68.91819724733,111.749265098512));
#5838=CARTESIAN_POINT('',(-53.75,87.4181972473301,111.749265098512));
#5839=CARTESIAN_POINT('',(-53.75,103.275025502449,111.749265098512));
#5840=CARTESIAN_POINT('',(-60.625,87.4181972473301,111.749265098512));
#5841=CARTESIAN_POINT('Origin',(-37.5,47.0068537575681,90.7492650985124));
#5842=CARTESIAN_POINT('',(-62.5,68.91819724733,90.7492650985124));
#5843=CARTESIAN_POINT('',(-50.,68.9181972473301,90.7492650985124));
#5844=CARTESIAN_POINT('',(-62.5,47.0068537575681,90.7492650985124));
#5845=CARTESIAN_POINT('',(-37.5,47.0068537575681,90.7492650985124));
#5846=CARTESIAN_POINT('',(-62.5,47.0068537575681,90.7492650985124));
#5847=CARTESIAN_POINT('Origin',(-53.75,137.631853757568,-48.3132349014876));
#5848=CARTESIAN_POINT('',(-53.75,87.4181972473301,21.2180150985124));
#5849=CARTESIAN_POINT('',(-53.75,68.9181972473301,21.2180150985124));
#5850=CARTESIAN_POINT('Origin',(-37.5,159.506853757568,115.749265098512));
#5851=CARTESIAN_POINT('',(-62.5,68.91819724733,115.749265098512));
#5852=CARTESIAN_POINT('',(-50.,68.9181972473301,115.749265098512));
#5853=CARTESIAN_POINT('',(-62.5,-2.99314624243191,115.749265098512));
#5854=CARTESIAN_POINT('',(-62.5,68.91819724733,115.749265098512));
#5855=CARTESIAN_POINT('',(-37.5,-2.99314624243191,115.749265098512));
#5856=CARTESIAN_POINT('Origin',(-58.75,69.0949739426267,21.2338318929777));
#5857=CARTESIAN_POINT('',(-58.75,68.9181972473301,21.0570551976811));
#5858=CARTESIAN_POINT('',(-58.75,87.4181972473301,39.5570551976811));
#5859=CARTESIAN_POINT('',(-58.75,68.8424271977457,20.9812851480968));
#5860=CARTESIAN_POINT('',(-53.75,68.9181972473301,21.0570551976811));
#5861=CARTESIAN_POINT('',(-54.375,68.9181972473301,21.0570551976811));
#5862=CARTESIAN_POINT('',(-53.75,87.4181972473301,39.5570551976811));
#5863=CARTESIAN_POINT('',(-53.75,68.8424271977457,20.9812851480968));
#5864=CARTESIAN_POINT('',(-60.625,87.4181972473301,39.5570551976811));
#5865=CARTESIAN_POINT('Origin',(-58.7499999999999,87.4914205520334,12.4820462242436));
#5866=CARTESIAN_POINT('',(-58.75,87.4181972473301,12.4088229195403));
#5867=CARTESIAN_POINT('',(-58.75,68.9181972473301,-6.09117708045973));
#5868=CARTESIAN_POINT('',(-58.75,84.8277085719843,9.81833424419449));
#5869=CARTESIAN_POINT('',(-53.75,87.4181972473301,12.4088229195403));
#5870=CARTESIAN_POINT('',(-60.6249999999999,87.4181972473301,12.4088229195403));
#5871=CARTESIAN_POINT('',(-53.75,68.9181972473301,-6.09117708045973));
#5872=CARTESIAN_POINT('',(-53.75,84.8277085719843,9.81833424419449));
#5873=CARTESIAN_POINT('',(-54.375,68.9181972473301,-6.09117708045973));
#5874=CARTESIAN_POINT('Origin',(-53.75,137.631853757568,-48.3132349014876));
#5875=CARTESIAN_POINT('',(-53.75,68.9181972473301,-29.2539826862703));
#5876=CARTESIAN_POINT('',(-53.75,87.4181972473301,-19.8789826862703));
#5877=CARTESIAN_POINT('Origin',(-62.4999999999999,87.4181972473301,8.55526952894701));
#5878=CARTESIAN_POINT('',(-58.75,87.4181972473301,-19.8789826862703));
#5879=CARTESIAN_POINT('Origin',(-58.75,137.631853757568,-48.3132349014876));
#5880=CARTESIAN_POINT('',(-58.75,68.9181972473301,-10.194730471053));
#5881=CARTESIAN_POINT('Origin',(-58.75,137.631853757568,-48.3132349014876));
#5882=CARTESIAN_POINT('',(-58.75,68.9181972473301,-10.194730471053));
#5883=CARTESIAN_POINT('',(-58.75,87.4181972473301,21.2180150985124));
#5884=CARTESIAN_POINT('Origin',(-62.4999999999999,87.4181972473301,90.7492650985124));
#5885=CARTESIAN_POINT('Origin',(-37.5,37.9550536808599,-41.1578740375232));
#5886=CARTESIAN_POINT('',(-62.5,68.9181972473301,-10.194730471053));
#5887=CARTESIAN_POINT('',(-43.75,68.9181972473301,-10.194730471053));
#5888=CARTESIAN_POINT('',(-62.5,37.9550536808599,-41.1578740375232));
#5889=CARTESIAN_POINT('',(-37.5,37.9550536808599,-41.1578740375232));
#5890=CARTESIAN_POINT('',(-62.5,37.9550536808599,-41.1578740375232));
#5891=CARTESIAN_POINT('Origin',(-50.,68.91819724733,90.7492650985124));
#5892=CARTESIAN_POINT('',(-62.5,68.9181972473301,131.374265098512));
#5893=CARTESIAN_POINT('Origin',(-50.,68.9181972473301,-10.194730471053));
#5894=CARTESIAN_POINT('',(-62.5,68.9181972473301,25.1606085882744));
#5895=CARTESIAN_POINT('',(-50.,68.9181972473301,25.1606085882744));
#5896=CARTESIAN_POINT('',(-62.5,68.9181972473301,86.0799368433934));
#5897=CARTESIAN_POINT('Origin',(-37.5,113.168018992736,69.4104303336805));
#5898=CARTESIAN_POINT('',(-62.5,43.3456885223999,-0.411900136655816));
#5899=CARTESIAN_POINT('',(-62.5,68.9181972473301,25.1606085882744));
#5900=CARTESIAN_POINT('',(-37.5,43.3456885223999,-0.411900136655816));
#5901=CARTESIAN_POINT('Origin',(-62.5,278.256853757568,146.999265098512));
#5902=CARTESIAN_POINT('',(-62.5,22.0068537575681,65.7492650985124));
#5903=CARTESIAN_POINT('Origin',(-62.5,47.006853757568,65.7492650985124));
#5904=CARTESIAN_POINT('',(-62.5,22.0068537575681,8.42693462817601));
#5905=CARTESIAN_POINT('',(-62.5,22.0068537575681,8.42693462817601));
#5906=CARTESIAN_POINT('Origin',(-62.5,34.506853757568,8.42693462817597));
#5907=CARTESIAN_POINT('Origin',(-62.5,55.6327232105236,-58.8355435671868));
#5908=CARTESIAN_POINT('',(-62.5,-2.99314624243191,115.749265098512));
#5909=CARTESIAN_POINT('Origin',(-37.5,-2.99314624243191,115.749265098512));
#5910=CARTESIAN_POINT('Origin',(-37.5,55.6327232105236,-58.8355435671868));
#5911=CARTESIAN_POINT('Origin',(-37.5,34.506853757568,8.42693462817597));
#5912=CARTESIAN_POINT('',(-37.5,22.0068537575681,8.42693462817601));
#5913=CARTESIAN_POINT('Origin',(-37.5,47.006853757568,65.7492650985124));
#5914=CARTESIAN_POINT('',(-37.5,22.0068537575681,65.7492650985124));
#5915=CARTESIAN_POINT('Origin',(-37.5,22.0068537575681,8.42693462817601));
#5916=CARTESIAN_POINT('Origin',(-37.5,3.25685375756809,8.42693462817601));
#5917=CARTESIAN_POINT('',(-25.,3.25685375756809,77.7130998633442));
#5918=CARTESIAN_POINT('Origin',(-37.5,249.11415227632,-186.103337075915));
#5919=CARTESIAN_POINT('',(-25.,263.685503016944,-19.5520359887013));
#5920=CARTESIAN_POINT('Origin',(-37.5,278.256853757568,146.999265098512));
#5921=CARTESIAN_POINT('Origin',(-25.,278.256853757568,146.999265098512));
#5922=CARTESIAN_POINT('Origin',(-37.5,278.256853757568,146.999265098512));
#5923=CARTESIAN_POINT('Origin',(-25.,278.256853757568,146.999265098512));
#5924=CARTESIAN_POINT('Origin',(-24.9999999999999,78.3124561986237,16.8771980099043));
#5925=CARTESIAN_POINT('',(-21.25,78.3124561986237,13.7521980099043));
#5926=CARTESIAN_POINT('Origin',(-21.25,78.3124561986237,16.8771980099043));
#5927=CARTESIAN_POINT('',(-16.25,78.3124561986237,13.7521980099043));
#5928=CARTESIAN_POINT('',(-24.9999999999999,78.3124561986237,13.7521980099043));
#5929=CARTESIAN_POINT('Origin',(-16.25,78.3124561986237,16.8771980099043));
#5930=CARTESIAN_POINT('Origin',(-24.9999999999999,78.2931972473301,103.249265098512));
#5931=CARTESIAN_POINT('',(-21.25,78.2931972473301,100.124265098512));
#5932=CARTESIAN_POINT('Origin',(-21.25,78.2931972473301,103.249265098512));
#5933=CARTESIAN_POINT('',(-16.25,78.2931972473301,100.124265098512));
#5934=CARTESIAN_POINT('',(-24.9999999999999,78.2931972473301,100.124265098512));
#5935=CARTESIAN_POINT('Origin',(-16.25,78.2931972473301,103.249265098512));
#5936=CARTESIAN_POINT('Origin',(-21.25,87.6681972473301,94.7492650985124));
#5937=CARTESIAN_POINT('',(-21.25,87.4181972473301,94.7492650985124));
#5938=CARTESIAN_POINT('',(-21.2499999999999,68.9181972473301,94.7492650985124));
#5939=CARTESIAN_POINT('',(-21.25,112.650025502449,94.7492650985124));
#5940=CARTESIAN_POINT('',(-16.25,87.4181972473301,94.7492650985124));
#5941=CARTESIAN_POINT('',(-23.125,87.4181972473301,94.7492650985124));
#5942=CARTESIAN_POINT('',(-16.25,68.91819724733,94.7492650985124));
#5943=CARTESIAN_POINT('',(-16.25,112.650025502449,94.7492650985124));
#5944=CARTESIAN_POINT('',(-16.875,68.91819724733,94.7492650985124));
#5945=CARTESIAN_POINT('Origin',(-21.25,68.91819724733,111.749265098512));
#5946=CARTESIAN_POINT('',(-21.2499999999999,68.9181972473301,111.749265098512));
#5947=CARTESIAN_POINT('',(-21.25,87.4181972473301,111.749265098512));
#5948=CARTESIAN_POINT('',(-21.25,103.275025502449,111.749265098512));
#5949=CARTESIAN_POINT('',(-16.25,68.91819724733,111.749265098512));
#5950=CARTESIAN_POINT('',(-16.875,68.91819724733,111.749265098512));
#5951=CARTESIAN_POINT('',(-16.25,87.4181972473301,111.749265098512));
#5952=CARTESIAN_POINT('',(-16.25,103.275025502449,111.749265098512));
#5953=CARTESIAN_POINT('',(-23.125,87.4181972473301,111.749265098512));
#5954=CARTESIAN_POINT('Origin',(0.,47.0068537575681,90.7492650985124));
#5955=CARTESIAN_POINT('',(-25.,68.91819724733,90.7492650985124));
#5956=CARTESIAN_POINT('',(-12.5,68.91819724733,90.7492650985124));
#5957=CARTESIAN_POINT('',(-12.5,68.9181972473301,90.7492650985124));
#5958=CARTESIAN_POINT('',(-12.5,47.0068537575681,90.7492650985124));
#5959=CARTESIAN_POINT('',(-12.5,20.4644706161944,90.7492650985124));
#5960=CARTESIAN_POINT('',(-25.,47.0068537575681,90.7492650985124));
#5961=CARTESIAN_POINT('',(0.,47.0068537575681,90.7492650985124));
#5962=CARTESIAN_POINT('',(-25.,47.0068537575681,90.7492650985124));
#5963=CARTESIAN_POINT('Origin',(-16.25,137.631853757568,-48.3132349014876));
#5964=CARTESIAN_POINT('',(-16.25,87.4181972473301,21.2180150985124));
#5965=CARTESIAN_POINT('',(-16.25,68.9181972473301,21.2180150985124));
#5966=CARTESIAN_POINT('Origin',(0.,159.506853757568,115.749265098512));
#5967=CARTESIAN_POINT('',(-12.5,68.91819724733,115.749265098512));
#5968=CARTESIAN_POINT('',(-25.,68.91819724733,115.749265098512));
#5969=CARTESIAN_POINT('',(-12.5,68.9181972473301,115.749265098512));
#5970=CARTESIAN_POINT('',(-25.,-2.99314624243191,115.749265098512));
#5971=CARTESIAN_POINT('',(-25.,68.91819724733,115.749265098512));
#5972=CARTESIAN_POINT('',(-12.5,-2.99314624243191,115.749265098512));
#5973=CARTESIAN_POINT('',(0.,-2.99314624243191,115.749265098512));
#5974=CARTESIAN_POINT('',(-12.5,76.7144706161944,115.749265098512));
#5975=CARTESIAN_POINT('Origin',(-21.25,69.0949739426267,21.2338318929777));
#5976=CARTESIAN_POINT('',(-21.25,68.9181972473301,21.0570551976811));
#5977=CARTESIAN_POINT('',(-21.25,87.4181972473301,39.5570551976811));
#5978=CARTESIAN_POINT('',(-21.25,68.8424271977457,20.9812851480968));
#5979=CARTESIAN_POINT('',(-16.25,68.9181972473301,21.0570551976811));
#5980=CARTESIAN_POINT('',(-16.875,68.9181972473301,21.0570551976811));
#5981=CARTESIAN_POINT('',(-16.25,87.4181972473301,39.5570551976811));
#5982=CARTESIAN_POINT('',(-16.25,68.8424271977457,20.9812851480968));
#5983=CARTESIAN_POINT('',(-23.125,87.4181972473301,39.5570551976811));
#5984=CARTESIAN_POINT('Origin',(-21.2499999999999,87.4914205520334,12.4820462242436));
#5985=CARTESIAN_POINT('',(-21.25,87.4181972473301,12.4088229195403));
#5986=CARTESIAN_POINT('',(-21.25,68.9181972473301,-6.09117708045973));
#5987=CARTESIAN_POINT('',(-21.25,84.8277085719843,9.81833424419449));
#5988=CARTESIAN_POINT('',(-16.25,87.4181972473301,12.4088229195403));
#5989=CARTESIAN_POINT('',(-23.1249999999999,87.4181972473301,12.4088229195403));
#5990=CARTESIAN_POINT('',(-16.25,68.9181972473301,-6.09117708045973));
#5991=CARTESIAN_POINT('',(-16.25,84.8277085719843,9.81833424419449));
#5992=CARTESIAN_POINT('',(-16.875,68.9181972473301,-6.09117708045973));
#5993=CARTESIAN_POINT('Origin',(-16.25,137.631853757568,-48.3132349014876));
#5994=CARTESIAN_POINT('',(-16.25,68.9181972473301,-29.2539826862703));
#5995=CARTESIAN_POINT('',(-16.25,87.4181972473301,-19.8789826862703));
#5996=CARTESIAN_POINT('Origin',(-24.9999999999999,87.4181972473301,8.55526952894701));
#5997=CARTESIAN_POINT('',(-21.25,87.4181972473301,-19.8789826862703));
#5998=CARTESIAN_POINT('Origin',(-21.25,137.631853757568,-48.3132349014876));
#5999=CARTESIAN_POINT('',(-21.25,68.9181972473301,-10.194730471053));
#6000=CARTESIAN_POINT('Origin',(-21.25,137.631853757568,-48.3132349014876));
#6001=CARTESIAN_POINT('',(-21.25,68.9181972473301,-10.194730471053));
#6002=CARTESIAN_POINT('',(-21.25,87.4181972473301,21.2180150985124));
#6003=CARTESIAN_POINT('Origin',(-24.9999999999999,87.4181972473301,90.7492650985124));
#6004=CARTESIAN_POINT('Origin',(0.,37.9550536808599,-41.1578740375232));
#6005=CARTESIAN_POINT('',(-25.,68.9181972473301,-10.194730471053));
#6006=CARTESIAN_POINT('',(-12.5,68.9181972473301,-10.194730471053));
#6007=CARTESIAN_POINT('',(-6.24999999999999,68.9181972473301,-10.194730471053));
#6008=CARTESIAN_POINT('',(-12.5,37.9550536808599,-41.1578740375232));
#6009=CARTESIAN_POINT('',(-12.5,-41.25452170432,-120.367449422703));
#6010=CARTESIAN_POINT('',(-25.,37.9550536808599,-41.1578740375232));
#6011=CARTESIAN_POINT('',(0.,37.9550536808599,-41.1578740375232));
#6012=CARTESIAN_POINT('',(-25.,37.9550536808599,-41.1578740375232));
#6013=CARTESIAN_POINT('Origin',(-12.5,68.91819724733,90.7492650985124));
#6014=CARTESIAN_POINT('',(-25.,68.9181972473301,131.374265098512));
#6015=CARTESIAN_POINT('',(-12.5,68.9181972473301,-111.606972136846));
#6016=CARTESIAN_POINT('Origin',(-12.5,68.9181972473301,-10.194730471053));
#6017=CARTESIAN_POINT('',(-12.5,68.9181972473301,25.1606085882744));
#6018=CARTESIAN_POINT('',(-25.,68.9181972473301,25.1606085882744));
#6019=CARTESIAN_POINT('',(-12.5,68.9181972473301,25.1606085882744));
#6020=CARTESIAN_POINT('',(-12.5,68.9181972473301,-162.078969921628));
#6021=CARTESIAN_POINT('',(-25.,68.9181972473301,86.0799368433934));
#6022=CARTESIAN_POINT('Origin',(0.,113.168018992736,69.4104303336805));
#6023=CARTESIAN_POINT('',(-25.,43.3456885223999,-0.411900136655816));
#6024=CARTESIAN_POINT('',(-25.,68.9181972473301,25.1606085882744));
#6025=CARTESIAN_POINT('',(-12.5,43.3456885223999,-0.411900136655816));
#6026=CARTESIAN_POINT('',(0.,43.3456885223999,-0.411900136655816));
#6027=CARTESIAN_POINT('',(-12.5,-12.4868738132137,-56.2444624722694));
#6028=CARTESIAN_POINT('Origin',(-25.,278.256853757568,146.999265098512));
#6029=CARTESIAN_POINT('',(-25.,-2.99314624243191,115.749265098512));
#6030=CARTESIAN_POINT('',(-25.,22.0068537575681,65.7492650985124));
#6031=CARTESIAN_POINT('Origin',(-25.,47.006853757568,65.7492650985124));
#6032=CARTESIAN_POINT('',(-25.,22.0068537575681,8.42693462817601));
#6033=CARTESIAN_POINT('',(-25.,22.0068537575681,8.42693462817601));
#6034=CARTESIAN_POINT('Origin',(-25.,34.506853757568,8.42693462817597));
#6035=CARTESIAN_POINT('Origin',(-25.,55.6327232105236,-58.8355435671868));
#6036=CARTESIAN_POINT('Origin',(0.,-2.99314624243191,115.749265098512));
#6037=CARTESIAN_POINT('',(-12.5,-2.99314624243192,-99.1069721368455));
#6038=CARTESIAN_POINT('Origin',(0.,278.256853757568,-212.375734901488));
#6039=CARTESIAN_POINT('Origin',(0.,55.6327232105236,-58.8355435671868));
#6040=CARTESIAN_POINT('Origin',(-12.5,55.6327232105236,-58.8355435671868));
#6041=CARTESIAN_POINT('Origin',(0.,34.506853757568,8.42693462817597));
#6042=CARTESIAN_POINT('',(-12.5,22.0068537575681,8.42693462817601));
#6043=CARTESIAN_POINT('Origin',(-12.5,34.506853757568,8.42693462817597));
#6044=CARTESIAN_POINT('',(0.,22.0068537575681,8.42693462817601));
#6045=CARTESIAN_POINT('Origin',(0.,47.006853757568,65.7492650985124));
#6046=CARTESIAN_POINT('',(-12.5,22.0068537575681,65.7492650985124));
#6047=CARTESIAN_POINT('Origin',(-12.5,47.006853757568,65.7492650985124));
#6048=CARTESIAN_POINT('',(0.,22.0068537575681,65.7492650985124));
#6049=CARTESIAN_POINT('Origin',(0.,22.0068537575681,8.42693462817601));
#6050=CARTESIAN_POINT('',(-12.5,22.0068537575681,-152.768137372014));
#6051=CARTESIAN_POINT('Origin',(-12.5,-6.07791252517934,-313.963209372203));
#6052=CARTESIAN_POINT('',(33.5981194787658,-66.3605923247147,9.44053586916514));
#6053=CARTESIAN_POINT('',(71.0981194787656,-66.3605923247143,9.44053586916534));
#6054=UNCERTAINTY_MEASURE_WITH_UNIT(LENGTH_MEASURE(0.01),#6062,
'DISTANCE_ACCURACY_VALUE',
'Maximum model space distance between geometric entities at asserted c
onnectivities');
#6055=UNCERTAINTY_MEASURE_WITH_UNIT(LENGTH_MEASURE(0.01),#6062,
'DISTANCE_ACCURACY_VALUE',
'Maximum model space distance between geometric entities at asserted c
onnectivities');
#6056=UNCERTAINTY_MEASURE_WITH_UNIT(LENGTH_MEASURE(0.01),#6062,
'DISTANCE_ACCURACY_VALUE',
'Maximum model space distance between geometric entities at asserted c
onnectivities');
#6057=UNCERTAINTY_MEASURE_WITH_UNIT(LENGTH_MEASURE(0.01),#6062,
'DISTANCE_ACCURACY_VALUE',
'Maximum model space distance between geometric entities at asserted c
onnectivities');
#6058=(
GEOMETRIC_REPRESENTATION_CONTEXT(3)
GLOBAL_UNCERTAINTY_ASSIGNED_CONTEXT((#6054))
GLOBAL_UNIT_ASSIGNED_CONTEXT((#6062,#6064,#6065))
REPRESENTATION_CONTEXT('','3D')
);
#6059=(
GEOMETRIC_REPRESENTATION_CONTEXT(3)
GLOBAL_UNCERTAINTY_ASSIGNED_CONTEXT((#6055))
GLOBAL_UNIT_ASSIGNED_CONTEXT((#6062,#6064,#6065))
REPRESENTATION_CONTEXT('','3D')
);
#6060=(
GEOMETRIC_REPRESENTATION_CONTEXT(3)
GLOBAL_UNCERTAINTY_ASSIGNED_CONTEXT((#6056))
GLOBAL_UNIT_ASSIGNED_CONTEXT((#6062,#6064,#6065))
REPRESENTATION_CONTEXT('','3D')
);
#6061=(
GEOMETRIC_REPRESENTATION_CONTEXT(3)
GLOBAL_UNCERTAINTY_ASSIGNED_CONTEXT((#6057))
GLOBAL_UNIT_ASSIGNED_CONTEXT((#6062,#6064,#6065))
REPRESENTATION_CONTEXT('','3D')
);
#6062=(
LENGTH_UNIT()
NAMED_UNIT(*)
SI_UNIT(.MILLI.,.METRE.)
);
#6063=(
LENGTH_UNIT()
NAMED_UNIT(*)
SI_UNIT($,.METRE.)
);
#6064=(
NAMED_UNIT(*)
PLANE_ANGLE_UNIT()
SI_UNIT($,.RADIAN.)
);
#6065=(
NAMED_UNIT(*)
SI_UNIT($,.STERADIAN.)
SOLID_ANGLE_UNIT()
);
#6066=SHAPE_DEFINITION_REPRESENTATION(#6069,#6074);
#6067=SHAPE_DEFINITION_REPRESENTATION(#6070,#6075);
#6068=SHAPE_DEFINITION_REPRESENTATION(#6071,#6076);
#6069=PRODUCT_DEFINITION_SHAPE('',$,#6078);
#6070=PRODUCT_DEFINITION_SHAPE('',$,#6079);
#6071=PRODUCT_DEFINITION_SHAPE('',$,#6080);
#6072=PRODUCT_DEFINITION_SHAPE($,$,#17);
#6073=PRODUCT_DEFINITION_SHAPE($,$,#18);
#6074=SHAPE_REPRESENTATION('',(#3495,#3752,#3753),#6058);
#6075=SHAPE_REPRESENTATION('',(#3496),#6059);
#6076=SHAPE_REPRESENTATION('',(#3615),#6060);
#6077=PRODUCT_DEFINITION_CONTEXT('part definition',#6088,'design');
#6078=PRODUCT_DEFINITION('Frame','Frame',#6081,#6077);
#6079=PRODUCT_DEFINITION('Upper Frame','Upper Frame',#6082,#6077);
#6080=PRODUCT_DEFINITION('Lower Frame','Lower Frame',#6083,#6077);
#6081=PRODUCT_DEFINITION_FORMATION('',$,#6090);
#6082=PRODUCT_DEFINITION_FORMATION('',$,#6091);
#6083=PRODUCT_DEFINITION_FORMATION('',$,#6092);
#6084=PRODUCT_RELATED_PRODUCT_CATEGORY('Frame','Frame',(#6090));
#6085=PRODUCT_RELATED_PRODUCT_CATEGORY('Upper Frame','Upper Frame',(#6091));
#6086=PRODUCT_RELATED_PRODUCT_CATEGORY('Lower Frame','Lower Frame',(#6092));
#6087=APPLICATION_PROTOCOL_DEFINITION('international standard',
'automotive_design',2009,#6088);
#6088=APPLICATION_CONTEXT(
'Core Data for Automotive Mechanical Design Process');
#6089=PRODUCT_CONTEXT('part definition',#6088,'mechanical');
#6090=PRODUCT('Frame','Frame',$,(#6089));
#6091=PRODUCT('Upper Frame','Upper Frame',$,(#6089));
#6092=PRODUCT('Lower Frame','Lower Frame',$,(#6089));
#6093=PRESENTATION_STYLE_ASSIGNMENT((#6095));
#6094=PRESENTATION_STYLE_ASSIGNMENT((#6096));
#6095=SURFACE_STYLE_USAGE(.BOTH.,#6097);
#6096=SURFACE_STYLE_USAGE(.BOTH.,#6098);
#6097=SURFACE_SIDE_STYLE('',(#6099));
#6098=SURFACE_SIDE_STYLE('',(#6100));
#6099=SURFACE_STYLE_FILL_AREA(#6101);
#6100=SURFACE_STYLE_FILL_AREA(#6102);
#6101=FILL_AREA_STYLE('Steel - Satin',(#6103));
#6102=FILL_AREA_STYLE('ABS (White)',(#6104));
#6103=FILL_AREA_STYLE_COLOUR('Steel - Satin',#6105);
#6104=FILL_AREA_STYLE_COLOUR('ABS (White)',#6106);
#6105=COLOUR_RGB('Steel - Satin',0.627450980392157,0.627450980392157,0.627450980392157);
#6106=COLOUR_RGB('ABS (White)',0.964705882352941,0.964705882352941,0.952941176470588);
ENDSEC;
END-ISO-10303-21;
