ISO-10303-21;
HEADER;
/* Generated by software containing ST-Developer
 * from STEP Tools, Inc. (www.steptools.com) 
 */

FILE_DESCRIPTION(
/* description */ (''),
/* implementation_level */ '2;1');

FILE_NAME(
/* name */ 'Lower Frame.step',
/* time_stamp */ '2026-01-22T08:31:23+05:30',
/* author */ (''),
/* organization */ (''),
/* preprocessor_version */ 'ST-DEVELOPER v20.1',
/* originating_system */ 'Autodesk Translation Framework v14.21.0.0',
/* authorisation */ '');

FILE_SCHEMA (('AUTOMOTIVE_DESIGN { 1 0 10303 214 3 1 1 }'));
ENDSEC;

DATA;
#10=MECHANICAL_DESIGN_GEOMETRIC_PRESENTATION_REPRESENTATION('',(#13),#3258);
#11=SHAPE_REPRESENTATION_RELATIONSHIP('SRR','None',#3265,#12);
#12=ADVANCED_BREP_SHAPE_REPRESENTATION('',(#14),#3257);
#13=STYLED_ITEM('',(#3275),#14);
#14=MANIFOLD_SOLID_BREP('Frame 1',#1834);
#15=FACE_BOUND('',#236,.T.);
#16=FACE_BOUND('',#246,.T.);
#17=FACE_BOUND('',#251,.T.);
#18=FACE_BOUND('',#253,.T.);
#19=FACE_BOUND('',#254,.T.);
#20=FACE_BOUND('',#255,.T.);
#21=FACE_BOUND('',#282,.T.);
#22=FACE_BOUND('',#287,.T.);
#23=FACE_BOUND('',#290,.T.);
#24=FACE_BOUND('',#292,.T.);
#25=FACE_BOUND('',#296,.T.);
#26=FACE_BOUND('',#298,.T.);
#27=FACE_BOUND('',#316,.T.);
#28=FACE_BOUND('',#321,.T.);
#29=FACE_BOUND('',#324,.T.);
#30=FACE_BOUND('',#326,.T.);
#31=FACE_BOUND('',#330,.T.);
#32=FACE_BOUND('',#332,.T.);
#33=FACE_BOUND('',#335,.T.);
#34=FACE_BOUND('',#336,.T.);
#35=FACE_BOUND('',#337,.T.);
#36=CIRCLE('',#1852,328.125);
#37=CIRCLE('',#1853,328.125);
#38=CIRCLE('',#1854,328.125);
#39=CIRCLE('',#1855,328.125);
#40=CIRCLE('',#1866,334.375);
#41=CIRCLE('',#1867,334.375);
#42=CIRCLE('',#1870,353.125);
#43=CIRCLE('',#1871,353.125);
#44=CIRCLE('',#1873,359.375);
#45=CIRCLE('',#1874,359.375);
#46=CIRCLE('',#1875,359.375);
#47=CIRCLE('',#1876,359.375);
#48=CIRCLE('',#1878,25.);
#49=CIRCLE('',#1879,12.4999999999999);
#50=CIRCLE('',#1880,24.9999999999999);
#51=CIRCLE('',#1881,353.125);
#52=CIRCLE('',#1882,334.375);
#53=CIRCLE('',#1883,353.125);
#54=CIRCLE('',#1884,334.375);
#55=CIRCLE('',#1885,6.25);
#56=CIRCLE('',#1886,6.25);
#57=CIRCLE('',#1888,6.25);
#58=CIRCLE('',#1891,6.25);
#59=CIRCLE('',#1899,353.125);
#60=CIRCLE('',#1906,353.125);
#61=CIRCLE('',#1912,3.125);
#62=CIRCLE('',#1913,3.125);
#63=CIRCLE('',#1915,3.125);
#64=CIRCLE('',#1916,3.125);
#65=CIRCLE('',#1934,24.9999999999999);
#66=CIRCLE('',#1935,12.4999999999999);
#67=CIRCLE('',#1936,25.);
#68=CIRCLE('',#1945,334.375);
#69=CIRCLE('',#1947,334.375);
#70=CIRCLE('',#1949,3.125);
#71=CIRCLE('',#1950,3.125);
#72=CIRCLE('',#1952,3.125);
#73=CIRCLE('',#1953,3.125);
#74=CIRCLE('',#1971,24.9999999999999);
#75=CIRCLE('',#1972,12.4999999999999);
#76=CIRCLE('',#1973,25.);
#77=CIRCLE('',#1977,25.);
#78=CIRCLE('',#1979,12.4999999999999);
#79=CIRCLE('',#1981,24.9999999999999);
#80=PLANE('',#1849);
#81=PLANE('',#1857);
#82=PLANE('',#1877);
#83=PLANE('',#1889);
#84=PLANE('',#1892);
#85=PLANE('',#1893);
#86=PLANE('',#1894);
#87=PLANE('',#1895);
#88=PLANE('',#1896);
#89=PLANE('',#1897);
#90=PLANE('',#1900);
#91=PLANE('',#1901);
#92=PLANE('',#1902);
#93=PLANE('',#1903);
#94=PLANE('',#1904);
#95=PLANE('',#1907);
#96=PLANE('',#1908);
#97=PLANE('',#1909);
#98=PLANE('',#1917);
#99=PLANE('',#1918);
#100=PLANE('',#1919);
#101=PLANE('',#1920);
#102=PLANE('',#1921);
#103=PLANE('',#1922);
#104=PLANE('',#1923);
#105=PLANE('',#1924);
#106=PLANE('',#1925);
#107=PLANE('',#1926);
#108=PLANE('',#1927);
#109=PLANE('',#1928);
#110=PLANE('',#1929);
#111=PLANE('',#1930);
#112=PLANE('',#1931);
#113=PLANE('',#1932);
#114=PLANE('',#1933);
#115=PLANE('',#1937);
#116=PLANE('',#1941);
#117=PLANE('',#1942);
#118=PLANE('',#1943);
#119=PLANE('',#1954);
#120=PLANE('',#1955);
#121=PLANE('',#1956);
#122=PLANE('',#1957);
#123=PLANE('',#1958);
#124=PLANE('',#1959);
#125=PLANE('',#1960);
#126=PLANE('',#1961);
#127=PLANE('',#1962);
#128=PLANE('',#1963);
#129=PLANE('',#1964);
#130=PLANE('',#1965);
#131=PLANE('',#1966);
#132=PLANE('',#1967);
#133=PLANE('',#1968);
#134=PLANE('',#1969);
#135=PLANE('',#1970);
#136=PLANE('',#1974);
#137=PLANE('',#1975);
#138=PLANE('',#1982);
#139=PLANE('',#1983);
#140=FACE_OUTER_BOUND('',#232,.T.);
#141=FACE_OUTER_BOUND('',#233,.T.);
#142=FACE_OUTER_BOUND('',#234,.T.);
#143=FACE_OUTER_BOUND('',#235,.T.);
#144=FACE_OUTER_BOUND('',#237,.T.);
#145=FACE_OUTER_BOUND('',#238,.T.);
#146=FACE_OUTER_BOUND('',#239,.T.);
#147=FACE_OUTER_BOUND('',#240,.T.);
#148=FACE_OUTER_BOUND('',#241,.T.);
#149=FACE_OUTER_BOUND('',#242,.T.);
#150=FACE_OUTER_BOUND('',#243,.T.);
#151=FACE_OUTER_BOUND('',#244,.T.);
#152=FACE_OUTER_BOUND('',#245,.T.);
#153=FACE_OUTER_BOUND('',#247,.T.);
#154=FACE_OUTER_BOUND('',#248,.T.);
#155=FACE_OUTER_BOUND('',#249,.T.);
#156=FACE_OUTER_BOUND('',#250,.T.);
#157=FACE_OUTER_BOUND('',#252,.T.);
#158=FACE_OUTER_BOUND('',#256,.T.);
#159=FACE_OUTER_BOUND('',#257,.T.);
#160=FACE_OUTER_BOUND('',#258,.T.);
#161=FACE_OUTER_BOUND('',#259,.T.);
#162=FACE_OUTER_BOUND('',#260,.T.);
#163=FACE_OUTER_BOUND('',#261,.T.);
#164=FACE_OUTER_BOUND('',#262,.T.);
#165=FACE_OUTER_BOUND('',#263,.T.);
#166=FACE_OUTER_BOUND('',#264,.T.);
#167=FACE_OUTER_BOUND('',#265,.T.);
#168=FACE_OUTER_BOUND('',#266,.T.);
#169=FACE_OUTER_BOUND('',#267,.T.);
#170=FACE_OUTER_BOUND('',#268,.T.);
#171=FACE_OUTER_BOUND('',#269,.T.);
#172=FACE_OUTER_BOUND('',#270,.T.);
#173=FACE_OUTER_BOUND('',#271,.T.);
#174=FACE_OUTER_BOUND('',#272,.T.);
#175=FACE_OUTER_BOUND('',#273,.T.);
#176=FACE_OUTER_BOUND('',#274,.T.);
#177=FACE_OUTER_BOUND('',#275,.T.);
#178=FACE_OUTER_BOUND('',#276,.T.);
#179=FACE_OUTER_BOUND('',#277,.T.);
#180=FACE_OUTER_BOUND('',#278,.T.);
#181=FACE_OUTER_BOUND('',#279,.T.);
#182=FACE_OUTER_BOUND('',#280,.T.);
#183=FACE_OUTER_BOUND('',#281,.T.);
#184=FACE_OUTER_BOUND('',#283,.T.);
#185=FACE_OUTER_BOUND('',#284,.T.);
#186=FACE_OUTER_BOUND('',#285,.T.);
#187=FACE_OUTER_BOUND('',#286,.T.);
#188=FACE_OUTER_BOUND('',#288,.T.);
#189=FACE_OUTER_BOUND('',#289,.T.);
#190=FACE_OUTER_BOUND('',#291,.T.);
#191=FACE_OUTER_BOUND('',#293,.T.);
#192=FACE_OUTER_BOUND('',#294,.T.);
#193=FACE_OUTER_BOUND('',#295,.T.);
#194=FACE_OUTER_BOUND('',#297,.T.);
#195=FACE_OUTER_BOUND('',#299,.T.);
#196=FACE_OUTER_BOUND('',#300,.T.);
#197=FACE_OUTER_BOUND('',#301,.T.);
#198=FACE_OUTER_BOUND('',#302,.T.);
#199=FACE_OUTER_BOUND('',#303,.T.);
#200=FACE_OUTER_BOUND('',#304,.T.);
#201=FACE_OUTER_BOUND('',#305,.T.);
#202=FACE_OUTER_BOUND('',#306,.T.);
#203=FACE_OUTER_BOUND('',#307,.T.);
#204=FACE_OUTER_BOUND('',#308,.T.);
#205=FACE_OUTER_BOUND('',#309,.T.);
#206=FACE_OUTER_BOUND('',#310,.T.);
#207=FACE_OUTER_BOUND('',#311,.T.);
#208=FACE_OUTER_BOUND('',#312,.T.);
#209=FACE_OUTER_BOUND('',#313,.T.);
#210=FACE_OUTER_BOUND('',#314,.T.);
#211=FACE_OUTER_BOUND('',#315,.T.);
#212=FACE_OUTER_BOUND('',#317,.T.);
#213=FACE_OUTER_BOUND('',#318,.T.);
#214=FACE_OUTER_BOUND('',#319,.T.);
#215=FACE_OUTER_BOUND('',#320,.T.);
#216=FACE_OUTER_BOUND('',#322,.T.);
#217=FACE_OUTER_BOUND('',#323,.T.);
#218=FACE_OUTER_BOUND('',#325,.T.);
#219=FACE_OUTER_BOUND('',#327,.T.);
#220=FACE_OUTER_BOUND('',#328,.T.);
#221=FACE_OUTER_BOUND('',#329,.T.);
#222=FACE_OUTER_BOUND('',#331,.T.);
#223=FACE_OUTER_BOUND('',#333,.T.);
#224=FACE_OUTER_BOUND('',#334,.T.);
#225=FACE_OUTER_BOUND('',#338,.T.);
#226=FACE_OUTER_BOUND('',#339,.T.);
#227=FACE_OUTER_BOUND('',#340,.T.);
#228=FACE_OUTER_BOUND('',#341,.T.);
#229=FACE_OUTER_BOUND('',#342,.T.);
#230=FACE_OUTER_BOUND('',#343,.T.);
#231=FACE_OUTER_BOUND('',#344,.T.);
#232=EDGE_LOOP('',(#1188,#1189,#1190,#1191));
#233=EDGE_LOOP('',(#1192,#1193,#1194,#1195));
#234=EDGE_LOOP('',(#1196,#1197,#1198,#1199));
#235=EDGE_LOOP('',(#1200,#1201,#1202,#1203,#1204,#1205,#1206,#1207,#1208,
#1209,#1210,#1211,#1212,#1213));
#236=EDGE_LOOP('',(#1214,#1215));
#237=EDGE_LOOP('',(#1216,#1217,#1218,#1219));
#238=EDGE_LOOP('',(#1220,#1221,#1222,#1223));
#239=EDGE_LOOP('',(#1224,#1225,#1226,#1227));
#240=EDGE_LOOP('',(#1228,#1229,#1230,#1231));
#241=EDGE_LOOP('',(#1232,#1233,#1234,#1235));
#242=EDGE_LOOP('',(#1236,#1237,#1238,#1239));
#243=EDGE_LOOP('',(#1240,#1241,#1242,#1243));
#244=EDGE_LOOP('',(#1244,#1245,#1246,#1247,#1248,#1249,#1250,#1251));
#245=EDGE_LOOP('',(#1252,#1253,#1254,#1255,#1256,#1257));
#246=EDGE_LOOP('',(#1258,#1259,#1260,#1261));
#247=EDGE_LOOP('',(#1262,#1263,#1264,#1265,#1266,#1267,#1268,#1269));
#248=EDGE_LOOP('',(#1270,#1271));
#249=EDGE_LOOP('',(#1272,#1273,#1274,#1275,#1276,#1277,#1278,#1279));
#250=EDGE_LOOP('',(#1280,#1281,#1282,#1283,#1284,#1285,#1286,#1287,#1288,
#1289,#1290,#1291,#1292,#1293));
#251=EDGE_LOOP('',(#1294,#1295));
#252=EDGE_LOOP('',(#1296,#1297,#1298,#1299,#1300,#1301,#1302,#1303,#1304,
#1305,#1306,#1307,#1308,#1309,#1310,#1311,#1312,#1313,#1314,#1315));
#253=EDGE_LOOP('',(#1316,#1317,#1318,#1319,#1320,#1321,#1322,#1323));
#254=EDGE_LOOP('',(#1324,#1325,#1326,#1327,#1328,#1329,#1330,#1331));
#255=EDGE_LOOP('',(#1332,#1333,#1334,#1335));
#256=EDGE_LOOP('',(#1336,#1337,#1338,#1339));
#257=EDGE_LOOP('',(#1340,#1341,#1342,#1343));
#258=EDGE_LOOP('',(#1344,#1345,#1346,#1347));
#259=EDGE_LOOP('',(#1348,#1349,#1350,#1351));
#260=EDGE_LOOP('',(#1352,#1353,#1354,#1355));
#261=EDGE_LOOP('',(#1356,#1357,#1358,#1359));
#262=EDGE_LOOP('',(#1360,#1361,#1362,#1363));
#263=EDGE_LOOP('',(#1364,#1365,#1366,#1367));
#264=EDGE_LOOP('',(#1368,#1369,#1370,#1371));
#265=EDGE_LOOP('',(#1372,#1373,#1374,#1375));
#266=EDGE_LOOP('',(#1376,#1377,#1378,#1379));
#267=EDGE_LOOP('',(#1380,#1381,#1382,#1383));
#268=EDGE_LOOP('',(#1384,#1385,#1386,#1387));
#269=EDGE_LOOP('',(#1388,#1389,#1390,#1391));
#270=EDGE_LOOP('',(#1392,#1393,#1394,#1395));
#271=EDGE_LOOP('',(#1396,#1397,#1398,#1399));
#272=EDGE_LOOP('',(#1400,#1401,#1402,#1403));
#273=EDGE_LOOP('',(#1404,#1405,#1406,#1407));
#274=EDGE_LOOP('',(#1408,#1409,#1410,#1411));
#275=EDGE_LOOP('',(#1412,#1413));
#276=EDGE_LOOP('',(#1414,#1415,#1416,#1417));
#277=EDGE_LOOP('',(#1418,#1419,#1420,#1421));
#278=EDGE_LOOP('',(#1422,#1423,#1424,#1425));
#279=EDGE_LOOP('',(#1426,#1427,#1428,#1429));
#280=EDGE_LOOP('',(#1430,#1431,#1432,#1433));
#281=EDGE_LOOP('',(#1434,#1435,#1436,#1437));
#282=EDGE_LOOP('',(#1438));
#283=EDGE_LOOP('',(#1439,#1440,#1441,#1442));
#284=EDGE_LOOP('',(#1443,#1444,#1445,#1446));
#285=EDGE_LOOP('',(#1447,#1448,#1449,#1450));
#286=EDGE_LOOP('',(#1451,#1452,#1453,#1454));
#287=EDGE_LOOP('',(#1455));
#288=EDGE_LOOP('',(#1456,#1457,#1458,#1459));
#289=EDGE_LOOP('',(#1460,#1461,#1462,#1463));
#290=EDGE_LOOP('',(#1464));
#291=EDGE_LOOP('',(#1465,#1466,#1467,#1468));
#292=EDGE_LOOP('',(#1469));
#293=EDGE_LOOP('',(#1470,#1471,#1472,#1473));
#294=EDGE_LOOP('',(#1474,#1475,#1476,#1477));
#295=EDGE_LOOP('',(#1478,#1479,#1480,#1481));
#296=EDGE_LOOP('',(#1482,#1483,#1484,#1485));
#297=EDGE_LOOP('',(#1486,#1487,#1488,#1489));
#298=EDGE_LOOP('',(#1490,#1491,#1492,#1493));
#299=EDGE_LOOP('',(#1494,#1495,#1496,#1497));
#300=EDGE_LOOP('',(#1498,#1499,#1500,#1501,#1502,#1503,#1504,#1505,#1506,
#1507,#1508,#1509,#1510,#1511));
#301=EDGE_LOOP('',(#1512,#1513,#1514,#1515));
#302=EDGE_LOOP('',(#1516,#1517,#1518,#1519));
#303=EDGE_LOOP('',(#1520,#1521,#1522,#1523));
#304=EDGE_LOOP('',(#1524,#1525,#1526,#1527));
#305=EDGE_LOOP('',(#1528,#1529,#1530,#1531));
#306=EDGE_LOOP('',(#1532,#1533,#1534,#1535));
#307=EDGE_LOOP('',(#1536,#1537,#1538,#1539));
#308=EDGE_LOOP('',(#1540,#1541,#1542,#1543));
#309=EDGE_LOOP('',(#1544,#1545,#1546,#1547));
#310=EDGE_LOOP('',(#1548,#1549,#1550,#1551));
#311=EDGE_LOOP('',(#1552,#1553,#1554,#1555));
#312=EDGE_LOOP('',(#1556,#1557,#1558,#1559));
#313=EDGE_LOOP('',(#1560,#1561,#1562,#1563));
#314=EDGE_LOOP('',(#1564,#1565,#1566,#1567));
#315=EDGE_LOOP('',(#1568,#1569,#1570,#1571));
#316=EDGE_LOOP('',(#1572));
#317=EDGE_LOOP('',(#1573,#1574,#1575,#1576));
#318=EDGE_LOOP('',(#1577,#1578,#1579,#1580));
#319=EDGE_LOOP('',(#1581,#1582,#1583,#1584));
#320=EDGE_LOOP('',(#1585,#1586,#1587,#1588));
#321=EDGE_LOOP('',(#1589));
#322=EDGE_LOOP('',(#1590,#1591,#1592,#1593));
#323=EDGE_LOOP('',(#1594,#1595,#1596,#1597));
#324=EDGE_LOOP('',(#1598));
#325=EDGE_LOOP('',(#1599,#1600,#1601,#1602));
#326=EDGE_LOOP('',(#1603));
#327=EDGE_LOOP('',(#1604,#1605,#1606,#1607));
#328=EDGE_LOOP('',(#1608,#1609,#1610,#1611));
#329=EDGE_LOOP('',(#1612,#1613,#1614,#1615));
#330=EDGE_LOOP('',(#1616,#1617,#1618,#1619));
#331=EDGE_LOOP('',(#1620,#1621,#1622,#1623));
#332=EDGE_LOOP('',(#1624,#1625,#1626,#1627));
#333=EDGE_LOOP('',(#1628,#1629,#1630,#1631));
#334=EDGE_LOOP('',(#1632,#1633,#1634,#1635,#1636,#1637,#1638,#1639,#1640,
#1641,#1642,#1643,#1644,#1645,#1646,#1647,#1648,#1649,#1650,#1651));
#335=EDGE_LOOP('',(#1652,#1653,#1654,#1655));
#336=EDGE_LOOP('',(#1656,#1657,#1658,#1659,#1660,#1661,#1662,#1663));
#337=EDGE_LOOP('',(#1664,#1665,#1666,#1667,#1668,#1669,#1670,#1671));
#338=EDGE_LOOP('',(#1672,#1673,#1674,#1675));
#339=EDGE_LOOP('',(#1676,#1677,#1678,#1679));
#340=EDGE_LOOP('',(#1680,#1681,#1682,#1683));
#341=EDGE_LOOP('',(#1684,#1685,#1686,#1687));
#342=EDGE_LOOP('',(#1688,#1689,#1690,#1691));
#343=EDGE_LOOP('',(#1692,#1693,#1694,#1695));
#344=EDGE_LOOP('',(#1696,#1697,#1698,#1699,#1700,#1701,#1702,#1703,#1704,
#1705,#1706,#1707,#1708,#1709));
#345=LINE('',#2462,#534);
#346=LINE('',#2474,#535);
#347=LINE('',#2477,#536);
#348=LINE('',#2479,#537);
#349=LINE('',#2480,#538);
#350=LINE('',#2494,#539);
#351=LINE('',#2556,#540);
#352=LINE('',#2576,#541);
#353=LINE('',#2596,#542);
#354=LINE('',#2638,#543);
#355=LINE('',#2650,#544);
#356=LINE('',#2653,#545);
#357=LINE('',#2654,#546);
#358=LINE('',#2657,#547);
#359=LINE('',#2670,#548);
#360=LINE('',#2681,#549);
#361=LINE('',#2689,#550);
#362=LINE('',#2705,#551);
#363=LINE('',#2713,#552);
#364=LINE('',#2715,#553);
#365=LINE('',#2785,#554);
#366=LINE('',#2817,#555);
#367=LINE('',#2837,#556);
#368=LINE('',#2842,#557);
#369=LINE('',#2845,#558);
#370=LINE('',#2850,#559);
#371=LINE('',#2856,#560);
#372=LINE('',#2861,#561);
#373=LINE('',#2867,#562);
#374=LINE('',#2869,#563);
#375=LINE('',#2871,#564);
#376=LINE('',#2875,#565);
#377=LINE('',#2879,#566);
#378=LINE('',#2881,#567);
#379=LINE('',#2883,#568);
#380=LINE('',#2884,#569);
#381=LINE('',#2886,#570);
#382=LINE('',#2888,#571);
#383=LINE('',#2889,#572);
#384=LINE('',#2892,#573);
#385=LINE('',#2894,#574);
#386=LINE('',#2898,#575);
#387=LINE('',#2900,#576);
#388=LINE('',#2902,#577);
#389=LINE('',#2905,#578);
#390=LINE('',#2908,#579);
#391=LINE('',#2910,#580);
#392=LINE('',#2914,#581);
#393=LINE('',#2916,#582);
#394=LINE('',#2918,#583);
#395=LINE('',#2921,#584);
#396=LINE('',#2924,#585);
#397=LINE('',#2928,#586);
#398=LINE('',#2934,#587);
#399=LINE('',#2935,#588);
#400=LINE('',#2938,#589);
#401=LINE('',#2939,#590);
#402=LINE('',#2943,#591);
#403=LINE('',#2947,#592);
#404=LINE('',#2948,#593);
#405=LINE('',#2949,#594);
#406=LINE('',#2952,#595);
#407=LINE('',#2953,#596);
#408=LINE('',#2956,#597);
#409=LINE('',#2958,#598);
#410=LINE('',#2959,#599);
#411=LINE('',#2962,#600);
#412=LINE('',#2963,#601);
#413=LINE('',#2966,#602);
#414=LINE('',#2967,#603);
#415=LINE('',#2970,#604);
#416=LINE('',#2971,#605);
#417=LINE('',#2977,#606);
#418=LINE('',#2978,#607);
#419=LINE('',#2979,#608);
#420=LINE('',#2982,#609);
#421=LINE('',#2983,#610);
#422=LINE('',#2986,#611);
#423=LINE('',#2988,#612);
#424=LINE('',#2989,#613);
#425=LINE('',#2992,#614);
#426=LINE('',#2993,#615);
#427=LINE('',#2996,#616);
#428=LINE('',#2997,#617);
#429=LINE('',#3000,#618);
#430=LINE('',#3003,#619);
#431=LINE('',#3006,#620);
#432=LINE('',#3007,#621);
#433=LINE('',#3010,#622);
#434=LINE('',#3011,#623);
#435=LINE('',#3013,#624);
#436=LINE('',#3018,#625);
#437=LINE('',#3024,#626);
#438=LINE('',#3029,#627);
#439=LINE('',#3031,#628);
#440=LINE('',#3033,#629);
#441=LINE('',#3034,#630);
#442=LINE('',#3038,#631);
#443=LINE('',#3040,#632);
#444=LINE('',#3042,#633);
#445=LINE('',#3043,#634);
#446=LINE('',#3046,#635);
#447=LINE('',#3048,#636);
#448=LINE('',#3049,#637);
#449=LINE('',#3051,#638);
#450=LINE('',#3052,#639);
#451=LINE('',#3055,#640);
#452=LINE('',#3057,#641);
#453=LINE('',#3058,#642);
#454=LINE('',#3062,#643);
#455=LINE('',#3064,#644);
#456=LINE('',#3066,#645);
#457=LINE('',#3067,#646);
#458=LINE('',#3071,#647);
#459=LINE('',#3073,#648);
#460=LINE('',#3075,#649);
#461=LINE('',#3076,#650);
#462=LINE('',#3078,#651);
#463=LINE('',#3079,#652);
#464=LINE('',#3081,#653);
#465=LINE('',#3083,#654);
#466=LINE('',#3085,#655);
#467=LINE('',#3086,#656);
#468=LINE('',#3090,#657);
#469=LINE('',#3092,#658);
#470=LINE('',#3093,#659);
#471=LINE('',#3095,#660);
#472=LINE('',#3098,#661);
#473=LINE('',#3099,#662);
#474=LINE('',#3102,#663);
#475=LINE('',#3103,#664);
#476=LINE('',#3108,#665);
#477=LINE('',#3111,#666);
#478=LINE('',#3115,#667);
#479=LINE('',#3117,#668);
#480=LINE('',#3120,#669);
#481=LINE('',#3122,#670);
#482=LINE('',#3131,#671);
#483=LINE('',#3137,#672);
#484=LINE('',#3142,#673);
#485=LINE('',#3144,#674);
#486=LINE('',#3146,#675);
#487=LINE('',#3147,#676);
#488=LINE('',#3151,#677);
#489=LINE('',#3153,#678);
#490=LINE('',#3155,#679);
#491=LINE('',#3156,#680);
#492=LINE('',#3160,#681);
#493=LINE('',#3162,#682);
#494=LINE('',#3164,#683);
#495=LINE('',#3165,#684);
#496=LINE('',#3167,#685);
#497=LINE('',#3168,#686);
#498=LINE('',#3172,#687);
#499=LINE('',#3174,#688);
#500=LINE('',#3176,#689);
#501=LINE('',#3177,#690);
#502=LINE('',#3181,#691);
#503=LINE('',#3183,#692);
#504=LINE('',#3185,#693);
#505=LINE('',#3186,#694);
#506=LINE('',#3190,#695);
#507=LINE('',#3192,#696);
#508=LINE('',#3194,#697);
#509=LINE('',#3195,#698);
#510=LINE('',#3197,#699);
#511=LINE('',#3198,#700);
#512=LINE('',#3200,#701);
#513=LINE('',#3202,#702);
#514=LINE('',#3204,#703);
#515=LINE('',#3205,#704);
#516=LINE('',#3210,#705);
#517=LINE('',#3212,#706);
#518=LINE('',#3214,#707);
#519=LINE('',#3215,#708);
#520=LINE('',#3217,#709);
#521=LINE('',#3218,#710);
#522=LINE('',#3222,#711);
#523=LINE('',#3223,#712);
#524=LINE('',#3224,#713);
#525=LINE('',#3227,#714);
#526=LINE('',#3229,#715);
#527=LINE('',#3230,#716);
#528=LINE('',#3232,#717);
#529=LINE('',#3236,#718);
#530=LINE('',#3240,#719);
#531=LINE('',#3247,#720);
#532=LINE('',#3251,#721);
#533=LINE('',#3253,#722);
#534=VECTOR('',#1988,12.5);
#535=VECTOR('',#1989,12.5);
#536=VECTOR('',#1992,12.5);
#537=VECTOR('',#1993,12.5);
#538=VECTOR('',#1994,12.5);
#539=VECTOR('',#1997,12.5);
#540=VECTOR('',#2002,12.5);
#541=VECTOR('',#2005,12.5);
#542=VECTOR('',#2008,12.5);
#543=VECTOR('',#2013,12.5);
#544=VECTOR('',#2014,12.5);
#545=VECTOR('',#2017,12.5);
#546=VECTOR('',#2018,12.5);
#547=VECTOR('',#2021,12.5);
#548=VECTOR('',#2024,12.5);
#549=VECTOR('',#2027,12.5);
#550=VECTOR('',#2030,12.5);
#551=VECTOR('',#2033,12.5);
#552=VECTOR('',#2036,12.5);
#553=VECTOR('',#2037,12.5);
#554=VECTOR('',#2040,3.125);
#555=VECTOR('',#2041,12.5);
#556=VECTOR('',#2042,12.5);
#557=VECTOR('',#2047,12.5);
#558=VECTOR('',#2052,12.5);
#559=VECTOR('',#2057,12.5);
#560=VECTOR('',#2064,12.5);
#561=VECTOR('',#2069,12.5);
#562=VECTOR('',#2076,12.5);
#563=VECTOR('',#2077,12.5);
#564=VECTOR('',#2078,12.5);
#565=VECTOR('',#2081,12.5);
#566=VECTOR('',#2084,12.5);
#567=VECTOR('',#2085,12.5);
#568=VECTOR('',#2086,12.5);
#569=VECTOR('',#2087,12.5);
#570=VECTOR('',#2088,12.5);
#571=VECTOR('',#2089,12.5);
#572=VECTOR('',#2090,12.5);
#573=VECTOR('',#2091,12.5);
#574=VECTOR('',#2092,12.5);
#575=VECTOR('',#2095,12.5);
#576=VECTOR('',#2096,12.5);
#577=VECTOR('',#2097,12.5);
#578=VECTOR('',#2100,12.5);
#579=VECTOR('',#2101,12.5);
#580=VECTOR('',#2102,12.5);
#581=VECTOR('',#2105,12.5);
#582=VECTOR('',#2106,12.5);
#583=VECTOR('',#2107,12.5);
#584=VECTOR('',#2110,12.5);
#585=VECTOR('',#2111,12.5);
#586=VECTOR('',#2114,12.5);
#587=VECTOR('',#2121,12.5);
#588=VECTOR('',#2122,12.5);
#589=VECTOR('',#2125,12.5);
#590=VECTOR('',#2126,12.5);
#591=VECTOR('',#2131,12.5);
#592=VECTOR('',#2134,12.5);
#593=VECTOR('',#2135,12.5);
#594=VECTOR('',#2136,12.5);
#595=VECTOR('',#2139,12.5);
#596=VECTOR('',#2140,12.5);
#597=VECTOR('',#2143,12.5);
#598=VECTOR('',#2144,12.5);
#599=VECTOR('',#2145,12.5);
#600=VECTOR('',#2148,12.5);
#601=VECTOR('',#2149,12.5);
#602=VECTOR('',#2152,12.5);
#603=VECTOR('',#2153,12.5);
#604=VECTOR('',#2156,12.5);
#605=VECTOR('',#2157,12.5);
#606=VECTOR('',#2164,12.5);
#607=VECTOR('',#2165,12.5);
#608=VECTOR('',#2166,12.5);
#609=VECTOR('',#2169,12.5);
#610=VECTOR('',#2170,12.5);
#611=VECTOR('',#2173,12.5);
#612=VECTOR('',#2174,12.5);
#613=VECTOR('',#2175,12.5);
#614=VECTOR('',#2178,12.5);
#615=VECTOR('',#2179,12.5);
#616=VECTOR('',#2182,12.5);
#617=VECTOR('',#2183,12.5);
#618=VECTOR('',#2186,12.5);
#619=VECTOR('',#2191,12.5);
#620=VECTOR('',#2194,12.5);
#621=VECTOR('',#2195,12.5);
#622=VECTOR('',#2198,12.5);
#623=VECTOR('',#2199,12.5);
#624=VECTOR('',#2202,12.5);
#625=VECTOR('',#2207,3.125);
#626=VECTOR('',#2214,3.125);
#627=VECTOR('',#2219,12.5);
#628=VECTOR('',#2220,12.5);
#629=VECTOR('',#2221,12.5);
#630=VECTOR('',#2222,12.5);
#631=VECTOR('',#2225,12.5);
#632=VECTOR('',#2226,12.5);
#633=VECTOR('',#2227,12.5);
#634=VECTOR('',#2228,12.5);
#635=VECTOR('',#2231,12.5);
#636=VECTOR('',#2232,12.5);
#637=VECTOR('',#2233,12.5);
#638=VECTOR('',#2236,12.5);
#639=VECTOR('',#2237,12.5);
#640=VECTOR('',#2240,12.5);
#641=VECTOR('',#2241,12.5);
#642=VECTOR('',#2242,12.5);
#643=VECTOR('',#2245,12.5);
#644=VECTOR('',#2246,12.5);
#645=VECTOR('',#2247,12.5);
#646=VECTOR('',#2248,12.5);
#647=VECTOR('',#2251,12.5);
#648=VECTOR('',#2252,12.5);
#649=VECTOR('',#2253,12.5);
#650=VECTOR('',#2254,12.5);
#651=VECTOR('',#2257,12.5);
#652=VECTOR('',#2258,12.5);
#653=VECTOR('',#2261,12.5);
#654=VECTOR('',#2264,12.5);
#655=VECTOR('',#2267,12.5);
#656=VECTOR('',#2268,12.5);
#657=VECTOR('',#2273,12.5);
#658=VECTOR('',#2274,12.5);
#659=VECTOR('',#2275,12.5);
#660=VECTOR('',#2278,12.5);
#661=VECTOR('',#2281,12.5);
#662=VECTOR('',#2282,12.5);
#663=VECTOR('',#2285,12.5);
#664=VECTOR('',#2286,12.5);
#665=VECTOR('',#2291,12.5);
#666=VECTOR('',#2296,12.5);
#667=VECTOR('',#2303,12.5);
#668=VECTOR('',#2306,12.5);
#669=VECTOR('',#2311,12.5);
#670=VECTOR('',#2314,12.5);
#671=VECTOR('',#2327,3.125);
#672=VECTOR('',#2334,3.125);
#673=VECTOR('',#2339,12.5);
#674=VECTOR('',#2340,12.5);
#675=VECTOR('',#2341,12.5);
#676=VECTOR('',#2342,12.5);
#677=VECTOR('',#2345,12.5);
#678=VECTOR('',#2346,12.5);
#679=VECTOR('',#2347,12.5);
#680=VECTOR('',#2348,12.5);
#681=VECTOR('',#2351,12.5);
#682=VECTOR('',#2352,12.5);
#683=VECTOR('',#2353,12.5);
#684=VECTOR('',#2354,12.5);
#685=VECTOR('',#2357,12.5);
#686=VECTOR('',#2358,12.5);
#687=VECTOR('',#2361,12.5);
#688=VECTOR('',#2362,12.5);
#689=VECTOR('',#2363,12.5);
#690=VECTOR('',#2364,12.5);
#691=VECTOR('',#2367,12.5);
#692=VECTOR('',#2368,12.5);
#693=VECTOR('',#2369,12.5);
#694=VECTOR('',#2370,12.5);
#695=VECTOR('',#2373,12.5);
#696=VECTOR('',#2374,12.5);
#697=VECTOR('',#2375,12.5);
#698=VECTOR('',#2376,12.5);
#699=VECTOR('',#2379,12.5);
#700=VECTOR('',#2380,12.5);
#701=VECTOR('',#2383,12.5);
#702=VECTOR('',#2386,12.5);
#703=VECTOR('',#2389,12.5);
#704=VECTOR('',#2390,12.5);
#705=VECTOR('',#2395,12.5);
#706=VECTOR('',#2396,12.5);
#707=VECTOR('',#2397,12.5);
#708=VECTOR('',#2398,12.5);
#709=VECTOR('',#2401,12.5);
#710=VECTOR('',#2402,12.5);
#711=VECTOR('',#2405,12.5);
#712=VECTOR('',#2406,12.5);
#713=VECTOR('',#2407,12.5);
#714=VECTOR('',#2410,12.5);
#715=VECTOR('',#2411,12.5);
#716=VECTOR('',#2412,12.5);
#717=VECTOR('',#2415,12.5);
#718=VECTOR('',#2418,12.5);
#719=VECTOR('',#2425,12.5);
#720=VECTOR('',#2436,12.5);
#721=VECTOR('',#2441,12.5);
#722=VECTOR('',#2444,12.5);
#723=B_SPLINE_CURVE_WITH_KNOTS('',3,(#2451,#2452,#2453,#2454,#2455,#2456,
#2457,#2458,#2459,#2460),.UNSPECIFIED.,.F.,.F.,(4,2,2,2,4),(-0.736220449888521,
-0.565279653672494,-0.376642941821081,-0.188321470910541,0.),
 .UNSPECIFIED.);
#724=B_SPLINE_CURVE_WITH_KNOTS('',3,(#2464,#2465,#2466,#2467,#2468,#2469,
#2470,#2471,#2472,#2473),.UNSPECIFIED.,.F.,.F.,(4,2,2,2,4),(-0.736238738318036,
-0.565288589773882,-0.376641375925327,-0.188320687962664,0.),
 .UNSPECIFIED.);
#725=B_SPLINE_CURVE_WITH_KNOTS('',3,(#2483,#2484,#2485,#2486,#2487,#2488,
#2489,#2490,#2491,#2492),.UNSPECIFIED.,.F.,.F.,(4,2,2,2,4),(0.,0.188321470910541,
0.376642941821081,0.565279653672494,0.736220449888523),.UNSPECIFIED.);
#726=B_SPLINE_CURVE_WITH_KNOTS('',3,(#2495,#2496,#2497,#2498,#2499,#2500,
#2501,#2502,#2503,#2504),.UNSPECIFIED.,.F.,.F.,(4,2,2,2,4),(0.,0.188320687962663,
0.376641375925327,0.565288589773882,0.73623873831804),.UNSPECIFIED.);
#727=B_SPLINE_CURVE_WITH_KNOTS('',3,(#2508,#2509,#2510,#2511),
 .UNSPECIFIED.,.F.,.F.,(4,4),(3.01475320444624,3.0179713681307),
 .UNSPECIFIED.);
#728=B_SPLINE_CURVE_WITH_KNOTS('',3,(#2513,#2514,#2515,#2516,#2517,#2518,
#2519,#2520,#2521,#2522,#2523,#2524,#2525,#2526,#2527,#2528,#2529,#2530,
#2531,#2532,#2533,#2534,#2535,#2536,#2537,#2538,#2539,#2540,#2541,#2542,
#2543,#2544,#2545,#2546,#2547),.UNSPECIFIED.,.F.,.F.,(4,2,2,2,2,2,2,2,3,
2,2,2,2,2,2,2,4),(-3.01475320444624,-2.63790865262908,-2.26106410081191,
-1.88421954899475,-1.50737499717759,-1.13053124788319,-0.753687498588794,
-0.376843749294396,0.,0.376843749294396,0.753687498588792,1.13053124788319,
1.50737499717758,1.88421954899475,2.26106410081191,2.63790865262908,3.01475320444624),
 .UNSPECIFIED.);
#729=B_SPLINE_CURVE_WITH_KNOTS('',3,(#2549,#2550,#2551,#2552),
 .UNSPECIFIED.,.F.,.F.,(4,4),(-3.01797136813069,-3.01475320444624),
 .UNSPECIFIED.);
#730=B_SPLINE_CURVE_WITH_KNOTS('',3,(#2560,#2561,#2562,#2563),
 .UNSPECIFIED.,.F.,.F.,(4,4),(-5.02926789257132,-5.0289226324172),
 .UNSPECIFIED.);
#731=B_SPLINE_CURVE_WITH_KNOTS('',3,(#2565,#2566,#2567,#2568,#2569,#2570,
#2571,#2572,#2573,#2574),.UNSPECIFIED.,.F.,.F.,(4,2,2,2,4),(0.,0.188317094532803,
0.376634189065607,0.56532960600498,0.736322680356245),.UNSPECIFIED.);
#732=B_SPLINE_CURVE_WITH_KNOTS('',3,(#2578,#2579,#2580,#2581,#2582,#2583,
#2584,#2585,#2586,#2587),.UNSPECIFIED.,.F.,.F.,(4,2,2,2,4),(-0.73632268035624,
-0.56532960600498,-0.376634189065607,-0.188317094532803,0.),
 .UNSPECIFIED.);
#733=B_SPLINE_CURVE_WITH_KNOTS('',3,(#2589,#2590,#2591,#2592),
 .UNSPECIFIED.,.F.,.F.,(4,4),(5.02892263236155,5.02926789251553),
 .UNSPECIFIED.);
#734=B_SPLINE_CURVE_WITH_KNOTS('',3,(#2600,#2601,#2602,#2603,#2604,#2605,
#2606,#2607,#2608,#2609),.UNSPECIFIED.,.F.,.F.,(4,2,2,2,4),(0.,0.0941723035955587,
0.188344607191117,0.282516920848854,0.376689234506591),.UNSPECIFIED.);
#735=B_SPLINE_CURVE_WITH_KNOTS('',3,(#2610,#2611,#2612,#2613,#2614,#2615,
#2616,#2617,#2618,#2619,#2620,#2621,#2622,#2623,#2624,#2625,#2626,#2627,
#2628,#2629,#2630,#2631,#2632,#2633,#2634,#2635),.UNSPECIFIED.,.F.,.F.,
(4,2,2,2,2,2,2,2,2,2,2,2,4),(0.376689234506591,0.470861491545089,0.565033748583587,
0.659206014912949,0.753378281242311,0.847550561776693,0.941722842311074,
1.03589508514455,1.13006732797803,1.2242396562114,1.31841198444478,1.4125842734647,
1.50675656248462),.UNSPECIFIED.);
#736=B_SPLINE_CURVE_WITH_KNOTS('',3,(#2640,#2641,#2642,#2643,#2644,#2645,
#2646,#2647,#2648,#2649),.UNSPECIFIED.,.F.,.F.,(4,2,2,2,4),(-0.736299913109094,
-0.565318481274565,-0.376636138255554,-0.188318069127777,0.),
 .UNSPECIFIED.);
#737=B_SPLINE_CURVE_WITH_KNOTS('',3,(#2658,#2659,#2660,#2661,#2662,#2663,
#2664,#2665,#2666,#2667),.UNSPECIFIED.,.F.,.F.,(4,2,2,2,4),(0.,0.188318069127777,
0.376636138255554,0.565318481274565,0.736299913109099),.UNSPECIFIED.);
#738=B_SPLINE_CURVE_WITH_KNOTS('',3,(#2671,#2672,#2673,#2674),
 .UNSPECIFIED.,.F.,.F.,(4,4),(7.02961655247714,7.02996180551933),
 .UNSPECIFIED.);
#739=B_SPLINE_CURVE_WITH_KNOTS('',3,(#2677,#2678,#2679,#2680),
 .UNSPECIFIED.,.F.,.F.,(4,4),(5.02884066453902,5.02918591758122),
 .UNSPECIFIED.);
#740=B_SPLINE_CURVE_WITH_KNOTS('',3,(#2684,#2685,#2686,#2687),
 .UNSPECIFIED.,.F.,.F.,(4,4),(-5.02889978949948,-5.02855456127328),
 .UNSPECIFIED.);
#741=B_SPLINE_CURVE_WITH_KNOTS('',3,(#2690,#2691,#2692,#2693),
 .UNSPECIFIED.,.F.,.F.,(4,4),(7.02933650827333,7.02968174221004),
 .UNSPECIFIED.);
#742=B_SPLINE_CURVE_WITH_KNOTS('',3,(#2696,#2697,#2698,#2699),
 .UNSPECIFIED.,.F.,.F.,(4,4),(5.028554561227,5.02889978945308),
 .UNSPECIFIED.);
#743=B_SPLINE_CURVE_WITH_KNOTS('',3,(#2701,#2702,#2703,#2704),
 .UNSPECIFIED.,.F.,.F.,(4,4),(5.02862040995907,5.02896564389577),
 .UNSPECIFIED.);
#744=B_SPLINE_CURVE_WITH_KNOTS('',3,(#2709,#2710,#2711,#2712),
 .UNSPECIFIED.,.F.,.F.,(4,4),(3.01454317341315,3.01776133646946),
 .UNSPECIFIED.);
#745=B_SPLINE_CURVE_WITH_KNOTS('',3,(#2717,#2718,#2719,#2720),
 .UNSPECIFIED.,.F.,.F.,(4,4),(-3.01776133646946,-3.01454317341315),
 .UNSPECIFIED.);
#746=B_SPLINE_CURVE_WITH_KNOTS('',3,(#2721,#2722,#2723,#2724,#2725,#2726,
#2727,#2728,#2729,#2730,#2731,#2732,#2733,#2734,#2735,#2736,#2737,#2738,
#2739,#2740,#2741,#2742,#2743,#2744,#2745,#2746,#2747,#2748,#2749,#2750,
#2751,#2752,#2753,#2754,#2755),.UNSPECIFIED.,.F.,.F.,(4,2,2,2,2,2,2,2,3,
2,2,2,2,2,2,2,4),(-3.01454317341315,-2.63772491217641,-2.26090665093966,
-1.88408838970292,-1.50727012846617,-1.13045259634963,-0.753635064233086,
-0.376817532116544,0.,0.376817532116542,0.753635064233084,1.13045259634963,
1.50727012846617,1.88408838970291,2.26090665093966,2.63772491217641,3.01454317341315),
 .UNSPECIFIED.);
#747=B_SPLINE_CURVE_WITH_KNOTS('',3,(#2759,#2760,#2761,#2762,#2763,#2764,
#2765,#2766,#2767,#2768,#2769,#2770,#2771,#2772,#2773,#2774,#2775,#2776,
#2777,#2778,#2779,#2780,#2781,#2782,#2783,#2784),.UNSPECIFIED.,.F.,.F.,
(4,2,2,2,2,2,2,2,2,2,2,2,4),(0.,0.0941721989194663,0.188344397838933,0.282516605150509,
0.376688812462085,0.470860972573437,0.565033132684788,0.659205300537994,
0.753377468391199,0.847549648086339,0.94172182778148,1.0358939760509,1.13006612432031),
 .UNSPECIFIED.);
#748=B_SPLINE_CURVE_WITH_KNOTS('',3,(#2786,#2787,#2788,#2789,#2790,#2791,
#2792,#2793,#2794,#2795),.UNSPECIFIED.,.F.,.F.,(4,2,2,2,4),(1.13006612432031,
1.22423834378278,1.31841056324525,1.41258275001382,1.50675493678239),
 .UNSPECIFIED.);
#749=B_SPLINE_CURVE_WITH_KNOTS('',3,(#2798,#2799,#2800,#2801,#2802,#2803,
#2804,#2805,#2806,#2807,#2808,#2809,#2810,#2811,#2812,#2813,#2814,#2815),
 .UNSPECIFIED.,.F.,.F.,(4,2,2,2,2,2,2,2,4),(0.379900855817393,0.470861065449782,
0.565033242907481,0.659205428384148,0.753377613860815,0.847549811602321,
0.941722009343827,1.03589417453669,1.12685437190612),.UNSPECIFIED.);
#750=B_SPLINE_CURVE_WITH_KNOTS('',3,(#2819,#2820,#2821,#2822,#2823,#2824,
#2825,#2826,#2827,#2828,#2829,#2830,#2831,#2832,#2833,#2834,#2835,#2836),
 .UNSPECIFIED.,.F.,.F.,(4,2,2,2,2,2,2,2,4),(0.379901108422613,0.470861376009122,
0.565033611469285,0.659205855875347,0.753378100281408,0.847550358366409,
0.94172261645141,1.03589483823263,1.1268550921423),.UNSPECIFIED.);
#751=VERTEX_POINT('',#2449);
#752=VERTEX_POINT('',#2450);
#753=VERTEX_POINT('',#2461);
#754=VERTEX_POINT('',#2463);
#755=VERTEX_POINT('',#2476);
#756=VERTEX_POINT('',#2478);
#757=VERTEX_POINT('',#2482);
#758=VERTEX_POINT('',#2493);
#759=VERTEX_POINT('',#2506);
#760=VERTEX_POINT('',#2507);
#761=VERTEX_POINT('',#2512);
#762=VERTEX_POINT('',#2548);
#763=VERTEX_POINT('',#2553);
#764=VERTEX_POINT('',#2555);
#765=VERTEX_POINT('',#2557);
#766=VERTEX_POINT('',#2559);
#767=VERTEX_POINT('',#2564);
#768=VERTEX_POINT('',#2575);
#769=VERTEX_POINT('',#2577);
#770=VERTEX_POINT('',#2588);
#771=VERTEX_POINT('',#2593);
#772=VERTEX_POINT('',#2595);
#773=VERTEX_POINT('',#2598);
#774=VERTEX_POINT('',#2599);
#775=VERTEX_POINT('',#2637);
#776=VERTEX_POINT('',#2639);
#777=VERTEX_POINT('',#2652);
#778=VERTEX_POINT('',#2656);
#779=VERTEX_POINT('',#2669);
#780=VERTEX_POINT('',#2676);
#781=VERTEX_POINT('',#2683);
#782=VERTEX_POINT('',#2688);
#783=VERTEX_POINT('',#2695);
#784=VERTEX_POINT('',#2700);
#785=VERTEX_POINT('',#2707);
#786=VERTEX_POINT('',#2708);
#787=VERTEX_POINT('',#2714);
#788=VERTEX_POINT('',#2716);
#789=VERTEX_POINT('',#2757);
#790=VERTEX_POINT('',#2758);
#791=VERTEX_POINT('',#2796);
#792=VERTEX_POINT('',#2797);
#793=VERTEX_POINT('',#2816);
#794=VERTEX_POINT('',#2818);
#795=VERTEX_POINT('',#2839);
#796=VERTEX_POINT('',#2841);
#797=VERTEX_POINT('',#2847);
#798=VERTEX_POINT('',#2849);
#799=VERTEX_POINT('',#2853);
#800=VERTEX_POINT('',#2855);
#801=VERTEX_POINT('',#2858);
#802=VERTEX_POINT('',#2860);
#803=VERTEX_POINT('',#2864);
#804=VERTEX_POINT('',#2866);
#805=VERTEX_POINT('',#2868);
#806=VERTEX_POINT('',#2870);
#807=VERTEX_POINT('',#2872);
#808=VERTEX_POINT('',#2874);
#809=VERTEX_POINT('',#2876);
#810=VERTEX_POINT('',#2878);
#811=VERTEX_POINT('',#2880);
#812=VERTEX_POINT('',#2882);
#813=VERTEX_POINT('',#2885);
#814=VERTEX_POINT('',#2887);
#815=VERTEX_POINT('',#2890);
#816=VERTEX_POINT('',#2891);
#817=VERTEX_POINT('',#2893);
#818=VERTEX_POINT('',#2895);
#819=VERTEX_POINT('',#2897);
#820=VERTEX_POINT('',#2899);
#821=VERTEX_POINT('',#2901);
#822=VERTEX_POINT('',#2903);
#823=VERTEX_POINT('',#2906);
#824=VERTEX_POINT('',#2907);
#825=VERTEX_POINT('',#2909);
#826=VERTEX_POINT('',#2911);
#827=VERTEX_POINT('',#2913);
#828=VERTEX_POINT('',#2915);
#829=VERTEX_POINT('',#2917);
#830=VERTEX_POINT('',#2919);
#831=VERTEX_POINT('',#2922);
#832=VERTEX_POINT('',#2923);
#833=VERTEX_POINT('',#2925);
#834=VERTEX_POINT('',#2927);
#835=VERTEX_POINT('',#2931);
#836=VERTEX_POINT('',#2932);
#837=VERTEX_POINT('',#2937);
#838=VERTEX_POINT('',#2941);
#839=VERTEX_POINT('',#2945);
#840=VERTEX_POINT('',#2946);
#841=VERTEX_POINT('',#2951);
#842=VERTEX_POINT('',#2955);
#843=VERTEX_POINT('',#2957);
#844=VERTEX_POINT('',#2961);
#845=VERTEX_POINT('',#2965);
#846=VERTEX_POINT('',#2969);
#847=VERTEX_POINT('',#2975);
#848=VERTEX_POINT('',#2976);
#849=VERTEX_POINT('',#2981);
#850=VERTEX_POINT('',#2985);
#851=VERTEX_POINT('',#2987);
#852=VERTEX_POINT('',#2991);
#853=VERTEX_POINT('',#2995);
#854=VERTEX_POINT('',#2999);
#855=VERTEX_POINT('',#3005);
#856=VERTEX_POINT('',#3009);
#857=VERTEX_POINT('',#3015);
#858=VERTEX_POINT('',#3017);
#859=VERTEX_POINT('',#3021);
#860=VERTEX_POINT('',#3023);
#861=VERTEX_POINT('',#3027);
#862=VERTEX_POINT('',#3028);
#863=VERTEX_POINT('',#3030);
#864=VERTEX_POINT('',#3032);
#865=VERTEX_POINT('',#3036);
#866=VERTEX_POINT('',#3037);
#867=VERTEX_POINT('',#3039);
#868=VERTEX_POINT('',#3041);
#869=VERTEX_POINT('',#3045);
#870=VERTEX_POINT('',#3047);
#871=VERTEX_POINT('',#3054);
#872=VERTEX_POINT('',#3056);
#873=VERTEX_POINT('',#3060);
#874=VERTEX_POINT('',#3061);
#875=VERTEX_POINT('',#3063);
#876=VERTEX_POINT('',#3065);
#877=VERTEX_POINT('',#3069);
#878=VERTEX_POINT('',#3070);
#879=VERTEX_POINT('',#3072);
#880=VERTEX_POINT('',#3074);
#881=VERTEX_POINT('',#3089);
#882=VERTEX_POINT('',#3091);
#883=VERTEX_POINT('',#3097);
#884=VERTEX_POINT('',#3101);
#885=VERTEX_POINT('',#3105);
#886=VERTEX_POINT('',#3107);
#887=VERTEX_POINT('',#3128);
#888=VERTEX_POINT('',#3130);
#889=VERTEX_POINT('',#3134);
#890=VERTEX_POINT('',#3136);
#891=VERTEX_POINT('',#3140);
#892=VERTEX_POINT('',#3141);
#893=VERTEX_POINT('',#3143);
#894=VERTEX_POINT('',#3145);
#895=VERTEX_POINT('',#3149);
#896=VERTEX_POINT('',#3150);
#897=VERTEX_POINT('',#3152);
#898=VERTEX_POINT('',#3154);
#899=VERTEX_POINT('',#3158);
#900=VERTEX_POINT('',#3159);
#901=VERTEX_POINT('',#3161);
#902=VERTEX_POINT('',#3163);
#903=VERTEX_POINT('',#3170);
#904=VERTEX_POINT('',#3171);
#905=VERTEX_POINT('',#3173);
#906=VERTEX_POINT('',#3175);
#907=VERTEX_POINT('',#3179);
#908=VERTEX_POINT('',#3180);
#909=VERTEX_POINT('',#3182);
#910=VERTEX_POINT('',#3184);
#911=VERTEX_POINT('',#3188);
#912=VERTEX_POINT('',#3189);
#913=VERTEX_POINT('',#3191);
#914=VERTEX_POINT('',#3193);
#915=VERTEX_POINT('',#3208);
#916=VERTEX_POINT('',#3209);
#917=VERTEX_POINT('',#3211);
#918=VERTEX_POINT('',#3213);
#919=VERTEX_POINT('',#3220);
#920=VERTEX_POINT('',#3221);
#921=VERTEX_POINT('',#3226);
#922=VERTEX_POINT('',#3228);
#923=VERTEX_POINT('',#3233);
#924=VERTEX_POINT('',#3235);
#925=VERTEX_POINT('',#3245);
#926=VERTEX_POINT('',#3249);
#927=EDGE_CURVE('',#751,#752,#723,.T.);
#928=EDGE_CURVE('',#753,#752,#345,.T.);
#929=EDGE_CURVE('',#754,#753,#724,.T.);
#930=EDGE_CURVE('',#754,#751,#346,.T.);
#931=EDGE_CURVE('',#752,#755,#347,.T.);
#932=EDGE_CURVE('',#756,#755,#348,.T.);
#933=EDGE_CURVE('',#753,#756,#349,.T.);
#934=EDGE_CURVE('',#755,#757,#725,.T.);
#935=EDGE_CURVE('',#758,#757,#350,.T.);
#936=EDGE_CURVE('',#756,#758,#726,.T.);
#937=EDGE_CURVE('',#759,#760,#727,.T.);
#938=EDGE_CURVE('',#761,#759,#728,.T.);
#939=EDGE_CURVE('',#762,#761,#729,.T.);
#940=EDGE_CURVE('',#763,#762,#36,.T.);
#941=EDGE_CURVE('',#763,#764,#351,.T.);
#942=EDGE_CURVE('',#764,#765,#37,.T.);
#943=EDGE_CURVE('',#766,#765,#730,.T.);
#944=EDGE_CURVE('',#767,#766,#731,.T.);
#945=EDGE_CURVE('',#768,#767,#352,.T.);
#946=EDGE_CURVE('',#769,#768,#732,.T.);
#947=EDGE_CURVE('',#770,#769,#733,.T.);
#948=EDGE_CURVE('',#771,#770,#38,.T.);
#949=EDGE_CURVE('',#771,#772,#353,.T.);
#950=EDGE_CURVE('',#772,#760,#39,.T.);
#951=EDGE_CURVE('',#773,#774,#734,.T.);
#952=EDGE_CURVE('',#774,#773,#735,.T.);
#953=EDGE_CURVE('',#768,#775,#354,.T.);
#954=EDGE_CURVE('',#776,#775,#736,.T.);
#955=EDGE_CURVE('',#769,#776,#355,.T.);
#956=EDGE_CURVE('',#767,#777,#356,.T.);
#957=EDGE_CURVE('',#775,#777,#357,.T.);
#958=EDGE_CURVE('',#766,#778,#358,.T.);
#959=EDGE_CURVE('',#777,#778,#737,.T.);
#960=EDGE_CURVE('',#779,#765,#359,.T.);
#961=EDGE_CURVE('',#778,#779,#738,.T.);
#962=EDGE_CURVE('',#780,#776,#739,.T.);
#963=EDGE_CURVE('',#770,#780,#360,.T.);
#964=EDGE_CURVE('',#757,#781,#740,.T.);
#965=EDGE_CURVE('',#782,#781,#361,.T.);
#966=EDGE_CURVE('',#758,#782,#741,.T.);
#967=EDGE_CURVE('',#783,#751,#742,.T.);
#968=EDGE_CURVE('',#784,#754,#743,.T.);
#969=EDGE_CURVE('',#783,#784,#362,.T.);
#970=EDGE_CURVE('',#785,#786,#744,.T.);
#971=EDGE_CURVE('',#762,#786,#363,.T.);
#972=EDGE_CURVE('',#787,#760,#364,.T.);
#973=EDGE_CURVE('',#787,#788,#745,.T.);
#974=EDGE_CURVE('',#788,#785,#746,.T.);
#975=EDGE_CURVE('',#789,#790,#747,.T.);
#976=EDGE_CURVE('',#790,#774,#365,.T.);
#977=EDGE_CURVE('',#790,#789,#748,.T.);
#978=EDGE_CURVE('',#791,#792,#749,.T.);
#979=EDGE_CURVE('',#793,#791,#366,.T.);
#980=EDGE_CURVE('',#794,#793,#750,.T.);
#981=EDGE_CURVE('',#792,#794,#367,.T.);
#982=EDGE_CURVE('',#795,#779,#40,.T.);
#983=EDGE_CURVE('',#796,#795,#368,.T.);
#984=EDGE_CURVE('',#780,#796,#41,.T.);
#985=EDGE_CURVE('',#794,#793,#369,.T.);
#986=EDGE_CURVE('',#797,#782,#42,.T.);
#987=EDGE_CURVE('',#798,#797,#370,.T.);
#988=EDGE_CURVE('',#784,#798,#43,.T.);
#989=EDGE_CURVE('',#787,#799,#44,.T.);
#990=EDGE_CURVE('',#800,#799,#371,.T.);
#991=EDGE_CURVE('',#781,#800,#45,.T.);
#992=EDGE_CURVE('',#783,#801,#46,.T.);
#993=EDGE_CURVE('',#802,#801,#372,.T.);
#994=EDGE_CURVE('',#786,#802,#47,.T.);
#995=EDGE_CURVE('',#803,#764,#48,.T.);
#996=EDGE_CURVE('',#804,#803,#373,.T.);
#997=EDGE_CURVE('',#804,#805,#374,.T.);
#998=EDGE_CURVE('',#806,#805,#375,.T.);
#999=EDGE_CURVE('',#807,#806,#49,.T.);
#1000=EDGE_CURVE('',#808,#807,#376,.T.);
#1001=EDGE_CURVE('',#809,#808,#50,.T.);
#1002=EDGE_CURVE('',#810,#809,#377,.T.);
#1003=EDGE_CURVE('',#810,#811,#378,.T.);
#1004=EDGE_CURVE('',#812,#811,#379,.T.);
#1005=EDGE_CURVE('',#801,#812,#380,.T.);
#1006=EDGE_CURVE('',#813,#798,#381,.F.);
#1007=EDGE_CURVE('',#813,#814,#382,.T.);
#1008=EDGE_CURVE('',#795,#814,#383,.F.);
#1009=EDGE_CURVE('',#815,#816,#384,.T.);
#1010=EDGE_CURVE('',#817,#816,#385,.F.);
#1011=EDGE_CURVE('',#817,#818,#51,.T.);
#1012=EDGE_CURVE('',#819,#818,#386,.F.);
#1013=EDGE_CURVE('',#819,#820,#387,.T.);
#1014=EDGE_CURVE('',#821,#820,#388,.F.);
#1015=EDGE_CURVE('',#821,#822,#52,.T.);
#1016=EDGE_CURVE('',#815,#822,#389,.F.);
#1017=EDGE_CURVE('',#823,#824,#390,.T.);
#1018=EDGE_CURVE('',#825,#824,#391,.F.);
#1019=EDGE_CURVE('',#825,#826,#53,.T.);
#1020=EDGE_CURVE('',#827,#826,#392,.F.);
#1021=EDGE_CURVE('',#827,#828,#393,.T.);
#1022=EDGE_CURVE('',#829,#828,#394,.F.);
#1023=EDGE_CURVE('',#829,#830,#54,.T.);
#1024=EDGE_CURVE('',#823,#830,#395,.F.);
#1025=EDGE_CURVE('',#831,#832,#396,.T.);
#1026=EDGE_CURVE('',#833,#832,#55,.F.);
#1027=EDGE_CURVE('',#833,#834,#397,.T.);
#1028=EDGE_CURVE('',#831,#834,#56,.F.);
#1029=EDGE_CURVE('',#835,#836,#57,.F.);
#1030=EDGE_CURVE('',#836,#831,#398,.T.);
#1031=EDGE_CURVE('',#834,#835,#399,.T.);
#1032=EDGE_CURVE('',#837,#836,#400,.T.);
#1033=EDGE_CURVE('',#832,#837,#401,.T.);
#1034=EDGE_CURVE('',#837,#838,#58,.F.);
#1035=EDGE_CURVE('',#838,#833,#402,.T.);
#1036=EDGE_CURVE('',#839,#840,#403,.F.);
#1037=EDGE_CURVE('',#840,#823,#404,.T.);
#1038=EDGE_CURVE('',#830,#839,#405,.T.);
#1039=EDGE_CURVE('',#841,#840,#406,.T.);
#1040=EDGE_CURVE('',#824,#841,#407,.T.);
#1041=EDGE_CURVE('',#828,#842,#408,.T.);
#1042=EDGE_CURVE('',#842,#843,#409,.F.);
#1043=EDGE_CURVE('',#843,#829,#410,.T.);
#1044=EDGE_CURVE('',#844,#827,#411,.T.);
#1045=EDGE_CURVE('',#842,#844,#412,.T.);
#1046=EDGE_CURVE('',#841,#845,#413,.F.);
#1047=EDGE_CURVE('',#845,#825,#414,.T.);
#1048=EDGE_CURVE('',#826,#846,#415,.T.);
#1049=EDGE_CURVE('',#846,#844,#416,.F.);
#1050=EDGE_CURVE('',#846,#845,#59,.T.);
#1051=EDGE_CURVE('',#847,#848,#417,.F.);
#1052=EDGE_CURVE('',#848,#815,#418,.T.);
#1053=EDGE_CURVE('',#822,#847,#419,.T.);
#1054=EDGE_CURVE('',#849,#848,#420,.T.);
#1055=EDGE_CURVE('',#816,#849,#421,.T.);
#1056=EDGE_CURVE('',#820,#850,#422,.T.);
#1057=EDGE_CURVE('',#850,#851,#423,.F.);
#1058=EDGE_CURVE('',#851,#821,#424,.T.);
#1059=EDGE_CURVE('',#852,#819,#425,.T.);
#1060=EDGE_CURVE('',#850,#852,#426,.T.);
#1061=EDGE_CURVE('',#818,#853,#427,.T.);
#1062=EDGE_CURVE('',#853,#852,#428,.F.);
#1063=EDGE_CURVE('',#854,#817,#429,.T.);
#1064=EDGE_CURVE('',#853,#854,#60,.T.);
#1065=EDGE_CURVE('',#849,#854,#430,.F.);
#1066=EDGE_CURVE('',#855,#796,#431,.F.);
#1067=EDGE_CURVE('',#814,#855,#432,.T.);
#1068=EDGE_CURVE('',#797,#856,#433,.F.);
#1069=EDGE_CURVE('',#856,#813,#434,.T.);
#1070=EDGE_CURVE('',#792,#791,#435,.T.);
#1071=EDGE_CURVE('',#857,#857,#61,.T.);
#1072=EDGE_CURVE('',#857,#858,#436,.T.);
#1073=EDGE_CURVE('',#858,#858,#62,.T.);
#1074=EDGE_CURVE('',#859,#859,#63,.T.);
#1075=EDGE_CURVE('',#859,#860,#437,.T.);
#1076=EDGE_CURVE('',#860,#860,#64,.T.);
#1077=EDGE_CURVE('',#861,#862,#438,.F.);
#1078=EDGE_CURVE('',#863,#861,#439,.F.);
#1079=EDGE_CURVE('',#864,#863,#440,.T.);
#1080=EDGE_CURVE('',#862,#864,#441,.T.);
#1081=EDGE_CURVE('',#865,#866,#442,.F.);
#1082=EDGE_CURVE('',#865,#867,#443,.F.);
#1083=EDGE_CURVE('',#868,#867,#444,.T.);
#1084=EDGE_CURVE('',#866,#868,#445,.F.);
#1085=EDGE_CURVE('',#869,#810,#446,.T.);
#1086=EDGE_CURVE('',#870,#809,#447,.T.);
#1087=EDGE_CURVE('',#869,#870,#448,.T.);
#1088=EDGE_CURVE('',#863,#868,#449,.F.);
#1089=EDGE_CURVE('',#864,#867,#450,.T.);
#1090=EDGE_CURVE('',#811,#871,#451,.T.);
#1091=EDGE_CURVE('',#872,#871,#452,.T.);
#1092=EDGE_CURVE('',#812,#872,#453,.T.);
#1093=EDGE_CURVE('',#873,#874,#454,.F.);
#1094=EDGE_CURVE('',#873,#875,#455,.F.);
#1095=EDGE_CURVE('',#876,#875,#456,.T.);
#1096=EDGE_CURVE('',#874,#876,#457,.T.);
#1097=EDGE_CURVE('',#877,#878,#458,.F.);
#1098=EDGE_CURVE('',#879,#877,#459,.T.);
#1099=EDGE_CURVE('',#880,#879,#460,.T.);
#1100=EDGE_CURVE('',#878,#880,#461,.T.);
#1101=EDGE_CURVE('',#880,#875,#462,.T.);
#1102=EDGE_CURVE('',#879,#876,#463,.F.);
#1103=EDGE_CURVE('',#877,#874,#464,.F.);
#1104=EDGE_CURVE('',#873,#878,#465,.T.);
#1105=EDGE_CURVE('',#865,#862,#466,.T.);
#1106=EDGE_CURVE('',#861,#866,#467,.F.);
#1107=EDGE_CURVE('',#881,#804,#468,.T.);
#1108=EDGE_CURVE('',#882,#803,#469,.T.);
#1109=EDGE_CURVE('',#881,#882,#470,.T.);
#1110=EDGE_CURVE('',#871,#869,#471,.T.);
#1111=EDGE_CURVE('',#805,#883,#472,.T.);
#1112=EDGE_CURVE('',#883,#881,#473,.T.);
#1113=EDGE_CURVE('',#884,#883,#474,.T.);
#1114=EDGE_CURVE('',#884,#806,#475,.T.);
#1115=EDGE_CURVE('',#870,#885,#65,.T.);
#1116=EDGE_CURVE('',#885,#886,#476,.T.);
#1117=EDGE_CURVE('',#886,#884,#66,.T.);
#1118=EDGE_CURVE('',#882,#763,#67,.T.);
#1119=EDGE_CURVE('',#802,#872,#477,.T.);
#1120=EDGE_CURVE('',#886,#807,#478,.T.);
#1121=EDGE_CURVE('',#885,#808,#479,.T.);
#1122=EDGE_CURVE('',#835,#838,#480,.T.);
#1123=EDGE_CURVE('',#855,#856,#481,.T.);
#1124=EDGE_CURVE('',#839,#843,#68,.T.);
#1125=EDGE_CURVE('',#847,#851,#69,.T.);
#1126=EDGE_CURVE('',#887,#887,#70,.T.);
#1127=EDGE_CURVE('',#887,#888,#482,.T.);
#1128=EDGE_CURVE('',#888,#888,#71,.T.);
#1129=EDGE_CURVE('',#889,#889,#72,.T.);
#1130=EDGE_CURVE('',#889,#890,#483,.T.);
#1131=EDGE_CURVE('',#890,#890,#73,.T.);
#1132=EDGE_CURVE('',#891,#892,#484,.F.);
#1133=EDGE_CURVE('',#893,#891,#485,.F.);
#1134=EDGE_CURVE('',#894,#893,#486,.T.);
#1135=EDGE_CURVE('',#892,#894,#487,.T.);
#1136=EDGE_CURVE('',#895,#896,#488,.F.);
#1137=EDGE_CURVE('',#895,#897,#489,.F.);
#1138=EDGE_CURVE('',#898,#897,#490,.T.);
#1139=EDGE_CURVE('',#896,#898,#491,.F.);
#1140=EDGE_CURVE('',#899,#900,#492,.T.);
#1141=EDGE_CURVE('',#900,#901,#493,.T.);
#1142=EDGE_CURVE('',#902,#901,#494,.T.);
#1143=EDGE_CURVE('',#899,#902,#495,.T.);
#1144=EDGE_CURVE('',#893,#898,#496,.F.);
#1145=EDGE_CURVE('',#894,#897,#497,.T.);
#1146=EDGE_CURVE('',#903,#904,#498,.T.);
#1147=EDGE_CURVE('',#905,#904,#499,.T.);
#1148=EDGE_CURVE('',#906,#905,#500,.T.);
#1149=EDGE_CURVE('',#906,#903,#501,.T.);
#1150=EDGE_CURVE('',#907,#908,#502,.F.);
#1151=EDGE_CURVE('',#907,#909,#503,.F.);
#1152=EDGE_CURVE('',#910,#909,#504,.T.);
#1153=EDGE_CURVE('',#908,#910,#505,.T.);
#1154=EDGE_CURVE('',#911,#912,#506,.F.);
#1155=EDGE_CURVE('',#913,#911,#507,.T.);
#1156=EDGE_CURVE('',#914,#913,#508,.T.);
#1157=EDGE_CURVE('',#912,#914,#509,.T.);
#1158=EDGE_CURVE('',#914,#909,#510,.T.);
#1159=EDGE_CURVE('',#913,#910,#511,.F.);
#1160=EDGE_CURVE('',#911,#908,#512,.F.);
#1161=EDGE_CURVE('',#907,#912,#513,.T.);
#1162=EDGE_CURVE('',#895,#892,#514,.T.);
#1163=EDGE_CURVE('',#891,#896,#515,.F.);
#1164=EDGE_CURVE('',#915,#916,#516,.T.);
#1165=EDGE_CURVE('',#916,#917,#517,.T.);
#1166=EDGE_CURVE('',#918,#917,#518,.T.);
#1167=EDGE_CURVE('',#915,#918,#519,.T.);
#1168=EDGE_CURVE('',#904,#899,#520,.T.);
#1169=EDGE_CURVE('',#900,#903,#521,.T.);
#1170=EDGE_CURVE('',#919,#920,#522,.T.);
#1171=EDGE_CURVE('',#916,#919,#523,.T.);
#1172=EDGE_CURVE('',#920,#915,#524,.T.);
#1173=EDGE_CURVE('',#921,#920,#525,.T.);
#1174=EDGE_CURVE('',#921,#922,#526,.T.);
#1175=EDGE_CURVE('',#922,#919,#527,.T.);
#1176=EDGE_CURVE('',#800,#905,#528,.T.);
#1177=EDGE_CURVE('',#902,#923,#74,.T.);
#1178=EDGE_CURVE('',#923,#924,#529,.T.);
#1179=EDGE_CURVE('',#924,#921,#75,.T.);
#1180=EDGE_CURVE('',#918,#771,#76,.T.);
#1181=EDGE_CURVE('',#799,#906,#530,.T.);
#1182=EDGE_CURVE('',#917,#772,#77,.T.);
#1183=EDGE_CURVE('',#925,#922,#78,.T.);
#1184=EDGE_CURVE('',#924,#925,#531,.T.);
#1185=EDGE_CURVE('',#901,#926,#79,.T.);
#1186=EDGE_CURVE('',#923,#926,#532,.T.);
#1187=EDGE_CURVE('',#926,#925,#533,.T.);
#1188=ORIENTED_EDGE('',*,*,#927,.T.);
#1189=ORIENTED_EDGE('',*,*,#928,.F.);
#1190=ORIENTED_EDGE('',*,*,#929,.F.);
#1191=ORIENTED_EDGE('',*,*,#930,.T.);
#1192=ORIENTED_EDGE('',*,*,#931,.T.);
#1193=ORIENTED_EDGE('',*,*,#932,.F.);
#1194=ORIENTED_EDGE('',*,*,#933,.F.);
#1195=ORIENTED_EDGE('',*,*,#928,.T.);
#1196=ORIENTED_EDGE('',*,*,#934,.T.);
#1197=ORIENTED_EDGE('',*,*,#935,.F.);
#1198=ORIENTED_EDGE('',*,*,#936,.F.);
#1199=ORIENTED_EDGE('',*,*,#932,.T.);
#1200=ORIENTED_EDGE('',*,*,#937,.F.);
#1201=ORIENTED_EDGE('',*,*,#938,.F.);
#1202=ORIENTED_EDGE('',*,*,#939,.F.);
#1203=ORIENTED_EDGE('',*,*,#940,.F.);
#1204=ORIENTED_EDGE('',*,*,#941,.T.);
#1205=ORIENTED_EDGE('',*,*,#942,.T.);
#1206=ORIENTED_EDGE('',*,*,#943,.F.);
#1207=ORIENTED_EDGE('',*,*,#944,.F.);
#1208=ORIENTED_EDGE('',*,*,#945,.F.);
#1209=ORIENTED_EDGE('',*,*,#946,.F.);
#1210=ORIENTED_EDGE('',*,*,#947,.F.);
#1211=ORIENTED_EDGE('',*,*,#948,.F.);
#1212=ORIENTED_EDGE('',*,*,#949,.T.);
#1213=ORIENTED_EDGE('',*,*,#950,.T.);
#1214=ORIENTED_EDGE('',*,*,#951,.F.);
#1215=ORIENTED_EDGE('',*,*,#952,.F.);
#1216=ORIENTED_EDGE('',*,*,#946,.T.);
#1217=ORIENTED_EDGE('',*,*,#953,.T.);
#1218=ORIENTED_EDGE('',*,*,#954,.F.);
#1219=ORIENTED_EDGE('',*,*,#955,.F.);
#1220=ORIENTED_EDGE('',*,*,#945,.T.);
#1221=ORIENTED_EDGE('',*,*,#956,.T.);
#1222=ORIENTED_EDGE('',*,*,#957,.F.);
#1223=ORIENTED_EDGE('',*,*,#953,.F.);
#1224=ORIENTED_EDGE('',*,*,#944,.T.);
#1225=ORIENTED_EDGE('',*,*,#958,.T.);
#1226=ORIENTED_EDGE('',*,*,#959,.F.);
#1227=ORIENTED_EDGE('',*,*,#956,.F.);
#1228=ORIENTED_EDGE('',*,*,#943,.T.);
#1229=ORIENTED_EDGE('',*,*,#960,.F.);
#1230=ORIENTED_EDGE('',*,*,#961,.F.);
#1231=ORIENTED_EDGE('',*,*,#958,.F.);
#1232=ORIENTED_EDGE('',*,*,#947,.T.);
#1233=ORIENTED_EDGE('',*,*,#955,.T.);
#1234=ORIENTED_EDGE('',*,*,#962,.F.);
#1235=ORIENTED_EDGE('',*,*,#963,.F.);
#1236=ORIENTED_EDGE('',*,*,#964,.T.);
#1237=ORIENTED_EDGE('',*,*,#965,.F.);
#1238=ORIENTED_EDGE('',*,*,#966,.F.);
#1239=ORIENTED_EDGE('',*,*,#935,.T.);
#1240=ORIENTED_EDGE('',*,*,#967,.T.);
#1241=ORIENTED_EDGE('',*,*,#930,.F.);
#1242=ORIENTED_EDGE('',*,*,#968,.F.);
#1243=ORIENTED_EDGE('',*,*,#969,.F.);
#1244=ORIENTED_EDGE('',*,*,#970,.T.);
#1245=ORIENTED_EDGE('',*,*,#971,.F.);
#1246=ORIENTED_EDGE('',*,*,#939,.T.);
#1247=ORIENTED_EDGE('',*,*,#938,.T.);
#1248=ORIENTED_EDGE('',*,*,#937,.T.);
#1249=ORIENTED_EDGE('',*,*,#972,.F.);
#1250=ORIENTED_EDGE('',*,*,#973,.T.);
#1251=ORIENTED_EDGE('',*,*,#974,.T.);
#1252=ORIENTED_EDGE('',*,*,#975,.T.);
#1253=ORIENTED_EDGE('',*,*,#976,.T.);
#1254=ORIENTED_EDGE('',*,*,#952,.T.);
#1255=ORIENTED_EDGE('',*,*,#951,.T.);
#1256=ORIENTED_EDGE('',*,*,#976,.F.);
#1257=ORIENTED_EDGE('',*,*,#977,.T.);
#1258=ORIENTED_EDGE('',*,*,#978,.F.);
#1259=ORIENTED_EDGE('',*,*,#979,.F.);
#1260=ORIENTED_EDGE('',*,*,#980,.F.);
#1261=ORIENTED_EDGE('',*,*,#981,.F.);
#1262=ORIENTED_EDGE('',*,*,#962,.T.);
#1263=ORIENTED_EDGE('',*,*,#954,.T.);
#1264=ORIENTED_EDGE('',*,*,#957,.T.);
#1265=ORIENTED_EDGE('',*,*,#959,.T.);
#1266=ORIENTED_EDGE('',*,*,#961,.T.);
#1267=ORIENTED_EDGE('',*,*,#982,.F.);
#1268=ORIENTED_EDGE('',*,*,#983,.F.);
#1269=ORIENTED_EDGE('',*,*,#984,.F.);
#1270=ORIENTED_EDGE('',*,*,#980,.T.);
#1271=ORIENTED_EDGE('',*,*,#985,.F.);
#1272=ORIENTED_EDGE('',*,*,#966,.T.);
#1273=ORIENTED_EDGE('',*,*,#986,.F.);
#1274=ORIENTED_EDGE('',*,*,#987,.F.);
#1275=ORIENTED_EDGE('',*,*,#988,.F.);
#1276=ORIENTED_EDGE('',*,*,#968,.T.);
#1277=ORIENTED_EDGE('',*,*,#929,.T.);
#1278=ORIENTED_EDGE('',*,*,#933,.T.);
#1279=ORIENTED_EDGE('',*,*,#936,.T.);
#1280=ORIENTED_EDGE('',*,*,#989,.T.);
#1281=ORIENTED_EDGE('',*,*,#990,.F.);
#1282=ORIENTED_EDGE('',*,*,#991,.F.);
#1283=ORIENTED_EDGE('',*,*,#964,.F.);
#1284=ORIENTED_EDGE('',*,*,#934,.F.);
#1285=ORIENTED_EDGE('',*,*,#931,.F.);
#1286=ORIENTED_EDGE('',*,*,#927,.F.);
#1287=ORIENTED_EDGE('',*,*,#967,.F.);
#1288=ORIENTED_EDGE('',*,*,#992,.T.);
#1289=ORIENTED_EDGE('',*,*,#993,.F.);
#1290=ORIENTED_EDGE('',*,*,#994,.F.);
#1291=ORIENTED_EDGE('',*,*,#970,.F.);
#1292=ORIENTED_EDGE('',*,*,#974,.F.);
#1293=ORIENTED_EDGE('',*,*,#973,.F.);
#1294=ORIENTED_EDGE('',*,*,#975,.F.);
#1295=ORIENTED_EDGE('',*,*,#977,.F.);
#1296=ORIENTED_EDGE('',*,*,#960,.T.);
#1297=ORIENTED_EDGE('',*,*,#942,.F.);
#1298=ORIENTED_EDGE('',*,*,#995,.F.);
#1299=ORIENTED_EDGE('',*,*,#996,.F.);
#1300=ORIENTED_EDGE('',*,*,#997,.T.);
#1301=ORIENTED_EDGE('',*,*,#998,.F.);
#1302=ORIENTED_EDGE('',*,*,#999,.F.);
#1303=ORIENTED_EDGE('',*,*,#1000,.F.);
#1304=ORIENTED_EDGE('',*,*,#1001,.F.);
#1305=ORIENTED_EDGE('',*,*,#1002,.F.);
#1306=ORIENTED_EDGE('',*,*,#1003,.T.);
#1307=ORIENTED_EDGE('',*,*,#1004,.F.);
#1308=ORIENTED_EDGE('',*,*,#1005,.F.);
#1309=ORIENTED_EDGE('',*,*,#992,.F.);
#1310=ORIENTED_EDGE('',*,*,#969,.T.);
#1311=ORIENTED_EDGE('',*,*,#988,.T.);
#1312=ORIENTED_EDGE('',*,*,#1006,.F.);
#1313=ORIENTED_EDGE('',*,*,#1007,.T.);
#1314=ORIENTED_EDGE('',*,*,#1008,.F.);
#1315=ORIENTED_EDGE('',*,*,#982,.T.);
#1316=ORIENTED_EDGE('',*,*,#1009,.T.);
#1317=ORIENTED_EDGE('',*,*,#1010,.F.);
#1318=ORIENTED_EDGE('',*,*,#1011,.T.);
#1319=ORIENTED_EDGE('',*,*,#1012,.F.);
#1320=ORIENTED_EDGE('',*,*,#1013,.T.);
#1321=ORIENTED_EDGE('',*,*,#1014,.F.);
#1322=ORIENTED_EDGE('',*,*,#1015,.T.);
#1323=ORIENTED_EDGE('',*,*,#1016,.F.);
#1324=ORIENTED_EDGE('',*,*,#1017,.T.);
#1325=ORIENTED_EDGE('',*,*,#1018,.F.);
#1326=ORIENTED_EDGE('',*,*,#1019,.T.);
#1327=ORIENTED_EDGE('',*,*,#1020,.F.);
#1328=ORIENTED_EDGE('',*,*,#1021,.T.);
#1329=ORIENTED_EDGE('',*,*,#1022,.F.);
#1330=ORIENTED_EDGE('',*,*,#1023,.T.);
#1331=ORIENTED_EDGE('',*,*,#1024,.F.);
#1332=ORIENTED_EDGE('',*,*,#1025,.T.);
#1333=ORIENTED_EDGE('',*,*,#1026,.F.);
#1334=ORIENTED_EDGE('',*,*,#1027,.T.);
#1335=ORIENTED_EDGE('',*,*,#1028,.F.);
#1336=ORIENTED_EDGE('',*,*,#1029,.T.);
#1337=ORIENTED_EDGE('',*,*,#1030,.T.);
#1338=ORIENTED_EDGE('',*,*,#1028,.T.);
#1339=ORIENTED_EDGE('',*,*,#1031,.T.);
#1340=ORIENTED_EDGE('',*,*,#1030,.F.);
#1341=ORIENTED_EDGE('',*,*,#1032,.F.);
#1342=ORIENTED_EDGE('',*,*,#1033,.F.);
#1343=ORIENTED_EDGE('',*,*,#1025,.F.);
#1344=ORIENTED_EDGE('',*,*,#1026,.T.);
#1345=ORIENTED_EDGE('',*,*,#1033,.T.);
#1346=ORIENTED_EDGE('',*,*,#1034,.T.);
#1347=ORIENTED_EDGE('',*,*,#1035,.T.);
#1348=ORIENTED_EDGE('',*,*,#1036,.T.);
#1349=ORIENTED_EDGE('',*,*,#1037,.T.);
#1350=ORIENTED_EDGE('',*,*,#1024,.T.);
#1351=ORIENTED_EDGE('',*,*,#1038,.T.);
#1352=ORIENTED_EDGE('',*,*,#1037,.F.);
#1353=ORIENTED_EDGE('',*,*,#1039,.F.);
#1354=ORIENTED_EDGE('',*,*,#1040,.F.);
#1355=ORIENTED_EDGE('',*,*,#1017,.F.);
#1356=ORIENTED_EDGE('',*,*,#1022,.T.);
#1357=ORIENTED_EDGE('',*,*,#1041,.T.);
#1358=ORIENTED_EDGE('',*,*,#1042,.T.);
#1359=ORIENTED_EDGE('',*,*,#1043,.T.);
#1360=ORIENTED_EDGE('',*,*,#1041,.F.);
#1361=ORIENTED_EDGE('',*,*,#1021,.F.);
#1362=ORIENTED_EDGE('',*,*,#1044,.F.);
#1363=ORIENTED_EDGE('',*,*,#1045,.F.);
#1364=ORIENTED_EDGE('',*,*,#1018,.T.);
#1365=ORIENTED_EDGE('',*,*,#1040,.T.);
#1366=ORIENTED_EDGE('',*,*,#1046,.T.);
#1367=ORIENTED_EDGE('',*,*,#1047,.T.);
#1368=ORIENTED_EDGE('',*,*,#1020,.T.);
#1369=ORIENTED_EDGE('',*,*,#1048,.T.);
#1370=ORIENTED_EDGE('',*,*,#1049,.T.);
#1371=ORIENTED_EDGE('',*,*,#1044,.T.);
#1372=ORIENTED_EDGE('',*,*,#1047,.F.);
#1373=ORIENTED_EDGE('',*,*,#1050,.F.);
#1374=ORIENTED_EDGE('',*,*,#1048,.F.);
#1375=ORIENTED_EDGE('',*,*,#1019,.F.);
#1376=ORIENTED_EDGE('',*,*,#1051,.T.);
#1377=ORIENTED_EDGE('',*,*,#1052,.T.);
#1378=ORIENTED_EDGE('',*,*,#1016,.T.);
#1379=ORIENTED_EDGE('',*,*,#1053,.T.);
#1380=ORIENTED_EDGE('',*,*,#1052,.F.);
#1381=ORIENTED_EDGE('',*,*,#1054,.F.);
#1382=ORIENTED_EDGE('',*,*,#1055,.F.);
#1383=ORIENTED_EDGE('',*,*,#1009,.F.);
#1384=ORIENTED_EDGE('',*,*,#1014,.T.);
#1385=ORIENTED_EDGE('',*,*,#1056,.T.);
#1386=ORIENTED_EDGE('',*,*,#1057,.T.);
#1387=ORIENTED_EDGE('',*,*,#1058,.T.);
#1388=ORIENTED_EDGE('',*,*,#1056,.F.);
#1389=ORIENTED_EDGE('',*,*,#1013,.F.);
#1390=ORIENTED_EDGE('',*,*,#1059,.F.);
#1391=ORIENTED_EDGE('',*,*,#1060,.F.);
#1392=ORIENTED_EDGE('',*,*,#1012,.T.);
#1393=ORIENTED_EDGE('',*,*,#1061,.T.);
#1394=ORIENTED_EDGE('',*,*,#1062,.T.);
#1395=ORIENTED_EDGE('',*,*,#1059,.T.);
#1396=ORIENTED_EDGE('',*,*,#1061,.F.);
#1397=ORIENTED_EDGE('',*,*,#1011,.F.);
#1398=ORIENTED_EDGE('',*,*,#1063,.F.);
#1399=ORIENTED_EDGE('',*,*,#1064,.F.);
#1400=ORIENTED_EDGE('',*,*,#1010,.T.);
#1401=ORIENTED_EDGE('',*,*,#1055,.T.);
#1402=ORIENTED_EDGE('',*,*,#1065,.T.);
#1403=ORIENTED_EDGE('',*,*,#1063,.T.);
#1404=ORIENTED_EDGE('',*,*,#1066,.T.);
#1405=ORIENTED_EDGE('',*,*,#983,.T.);
#1406=ORIENTED_EDGE('',*,*,#1008,.T.);
#1407=ORIENTED_EDGE('',*,*,#1067,.T.);
#1408=ORIENTED_EDGE('',*,*,#1006,.T.);
#1409=ORIENTED_EDGE('',*,*,#987,.T.);
#1410=ORIENTED_EDGE('',*,*,#1068,.T.);
#1411=ORIENTED_EDGE('',*,*,#1069,.T.);
#1412=ORIENTED_EDGE('',*,*,#978,.T.);
#1413=ORIENTED_EDGE('',*,*,#1070,.T.);
#1414=ORIENTED_EDGE('',*,*,#1071,.F.);
#1415=ORIENTED_EDGE('',*,*,#1072,.T.);
#1416=ORIENTED_EDGE('',*,*,#1073,.F.);
#1417=ORIENTED_EDGE('',*,*,#1072,.F.);
#1418=ORIENTED_EDGE('',*,*,#1074,.F.);
#1419=ORIENTED_EDGE('',*,*,#1075,.T.);
#1420=ORIENTED_EDGE('',*,*,#1076,.F.);
#1421=ORIENTED_EDGE('',*,*,#1075,.F.);
#1422=ORIENTED_EDGE('',*,*,#1077,.F.);
#1423=ORIENTED_EDGE('',*,*,#1078,.F.);
#1424=ORIENTED_EDGE('',*,*,#1079,.F.);
#1425=ORIENTED_EDGE('',*,*,#1080,.F.);
#1426=ORIENTED_EDGE('',*,*,#1081,.F.);
#1427=ORIENTED_EDGE('',*,*,#1082,.T.);
#1428=ORIENTED_EDGE('',*,*,#1083,.F.);
#1429=ORIENTED_EDGE('',*,*,#1084,.F.);
#1430=ORIENTED_EDGE('',*,*,#1085,.T.);
#1431=ORIENTED_EDGE('',*,*,#1002,.T.);
#1432=ORIENTED_EDGE('',*,*,#1086,.F.);
#1433=ORIENTED_EDGE('',*,*,#1087,.F.);
#1434=ORIENTED_EDGE('',*,*,#1079,.T.);
#1435=ORIENTED_EDGE('',*,*,#1088,.T.);
#1436=ORIENTED_EDGE('',*,*,#1083,.T.);
#1437=ORIENTED_EDGE('',*,*,#1089,.F.);
#1438=ORIENTED_EDGE('',*,*,#1076,.T.);
#1439=ORIENTED_EDGE('',*,*,#1090,.T.);
#1440=ORIENTED_EDGE('',*,*,#1091,.F.);
#1441=ORIENTED_EDGE('',*,*,#1092,.F.);
#1442=ORIENTED_EDGE('',*,*,#1004,.T.);
#1443=ORIENTED_EDGE('',*,*,#1093,.F.);
#1444=ORIENTED_EDGE('',*,*,#1094,.T.);
#1445=ORIENTED_EDGE('',*,*,#1095,.F.);
#1446=ORIENTED_EDGE('',*,*,#1096,.F.);
#1447=ORIENTED_EDGE('',*,*,#1097,.F.);
#1448=ORIENTED_EDGE('',*,*,#1098,.F.);
#1449=ORIENTED_EDGE('',*,*,#1099,.F.);
#1450=ORIENTED_EDGE('',*,*,#1100,.F.);
#1451=ORIENTED_EDGE('',*,*,#1095,.T.);
#1452=ORIENTED_EDGE('',*,*,#1101,.F.);
#1453=ORIENTED_EDGE('',*,*,#1099,.T.);
#1454=ORIENTED_EDGE('',*,*,#1102,.T.);
#1455=ORIENTED_EDGE('',*,*,#1073,.T.);
#1456=ORIENTED_EDGE('',*,*,#1096,.T.);
#1457=ORIENTED_EDGE('',*,*,#1102,.F.);
#1458=ORIENTED_EDGE('',*,*,#1098,.T.);
#1459=ORIENTED_EDGE('',*,*,#1103,.T.);
#1460=ORIENTED_EDGE('',*,*,#1093,.T.);
#1461=ORIENTED_EDGE('',*,*,#1103,.F.);
#1462=ORIENTED_EDGE('',*,*,#1097,.T.);
#1463=ORIENTED_EDGE('',*,*,#1104,.F.);
#1464=ORIENTED_EDGE('',*,*,#1071,.T.);
#1465=ORIENTED_EDGE('',*,*,#1077,.T.);
#1466=ORIENTED_EDGE('',*,*,#1105,.F.);
#1467=ORIENTED_EDGE('',*,*,#1081,.T.);
#1468=ORIENTED_EDGE('',*,*,#1106,.F.);
#1469=ORIENTED_EDGE('',*,*,#1074,.T.);
#1470=ORIENTED_EDGE('',*,*,#1078,.T.);
#1471=ORIENTED_EDGE('',*,*,#1106,.T.);
#1472=ORIENTED_EDGE('',*,*,#1084,.T.);
#1473=ORIENTED_EDGE('',*,*,#1088,.F.);
#1474=ORIENTED_EDGE('',*,*,#1107,.T.);
#1475=ORIENTED_EDGE('',*,*,#996,.T.);
#1476=ORIENTED_EDGE('',*,*,#1108,.F.);
#1477=ORIENTED_EDGE('',*,*,#1109,.F.);
#1478=ORIENTED_EDGE('',*,*,#1085,.F.);
#1479=ORIENTED_EDGE('',*,*,#1110,.F.);
#1480=ORIENTED_EDGE('',*,*,#1090,.F.);
#1481=ORIENTED_EDGE('',*,*,#1003,.F.);
#1482=ORIENTED_EDGE('',*,*,#1080,.T.);
#1483=ORIENTED_EDGE('',*,*,#1089,.T.);
#1484=ORIENTED_EDGE('',*,*,#1082,.F.);
#1485=ORIENTED_EDGE('',*,*,#1105,.T.);
#1486=ORIENTED_EDGE('',*,*,#1111,.F.);
#1487=ORIENTED_EDGE('',*,*,#997,.F.);
#1488=ORIENTED_EDGE('',*,*,#1107,.F.);
#1489=ORIENTED_EDGE('',*,*,#1112,.F.);
#1490=ORIENTED_EDGE('',*,*,#1104,.T.);
#1491=ORIENTED_EDGE('',*,*,#1100,.T.);
#1492=ORIENTED_EDGE('',*,*,#1101,.T.);
#1493=ORIENTED_EDGE('',*,*,#1094,.F.);
#1494=ORIENTED_EDGE('',*,*,#1111,.T.);
#1495=ORIENTED_EDGE('',*,*,#1113,.F.);
#1496=ORIENTED_EDGE('',*,*,#1114,.T.);
#1497=ORIENTED_EDGE('',*,*,#998,.T.);
#1498=ORIENTED_EDGE('',*,*,#1110,.T.);
#1499=ORIENTED_EDGE('',*,*,#1087,.T.);
#1500=ORIENTED_EDGE('',*,*,#1115,.T.);
#1501=ORIENTED_EDGE('',*,*,#1116,.T.);
#1502=ORIENTED_EDGE('',*,*,#1117,.T.);
#1503=ORIENTED_EDGE('',*,*,#1113,.T.);
#1504=ORIENTED_EDGE('',*,*,#1112,.T.);
#1505=ORIENTED_EDGE('',*,*,#1109,.T.);
#1506=ORIENTED_EDGE('',*,*,#1118,.T.);
#1507=ORIENTED_EDGE('',*,*,#940,.T.);
#1508=ORIENTED_EDGE('',*,*,#971,.T.);
#1509=ORIENTED_EDGE('',*,*,#994,.T.);
#1510=ORIENTED_EDGE('',*,*,#1119,.T.);
#1511=ORIENTED_EDGE('',*,*,#1091,.T.);
#1512=ORIENTED_EDGE('',*,*,#1005,.T.);
#1513=ORIENTED_EDGE('',*,*,#1092,.T.);
#1514=ORIENTED_EDGE('',*,*,#1119,.F.);
#1515=ORIENTED_EDGE('',*,*,#993,.T.);
#1516=ORIENTED_EDGE('',*,*,#995,.T.);
#1517=ORIENTED_EDGE('',*,*,#941,.F.);
#1518=ORIENTED_EDGE('',*,*,#1118,.F.);
#1519=ORIENTED_EDGE('',*,*,#1108,.T.);
#1520=ORIENTED_EDGE('',*,*,#999,.T.);
#1521=ORIENTED_EDGE('',*,*,#1114,.F.);
#1522=ORIENTED_EDGE('',*,*,#1117,.F.);
#1523=ORIENTED_EDGE('',*,*,#1120,.T.);
#1524=ORIENTED_EDGE('',*,*,#1001,.T.);
#1525=ORIENTED_EDGE('',*,*,#1121,.F.);
#1526=ORIENTED_EDGE('',*,*,#1115,.F.);
#1527=ORIENTED_EDGE('',*,*,#1086,.T.);
#1528=ORIENTED_EDGE('',*,*,#1000,.T.);
#1529=ORIENTED_EDGE('',*,*,#1120,.F.);
#1530=ORIENTED_EDGE('',*,*,#1116,.F.);
#1531=ORIENTED_EDGE('',*,*,#1121,.T.);
#1532=ORIENTED_EDGE('',*,*,#1031,.F.);
#1533=ORIENTED_EDGE('',*,*,#1027,.F.);
#1534=ORIENTED_EDGE('',*,*,#1035,.F.);
#1535=ORIENTED_EDGE('',*,*,#1122,.F.);
#1536=ORIENTED_EDGE('',*,*,#1067,.F.);
#1537=ORIENTED_EDGE('',*,*,#1007,.F.);
#1538=ORIENTED_EDGE('',*,*,#1069,.F.);
#1539=ORIENTED_EDGE('',*,*,#1123,.F.);
#1540=ORIENTED_EDGE('',*,*,#1038,.F.);
#1541=ORIENTED_EDGE('',*,*,#1023,.F.);
#1542=ORIENTED_EDGE('',*,*,#1043,.F.);
#1543=ORIENTED_EDGE('',*,*,#1124,.F.);
#1544=ORIENTED_EDGE('',*,*,#1053,.F.);
#1545=ORIENTED_EDGE('',*,*,#1015,.F.);
#1546=ORIENTED_EDGE('',*,*,#1058,.F.);
#1547=ORIENTED_EDGE('',*,*,#1125,.F.);
#1548=ORIENTED_EDGE('',*,*,#1126,.F.);
#1549=ORIENTED_EDGE('',*,*,#1127,.T.);
#1550=ORIENTED_EDGE('',*,*,#1128,.F.);
#1551=ORIENTED_EDGE('',*,*,#1127,.F.);
#1552=ORIENTED_EDGE('',*,*,#1129,.F.);
#1553=ORIENTED_EDGE('',*,*,#1130,.T.);
#1554=ORIENTED_EDGE('',*,*,#1131,.F.);
#1555=ORIENTED_EDGE('',*,*,#1130,.F.);
#1556=ORIENTED_EDGE('',*,*,#1132,.F.);
#1557=ORIENTED_EDGE('',*,*,#1133,.F.);
#1558=ORIENTED_EDGE('',*,*,#1134,.F.);
#1559=ORIENTED_EDGE('',*,*,#1135,.F.);
#1560=ORIENTED_EDGE('',*,*,#1136,.F.);
#1561=ORIENTED_EDGE('',*,*,#1137,.T.);
#1562=ORIENTED_EDGE('',*,*,#1138,.F.);
#1563=ORIENTED_EDGE('',*,*,#1139,.F.);
#1564=ORIENTED_EDGE('',*,*,#1140,.T.);
#1565=ORIENTED_EDGE('',*,*,#1141,.T.);
#1566=ORIENTED_EDGE('',*,*,#1142,.F.);
#1567=ORIENTED_EDGE('',*,*,#1143,.F.);
#1568=ORIENTED_EDGE('',*,*,#1134,.T.);
#1569=ORIENTED_EDGE('',*,*,#1144,.T.);
#1570=ORIENTED_EDGE('',*,*,#1138,.T.);
#1571=ORIENTED_EDGE('',*,*,#1145,.F.);
#1572=ORIENTED_EDGE('',*,*,#1131,.T.);
#1573=ORIENTED_EDGE('',*,*,#1146,.T.);
#1574=ORIENTED_EDGE('',*,*,#1147,.F.);
#1575=ORIENTED_EDGE('',*,*,#1148,.F.);
#1576=ORIENTED_EDGE('',*,*,#1149,.T.);
#1577=ORIENTED_EDGE('',*,*,#1150,.F.);
#1578=ORIENTED_EDGE('',*,*,#1151,.T.);
#1579=ORIENTED_EDGE('',*,*,#1152,.F.);
#1580=ORIENTED_EDGE('',*,*,#1153,.F.);
#1581=ORIENTED_EDGE('',*,*,#1154,.F.);
#1582=ORIENTED_EDGE('',*,*,#1155,.F.);
#1583=ORIENTED_EDGE('',*,*,#1156,.F.);
#1584=ORIENTED_EDGE('',*,*,#1157,.F.);
#1585=ORIENTED_EDGE('',*,*,#1152,.T.);
#1586=ORIENTED_EDGE('',*,*,#1158,.F.);
#1587=ORIENTED_EDGE('',*,*,#1156,.T.);
#1588=ORIENTED_EDGE('',*,*,#1159,.T.);
#1589=ORIENTED_EDGE('',*,*,#1128,.T.);
#1590=ORIENTED_EDGE('',*,*,#1153,.T.);
#1591=ORIENTED_EDGE('',*,*,#1159,.F.);
#1592=ORIENTED_EDGE('',*,*,#1155,.T.);
#1593=ORIENTED_EDGE('',*,*,#1160,.T.);
#1594=ORIENTED_EDGE('',*,*,#1150,.T.);
#1595=ORIENTED_EDGE('',*,*,#1160,.F.);
#1596=ORIENTED_EDGE('',*,*,#1154,.T.);
#1597=ORIENTED_EDGE('',*,*,#1161,.F.);
#1598=ORIENTED_EDGE('',*,*,#1126,.T.);
#1599=ORIENTED_EDGE('',*,*,#1132,.T.);
#1600=ORIENTED_EDGE('',*,*,#1162,.F.);
#1601=ORIENTED_EDGE('',*,*,#1136,.T.);
#1602=ORIENTED_EDGE('',*,*,#1163,.F.);
#1603=ORIENTED_EDGE('',*,*,#1129,.T.);
#1604=ORIENTED_EDGE('',*,*,#1133,.T.);
#1605=ORIENTED_EDGE('',*,*,#1163,.T.);
#1606=ORIENTED_EDGE('',*,*,#1139,.T.);
#1607=ORIENTED_EDGE('',*,*,#1144,.F.);
#1608=ORIENTED_EDGE('',*,*,#1164,.T.);
#1609=ORIENTED_EDGE('',*,*,#1165,.T.);
#1610=ORIENTED_EDGE('',*,*,#1166,.F.);
#1611=ORIENTED_EDGE('',*,*,#1167,.F.);
#1612=ORIENTED_EDGE('',*,*,#1140,.F.);
#1613=ORIENTED_EDGE('',*,*,#1168,.F.);
#1614=ORIENTED_EDGE('',*,*,#1146,.F.);
#1615=ORIENTED_EDGE('',*,*,#1169,.F.);
#1616=ORIENTED_EDGE('',*,*,#1135,.T.);
#1617=ORIENTED_EDGE('',*,*,#1145,.T.);
#1618=ORIENTED_EDGE('',*,*,#1137,.F.);
#1619=ORIENTED_EDGE('',*,*,#1162,.T.);
#1620=ORIENTED_EDGE('',*,*,#1170,.F.);
#1621=ORIENTED_EDGE('',*,*,#1171,.F.);
#1622=ORIENTED_EDGE('',*,*,#1164,.F.);
#1623=ORIENTED_EDGE('',*,*,#1172,.F.);
#1624=ORIENTED_EDGE('',*,*,#1161,.T.);
#1625=ORIENTED_EDGE('',*,*,#1157,.T.);
#1626=ORIENTED_EDGE('',*,*,#1158,.T.);
#1627=ORIENTED_EDGE('',*,*,#1151,.F.);
#1628=ORIENTED_EDGE('',*,*,#1170,.T.);
#1629=ORIENTED_EDGE('',*,*,#1173,.F.);
#1630=ORIENTED_EDGE('',*,*,#1174,.T.);
#1631=ORIENTED_EDGE('',*,*,#1175,.T.);
#1632=ORIENTED_EDGE('',*,*,#963,.T.);
#1633=ORIENTED_EDGE('',*,*,#984,.T.);
#1634=ORIENTED_EDGE('',*,*,#1066,.F.);
#1635=ORIENTED_EDGE('',*,*,#1123,.T.);
#1636=ORIENTED_EDGE('',*,*,#1068,.F.);
#1637=ORIENTED_EDGE('',*,*,#986,.T.);
#1638=ORIENTED_EDGE('',*,*,#965,.T.);
#1639=ORIENTED_EDGE('',*,*,#991,.T.);
#1640=ORIENTED_EDGE('',*,*,#1176,.T.);
#1641=ORIENTED_EDGE('',*,*,#1147,.T.);
#1642=ORIENTED_EDGE('',*,*,#1168,.T.);
#1643=ORIENTED_EDGE('',*,*,#1143,.T.);
#1644=ORIENTED_EDGE('',*,*,#1177,.T.);
#1645=ORIENTED_EDGE('',*,*,#1178,.T.);
#1646=ORIENTED_EDGE('',*,*,#1179,.T.);
#1647=ORIENTED_EDGE('',*,*,#1173,.T.);
#1648=ORIENTED_EDGE('',*,*,#1172,.T.);
#1649=ORIENTED_EDGE('',*,*,#1167,.T.);
#1650=ORIENTED_EDGE('',*,*,#1180,.T.);
#1651=ORIENTED_EDGE('',*,*,#948,.T.);
#1652=ORIENTED_EDGE('',*,*,#1029,.F.);
#1653=ORIENTED_EDGE('',*,*,#1122,.T.);
#1654=ORIENTED_EDGE('',*,*,#1034,.F.);
#1655=ORIENTED_EDGE('',*,*,#1032,.T.);
#1656=ORIENTED_EDGE('',*,*,#1039,.T.);
#1657=ORIENTED_EDGE('',*,*,#1036,.F.);
#1658=ORIENTED_EDGE('',*,*,#1124,.T.);
#1659=ORIENTED_EDGE('',*,*,#1042,.F.);
#1660=ORIENTED_EDGE('',*,*,#1045,.T.);
#1661=ORIENTED_EDGE('',*,*,#1049,.F.);
#1662=ORIENTED_EDGE('',*,*,#1050,.T.);
#1663=ORIENTED_EDGE('',*,*,#1046,.F.);
#1664=ORIENTED_EDGE('',*,*,#1054,.T.);
#1665=ORIENTED_EDGE('',*,*,#1051,.F.);
#1666=ORIENTED_EDGE('',*,*,#1125,.T.);
#1667=ORIENTED_EDGE('',*,*,#1057,.F.);
#1668=ORIENTED_EDGE('',*,*,#1060,.T.);
#1669=ORIENTED_EDGE('',*,*,#1062,.F.);
#1670=ORIENTED_EDGE('',*,*,#1064,.T.);
#1671=ORIENTED_EDGE('',*,*,#1065,.F.);
#1672=ORIENTED_EDGE('',*,*,#1181,.T.);
#1673=ORIENTED_EDGE('',*,*,#1148,.T.);
#1674=ORIENTED_EDGE('',*,*,#1176,.F.);
#1675=ORIENTED_EDGE('',*,*,#990,.T.);
#1676=ORIENTED_EDGE('',*,*,#981,.T.);
#1677=ORIENTED_EDGE('',*,*,#985,.T.);
#1678=ORIENTED_EDGE('',*,*,#979,.T.);
#1679=ORIENTED_EDGE('',*,*,#1070,.F.);
#1680=ORIENTED_EDGE('',*,*,#1182,.T.);
#1681=ORIENTED_EDGE('',*,*,#949,.F.);
#1682=ORIENTED_EDGE('',*,*,#1180,.F.);
#1683=ORIENTED_EDGE('',*,*,#1166,.T.);
#1684=ORIENTED_EDGE('',*,*,#1183,.T.);
#1685=ORIENTED_EDGE('',*,*,#1174,.F.);
#1686=ORIENTED_EDGE('',*,*,#1179,.F.);
#1687=ORIENTED_EDGE('',*,*,#1184,.T.);
#1688=ORIENTED_EDGE('',*,*,#1185,.T.);
#1689=ORIENTED_EDGE('',*,*,#1186,.F.);
#1690=ORIENTED_EDGE('',*,*,#1177,.F.);
#1691=ORIENTED_EDGE('',*,*,#1142,.T.);
#1692=ORIENTED_EDGE('',*,*,#1187,.T.);
#1693=ORIENTED_EDGE('',*,*,#1184,.F.);
#1694=ORIENTED_EDGE('',*,*,#1178,.F.);
#1695=ORIENTED_EDGE('',*,*,#1186,.T.);
#1696=ORIENTED_EDGE('',*,*,#1169,.T.);
#1697=ORIENTED_EDGE('',*,*,#1149,.F.);
#1698=ORIENTED_EDGE('',*,*,#1181,.F.);
#1699=ORIENTED_EDGE('',*,*,#989,.F.);
#1700=ORIENTED_EDGE('',*,*,#972,.T.);
#1701=ORIENTED_EDGE('',*,*,#950,.F.);
#1702=ORIENTED_EDGE('',*,*,#1182,.F.);
#1703=ORIENTED_EDGE('',*,*,#1165,.F.);
#1704=ORIENTED_EDGE('',*,*,#1171,.T.);
#1705=ORIENTED_EDGE('',*,*,#1175,.F.);
#1706=ORIENTED_EDGE('',*,*,#1183,.F.);
#1707=ORIENTED_EDGE('',*,*,#1187,.F.);
#1708=ORIENTED_EDGE('',*,*,#1185,.F.);
#1709=ORIENTED_EDGE('',*,*,#1141,.F.);
#1710=CYLINDRICAL_SURFACE('',#1848,6.25);
#1711=CYLINDRICAL_SURFACE('',#1850,6.25);
#1712=CYLINDRICAL_SURFACE('',#1851,328.125);
#1713=CYLINDRICAL_SURFACE('',#1856,6.25);
#1714=CYLINDRICAL_SURFACE('',#1858,6.25);
#1715=CYLINDRICAL_SURFACE('',#1859,25.);
#1716=CYLINDRICAL_SURFACE('',#1860,25.);
#1717=CYLINDRICAL_SURFACE('',#1861,25.);
#1718=CYLINDRICAL_SURFACE('',#1862,25.);
#1719=CYLINDRICAL_SURFACE('',#1863,25.);
#1720=CYLINDRICAL_SURFACE('',#1864,3.125);
#1721=CYLINDRICAL_SURFACE('',#1865,334.375);
#1722=CYLINDRICAL_SURFACE('',#1868,334.375);
#1723=CYLINDRICAL_SURFACE('',#1869,353.125);
#1724=CYLINDRICAL_SURFACE('',#1872,359.375);
#1725=CYLINDRICAL_SURFACE('',#1887,6.25);
#1726=CYLINDRICAL_SURFACE('',#1890,6.25);
#1727=CYLINDRICAL_SURFACE('',#1898,353.125);
#1728=CYLINDRICAL_SURFACE('',#1905,353.125);
#1729=CYLINDRICAL_SURFACE('',#1910,353.125);
#1730=CYLINDRICAL_SURFACE('',#1911,3.125);
#1731=CYLINDRICAL_SURFACE('',#1914,3.125);
#1732=CYLINDRICAL_SURFACE('',#1938,25.);
#1733=CYLINDRICAL_SURFACE('',#1939,12.4999999999999);
#1734=CYLINDRICAL_SURFACE('',#1940,24.9999999999999);
#1735=CYLINDRICAL_SURFACE('',#1944,334.375);
#1736=CYLINDRICAL_SURFACE('',#1946,334.375);
#1737=CYLINDRICAL_SURFACE('',#1948,3.125);
#1738=CYLINDRICAL_SURFACE('',#1951,3.125);
#1739=CYLINDRICAL_SURFACE('',#1976,25.);
#1740=CYLINDRICAL_SURFACE('',#1978,12.4999999999999);
#1741=CYLINDRICAL_SURFACE('',#1980,24.9999999999999);
#1742=ADVANCED_FACE('',(#140),#1710,.F.);
#1743=ADVANCED_FACE('',(#141),#80,.T.);
#1744=ADVANCED_FACE('',(#142),#1711,.F.);
#1745=ADVANCED_FACE('',(#143,#15),#1712,.F.);
#1746=ADVANCED_FACE('',(#144),#1713,.F.);
#1747=ADVANCED_FACE('',(#145),#81,.T.);
#1748=ADVANCED_FACE('',(#146),#1714,.F.);
#1749=ADVANCED_FACE('',(#147),#1715,.T.);
#1750=ADVANCED_FACE('',(#148),#1716,.T.);
#1751=ADVANCED_FACE('',(#149),#1717,.T.);
#1752=ADVANCED_FACE('',(#150),#1718,.T.);
#1753=ADVANCED_FACE('',(#151),#1719,.T.);
#1754=ADVANCED_FACE('',(#152,#16),#1720,.F.);
#1755=ADVANCED_FACE('',(#153),#1721,.F.);
#1756=ADVANCED_FACE('',(#154),#1722,.F.);
#1757=ADVANCED_FACE('',(#155),#1723,.T.);
#1758=ADVANCED_FACE('',(#156,#17),#1724,.T.);
#1759=ADVANCED_FACE('',(#157,#18,#19,#20),#82,.F.);
#1760=ADVANCED_FACE('',(#158),#1725,.T.);
#1761=ADVANCED_FACE('',(#159),#83,.T.);
#1762=ADVANCED_FACE('',(#160),#1726,.T.);
#1763=ADVANCED_FACE('',(#161),#84,.T.);
#1764=ADVANCED_FACE('',(#162),#85,.T.);
#1765=ADVANCED_FACE('',(#163),#86,.T.);
#1766=ADVANCED_FACE('',(#164),#87,.T.);
#1767=ADVANCED_FACE('',(#165),#88,.T.);
#1768=ADVANCED_FACE('',(#166),#89,.T.);
#1769=ADVANCED_FACE('',(#167),#1727,.T.);
#1770=ADVANCED_FACE('',(#168),#90,.T.);
#1771=ADVANCED_FACE('',(#169),#91,.T.);
#1772=ADVANCED_FACE('',(#170),#92,.T.);
#1773=ADVANCED_FACE('',(#171),#93,.T.);
#1774=ADVANCED_FACE('',(#172),#94,.T.);
#1775=ADVANCED_FACE('',(#173),#1728,.T.);
#1776=ADVANCED_FACE('',(#174),#95,.T.);
#1777=ADVANCED_FACE('',(#175),#96,.T.);
#1778=ADVANCED_FACE('',(#176),#97,.T.);
#1779=ADVANCED_FACE('',(#177),#1729,.T.);
#1780=ADVANCED_FACE('',(#178),#1730,.F.);
#1781=ADVANCED_FACE('',(#179),#1731,.F.);
#1782=ADVANCED_FACE('',(#180),#98,.F.);
#1783=ADVANCED_FACE('',(#181),#99,.F.);
#1784=ADVANCED_FACE('',(#182),#100,.T.);
#1785=ADVANCED_FACE('',(#183,#21),#101,.T.);
#1786=ADVANCED_FACE('',(#184),#102,.T.);
#1787=ADVANCED_FACE('',(#185),#103,.F.);
#1788=ADVANCED_FACE('',(#186),#104,.F.);
#1789=ADVANCED_FACE('',(#187,#22),#105,.T.);
#1790=ADVANCED_FACE('',(#188),#106,.T.);
#1791=ADVANCED_FACE('',(#189,#23),#107,.F.);
#1792=ADVANCED_FACE('',(#190,#24),#108,.F.);
#1793=ADVANCED_FACE('',(#191),#109,.T.);
#1794=ADVANCED_FACE('',(#192),#110,.T.);
#1795=ADVANCED_FACE('',(#193,#25),#111,.F.);
#1796=ADVANCED_FACE('',(#194,#26),#112,.F.);
#1797=ADVANCED_FACE('',(#195),#113,.T.);
#1798=ADVANCED_FACE('',(#196),#114,.F.);
#1799=ADVANCED_FACE('',(#197),#115,.T.);
#1800=ADVANCED_FACE('',(#198),#1732,.F.);
#1801=ADVANCED_FACE('',(#199),#1733,.F.);
#1802=ADVANCED_FACE('',(#200),#1734,.F.);
#1803=ADVANCED_FACE('',(#201),#116,.T.);
#1804=ADVANCED_FACE('',(#202),#117,.T.);
#1805=ADVANCED_FACE('',(#203),#118,.T.);
#1806=ADVANCED_FACE('',(#204),#1735,.F.);
#1807=ADVANCED_FACE('',(#205),#1736,.F.);
#1808=ADVANCED_FACE('',(#206),#1737,.F.);
#1809=ADVANCED_FACE('',(#207),#1738,.F.);
#1810=ADVANCED_FACE('',(#208),#119,.F.);
#1811=ADVANCED_FACE('',(#209),#120,.F.);
#1812=ADVANCED_FACE('',(#210),#121,.T.);
#1813=ADVANCED_FACE('',(#211,#27),#122,.T.);
#1814=ADVANCED_FACE('',(#212),#123,.T.);
#1815=ADVANCED_FACE('',(#213),#124,.F.);
#1816=ADVANCED_FACE('',(#214),#125,.F.);
#1817=ADVANCED_FACE('',(#215,#28),#126,.T.);
#1818=ADVANCED_FACE('',(#216),#127,.T.);
#1819=ADVANCED_FACE('',(#217,#29),#128,.F.);
#1820=ADVANCED_FACE('',(#218,#30),#129,.F.);
#1821=ADVANCED_FACE('',(#219),#130,.T.);
#1822=ADVANCED_FACE('',(#220),#131,.T.);
#1823=ADVANCED_FACE('',(#221,#31),#132,.F.);
#1824=ADVANCED_FACE('',(#222,#32),#133,.F.);
#1825=ADVANCED_FACE('',(#223),#134,.T.);
#1826=ADVANCED_FACE('',(#224,#33,#34,#35),#135,.F.);
#1827=ADVANCED_FACE('',(#225),#136,.T.);
#1828=ADVANCED_FACE('',(#226),#137,.T.);
#1829=ADVANCED_FACE('',(#227),#1739,.F.);
#1830=ADVANCED_FACE('',(#228),#1740,.F.);
#1831=ADVANCED_FACE('',(#229),#1741,.F.);
#1832=ADVANCED_FACE('',(#230),#138,.T.);
#1833=ADVANCED_FACE('',(#231),#139,.F.);
#1834=CLOSED_SHELL('',(#1742,#1743,#1744,#1745,#1746,#1747,#1748,#1749,
#1750,#1751,#1752,#1753,#1754,#1755,#1756,#1757,#1758,#1759,#1760,#1761,
#1762,#1763,#1764,#1765,#1766,#1767,#1768,#1769,#1770,#1771,#1772,#1773,
#1774,#1775,#1776,#1777,#1778,#1779,#1780,#1781,#1782,#1783,#1784,#1785,
#1786,#1787,#1788,#1789,#1790,#1791,#1792,#1793,#1794,#1795,#1796,#1797,
#1798,#1799,#1800,#1801,#1802,#1803,#1804,#1805,#1806,#1807,#1808,#1809,
#1810,#1811,#1812,#1813,#1814,#1815,#1816,#1817,#1818,#1819,#1820,#1821,
#1822,#1823,#1824,#1825,#1826,#1827,#1828,#1829,#1830,#1831,#1832,#1833));
#1835=DERIVED_UNIT_ELEMENT(#1837,1.);
#1836=DERIVED_UNIT_ELEMENT(#3260,-3.);
#1837=(
MASS_UNIT()
NAMED_UNIT(*)
SI_UNIT(.KILO.,.GRAM.)
);
#1838=DERIVED_UNIT((#1835,#1836));
#1839=MEASURE_REPRESENTATION_ITEM('density measure',
POSITIVE_RATIO_MEASURE(7850.),#1838);
#1840=PROPERTY_DEFINITION_REPRESENTATION(#1845,#1842);
#1841=PROPERTY_DEFINITION_REPRESENTATION(#1846,#1843);
#1842=REPRESENTATION('material name',(#1844),#3257);
#1843=REPRESENTATION('density',(#1839),#3257);
#1844=DESCRIPTIVE_REPRESENTATION_ITEM('Steel','Steel');
#1845=PROPERTY_DEFINITION('material property','material name',#3267);
#1846=PROPERTY_DEFINITION('material property','density of part',#3267);
#1847=AXIS2_PLACEMENT_3D('',#2447,#1984,#1985);
#1848=AXIS2_PLACEMENT_3D('',#2448,#1986,#1987);
#1849=AXIS2_PLACEMENT_3D('',#2475,#1990,#1991);
#1850=AXIS2_PLACEMENT_3D('',#2481,#1995,#1996);
#1851=AXIS2_PLACEMENT_3D('',#2505,#1998,#1999);
#1852=AXIS2_PLACEMENT_3D('',#2554,#2000,#2001);
#1853=AXIS2_PLACEMENT_3D('',#2558,#2003,#2004);
#1854=AXIS2_PLACEMENT_3D('',#2594,#2006,#2007);
#1855=AXIS2_PLACEMENT_3D('',#2597,#2009,#2010);
#1856=AXIS2_PLACEMENT_3D('',#2636,#2011,#2012);
#1857=AXIS2_PLACEMENT_3D('',#2651,#2015,#2016);
#1858=AXIS2_PLACEMENT_3D('',#2655,#2019,#2020);
#1859=AXIS2_PLACEMENT_3D('',#2668,#2022,#2023);
#1860=AXIS2_PLACEMENT_3D('',#2675,#2025,#2026);
#1861=AXIS2_PLACEMENT_3D('',#2682,#2028,#2029);
#1862=AXIS2_PLACEMENT_3D('',#2694,#2031,#2032);
#1863=AXIS2_PLACEMENT_3D('',#2706,#2034,#2035);
#1864=AXIS2_PLACEMENT_3D('',#2756,#2038,#2039);
#1865=AXIS2_PLACEMENT_3D('',#2838,#2043,#2044);
#1866=AXIS2_PLACEMENT_3D('',#2840,#2045,#2046);
#1867=AXIS2_PLACEMENT_3D('',#2843,#2048,#2049);
#1868=AXIS2_PLACEMENT_3D('',#2844,#2050,#2051);
#1869=AXIS2_PLACEMENT_3D('',#2846,#2053,#2054);
#1870=AXIS2_PLACEMENT_3D('',#2848,#2055,#2056);
#1871=AXIS2_PLACEMENT_3D('',#2851,#2058,#2059);
#1872=AXIS2_PLACEMENT_3D('',#2852,#2060,#2061);
#1873=AXIS2_PLACEMENT_3D('',#2854,#2062,#2063);
#1874=AXIS2_PLACEMENT_3D('',#2857,#2065,#2066);
#1875=AXIS2_PLACEMENT_3D('',#2859,#2067,#2068);
#1876=AXIS2_PLACEMENT_3D('',#2862,#2070,#2071);
#1877=AXIS2_PLACEMENT_3D('',#2863,#2072,#2073);
#1878=AXIS2_PLACEMENT_3D('',#2865,#2074,#2075);
#1879=AXIS2_PLACEMENT_3D('',#2873,#2079,#2080);
#1880=AXIS2_PLACEMENT_3D('',#2877,#2082,#2083);
#1881=AXIS2_PLACEMENT_3D('',#2896,#2093,#2094);
#1882=AXIS2_PLACEMENT_3D('',#2904,#2098,#2099);
#1883=AXIS2_PLACEMENT_3D('',#2912,#2103,#2104);
#1884=AXIS2_PLACEMENT_3D('',#2920,#2108,#2109);
#1885=AXIS2_PLACEMENT_3D('',#2926,#2112,#2113);
#1886=AXIS2_PLACEMENT_3D('',#2929,#2115,#2116);
#1887=AXIS2_PLACEMENT_3D('',#2930,#2117,#2118);
#1888=AXIS2_PLACEMENT_3D('',#2933,#2119,#2120);
#1889=AXIS2_PLACEMENT_3D('',#2936,#2123,#2124);
#1890=AXIS2_PLACEMENT_3D('',#2940,#2127,#2128);
#1891=AXIS2_PLACEMENT_3D('',#2942,#2129,#2130);
#1892=AXIS2_PLACEMENT_3D('',#2944,#2132,#2133);
#1893=AXIS2_PLACEMENT_3D('',#2950,#2137,#2138);
#1894=AXIS2_PLACEMENT_3D('',#2954,#2141,#2142);
#1895=AXIS2_PLACEMENT_3D('',#2960,#2146,#2147);
#1896=AXIS2_PLACEMENT_3D('',#2964,#2150,#2151);
#1897=AXIS2_PLACEMENT_3D('',#2968,#2154,#2155);
#1898=AXIS2_PLACEMENT_3D('',#2972,#2158,#2159);
#1899=AXIS2_PLACEMENT_3D('',#2973,#2160,#2161);
#1900=AXIS2_PLACEMENT_3D('',#2974,#2162,#2163);
#1901=AXIS2_PLACEMENT_3D('',#2980,#2167,#2168);
#1902=AXIS2_PLACEMENT_3D('',#2984,#2171,#2172);
#1903=AXIS2_PLACEMENT_3D('',#2990,#2176,#2177);
#1904=AXIS2_PLACEMENT_3D('',#2994,#2180,#2181);
#1905=AXIS2_PLACEMENT_3D('',#2998,#2184,#2185);
#1906=AXIS2_PLACEMENT_3D('',#3001,#2187,#2188);
#1907=AXIS2_PLACEMENT_3D('',#3002,#2189,#2190);
#1908=AXIS2_PLACEMENT_3D('',#3004,#2192,#2193);
#1909=AXIS2_PLACEMENT_3D('',#3008,#2196,#2197);
#1910=AXIS2_PLACEMENT_3D('',#3012,#2200,#2201);
#1911=AXIS2_PLACEMENT_3D('',#3014,#2203,#2204);
#1912=AXIS2_PLACEMENT_3D('',#3016,#2205,#2206);
#1913=AXIS2_PLACEMENT_3D('',#3019,#2208,#2209);
#1914=AXIS2_PLACEMENT_3D('',#3020,#2210,#2211);
#1915=AXIS2_PLACEMENT_3D('',#3022,#2212,#2213);
#1916=AXIS2_PLACEMENT_3D('',#3025,#2215,#2216);
#1917=AXIS2_PLACEMENT_3D('',#3026,#2217,#2218);
#1918=AXIS2_PLACEMENT_3D('',#3035,#2223,#2224);
#1919=AXIS2_PLACEMENT_3D('',#3044,#2229,#2230);
#1920=AXIS2_PLACEMENT_3D('',#3050,#2234,#2235);
#1921=AXIS2_PLACEMENT_3D('',#3053,#2238,#2239);
#1922=AXIS2_PLACEMENT_3D('',#3059,#2243,#2244);
#1923=AXIS2_PLACEMENT_3D('',#3068,#2249,#2250);
#1924=AXIS2_PLACEMENT_3D('',#3077,#2255,#2256);
#1925=AXIS2_PLACEMENT_3D('',#3080,#2259,#2260);
#1926=AXIS2_PLACEMENT_3D('',#3082,#2262,#2263);
#1927=AXIS2_PLACEMENT_3D('',#3084,#2265,#2266);
#1928=AXIS2_PLACEMENT_3D('',#3087,#2269,#2270);
#1929=AXIS2_PLACEMENT_3D('',#3088,#2271,#2272);
#1930=AXIS2_PLACEMENT_3D('',#3094,#2276,#2277);
#1931=AXIS2_PLACEMENT_3D('',#3096,#2279,#2280);
#1932=AXIS2_PLACEMENT_3D('',#3100,#2283,#2284);
#1933=AXIS2_PLACEMENT_3D('',#3104,#2287,#2288);
#1934=AXIS2_PLACEMENT_3D('',#3106,#2289,#2290);
#1935=AXIS2_PLACEMENT_3D('',#3109,#2292,#2293);
#1936=AXIS2_PLACEMENT_3D('',#3110,#2294,#2295);
#1937=AXIS2_PLACEMENT_3D('',#3112,#2297,#2298);
#1938=AXIS2_PLACEMENT_3D('',#3113,#2299,#2300);
#1939=AXIS2_PLACEMENT_3D('',#3114,#2301,#2302);
#1940=AXIS2_PLACEMENT_3D('',#3116,#2304,#2305);
#1941=AXIS2_PLACEMENT_3D('',#3118,#2307,#2308);
#1942=AXIS2_PLACEMENT_3D('',#3119,#2309,#2310);
#1943=AXIS2_PLACEMENT_3D('',#3121,#2312,#2313);
#1944=AXIS2_PLACEMENT_3D('',#3123,#2315,#2316);
#1945=AXIS2_PLACEMENT_3D('',#3124,#2317,#2318);
#1946=AXIS2_PLACEMENT_3D('',#3125,#2319,#2320);
#1947=AXIS2_PLACEMENT_3D('',#3126,#2321,#2322);
#1948=AXIS2_PLACEMENT_3D('',#3127,#2323,#2324);
#1949=AXIS2_PLACEMENT_3D('',#3129,#2325,#2326);
#1950=AXIS2_PLACEMENT_3D('',#3132,#2328,#2329);
#1951=AXIS2_PLACEMENT_3D('',#3133,#2330,#2331);
#1952=AXIS2_PLACEMENT_3D('',#3135,#2332,#2333);
#1953=AXIS2_PLACEMENT_3D('',#3138,#2335,#2336);
#1954=AXIS2_PLACEMENT_3D('',#3139,#2337,#2338);
#1955=AXIS2_PLACEMENT_3D('',#3148,#2343,#2344);
#1956=AXIS2_PLACEMENT_3D('',#3157,#2349,#2350);
#1957=AXIS2_PLACEMENT_3D('',#3166,#2355,#2356);
#1958=AXIS2_PLACEMENT_3D('',#3169,#2359,#2360);
#1959=AXIS2_PLACEMENT_3D('',#3178,#2365,#2366);
#1960=AXIS2_PLACEMENT_3D('',#3187,#2371,#2372);
#1961=AXIS2_PLACEMENT_3D('',#3196,#2377,#2378);
#1962=AXIS2_PLACEMENT_3D('',#3199,#2381,#2382);
#1963=AXIS2_PLACEMENT_3D('',#3201,#2384,#2385);
#1964=AXIS2_PLACEMENT_3D('',#3203,#2387,#2388);
#1965=AXIS2_PLACEMENT_3D('',#3206,#2391,#2392);
#1966=AXIS2_PLACEMENT_3D('',#3207,#2393,#2394);
#1967=AXIS2_PLACEMENT_3D('',#3216,#2399,#2400);
#1968=AXIS2_PLACEMENT_3D('',#3219,#2403,#2404);
#1969=AXIS2_PLACEMENT_3D('',#3225,#2408,#2409);
#1970=AXIS2_PLACEMENT_3D('',#3231,#2413,#2414);
#1971=AXIS2_PLACEMENT_3D('',#3234,#2416,#2417);
#1972=AXIS2_PLACEMENT_3D('',#3237,#2419,#2420);
#1973=AXIS2_PLACEMENT_3D('',#3238,#2421,#2422);
#1974=AXIS2_PLACEMENT_3D('',#3239,#2423,#2424);
#1975=AXIS2_PLACEMENT_3D('',#3241,#2426,#2427);
#1976=AXIS2_PLACEMENT_3D('',#3242,#2428,#2429);
#1977=AXIS2_PLACEMENT_3D('',#3243,#2430,#2431);
#1978=AXIS2_PLACEMENT_3D('',#3244,#2432,#2433);
#1979=AXIS2_PLACEMENT_3D('',#3246,#2434,#2435);
#1980=AXIS2_PLACEMENT_3D('',#3248,#2437,#2438);
#1981=AXIS2_PLACEMENT_3D('',#3250,#2439,#2440);
#1982=AXIS2_PLACEMENT_3D('',#3252,#2442,#2443);
#1983=AXIS2_PLACEMENT_3D('',#3254,#2445,#2446);
#1984=DIRECTION('axis',(0.,0.,1.));
#1985=DIRECTION('refdir',(1.,0.,0.));
#1986=DIRECTION('center_axis',(-1.38777878078145E-17,0.,-1.));
#1987=DIRECTION('ref_axis',(-2.66453525910038E-15,1.,3.69778549322349E-32));
#1988=DIRECTION('',(-1.38777878078145E-17,0.,-1.));
#1989=DIRECTION('',(-1.38777878078145E-17,0.,-1.));
#1990=DIRECTION('center_axis',(0.,-1.,0.));
#1991=DIRECTION('ref_axis',(-1.,0.,1.38777878078145E-17));
#1992=DIRECTION('',(1.,0.,-1.38777878078145E-17));
#1993=DIRECTION('',(-1.38777878078145E-17,0.,-1.));
#1994=DIRECTION('',(1.,0.,-1.38777878078145E-17));
#1995=DIRECTION('center_axis',(-1.38777878078145E-17,0.,-1.));
#1996=DIRECTION('ref_axis',(1.,0.,-1.38777878078145E-17));
#1997=DIRECTION('',(-1.38777878078145E-17,0.,-1.));
#1998=DIRECTION('center_axis',(1.,0.,0.));
#1999=DIRECTION('ref_axis',(0.,0.,-1.));
#2000=DIRECTION('center_axis',(1.,0.,0.));
#2001=DIRECTION('ref_axis',(0.,0.,-1.));
#2002=DIRECTION('',(1.,0.,0.));
#2003=DIRECTION('center_axis',(1.,0.,-6.43929354282591E-17));
#2004=DIRECTION('ref_axis',(0.,0.,-1.));
#2005=DIRECTION('',(-1.,0.,1.38777878078145E-17));
#2006=DIRECTION('center_axis',(1.,0.,0.));
#2007=DIRECTION('ref_axis',(0.,0.,-1.));
#2008=DIRECTION('',(1.,0.,0.));
#2009=DIRECTION('center_axis',(1.,0.,-6.43929354282591E-17));
#2010=DIRECTION('ref_axis',(0.,0.,-1.));
#2011=DIRECTION('center_axis',(-1.38777878078145E-17,0.,-1.));
#2012=DIRECTION('ref_axis',(1.,0.,-1.38777878078145E-17));
#2013=DIRECTION('',(-1.38777878078145E-17,0.,-1.));
#2014=DIRECTION('',(-1.38777878078145E-17,0.,-1.));
#2015=DIRECTION('center_axis',(0.,-1.,0.));
#2016=DIRECTION('ref_axis',(-1.,0.,1.38777878078145E-17));
#2017=DIRECTION('',(-1.38777878078145E-17,0.,-1.));
#2018=DIRECTION('',(-1.,0.,1.38777878078145E-17));
#2019=DIRECTION('center_axis',(-1.38777878078145E-17,0.,-1.));
#2020=DIRECTION('ref_axis',(-2.66453525910038E-15,1.,3.69778549322349E-32));
#2021=DIRECTION('',(-1.38777878078145E-17,0.,-1.));
#2022=DIRECTION('center_axis',(-1.38777878078145E-17,0.,-1.));
#2023=DIRECTION('ref_axis',(1.,0.,-1.38777878078145E-17));
#2024=DIRECTION('',(1.38777878078145E-17,0.,1.));
#2025=DIRECTION('center_axis',(-1.38777878078145E-17,0.,-1.));
#2026=DIRECTION('ref_axis',(1.,0.,-1.38777878078145E-17));
#2027=DIRECTION('',(-1.38777878078145E-17,0.,-1.));
#2028=DIRECTION('center_axis',(-1.38777878078145E-17,0.,-1.));
#2029=DIRECTION('ref_axis',(1.,0.,-1.38777878078145E-17));
#2030=DIRECTION('',(-1.38777878078145E-17,0.,-1.));
#2031=DIRECTION('center_axis',(-1.38777878078145E-17,0.,-1.));
#2032=DIRECTION('ref_axis',(1.,0.,-1.38777878078145E-17));
#2033=DIRECTION('',(1.38777878078145E-17,0.,1.));
#2034=DIRECTION('center_axis',(-1.38777878078145E-17,0.,-1.));
#2035=DIRECTION('ref_axis',(-1.83697019872103E-16,1.,2.46519032881566E-33));
#2036=DIRECTION('',(-1.38777878078145E-17,0.,-1.));
#2037=DIRECTION('',(1.38777878078145E-17,0.,1.));
#2038=DIRECTION('center_axis',(-1.38777878078145E-17,0.,-1.));
#2039=DIRECTION('ref_axis',(1.,0.,-1.38777878078145E-17));
#2040=DIRECTION('',(1.38777878078145E-17,0.,1.));
#2041=DIRECTION('',(-1.38777878078145E-17,0.,-1.));
#2042=DIRECTION('',(1.38777878078145E-17,0.,1.));
#2043=DIRECTION('center_axis',(1.,0.,-1.38777878078145E-17));
#2044=DIRECTION('ref_axis',(-1.38777878078145E-17,0.,-1.));
#2045=DIRECTION('center_axis',(1.,0.,-1.38777878078145E-17));
#2046=DIRECTION('ref_axis',(-1.38777878078145E-17,0.,-1.));
#2047=DIRECTION('',(-1.,0.,1.38777878078145E-17));
#2048=DIRECTION('center_axis',(-1.,0.,0.));
#2049=DIRECTION('ref_axis',(-1.38777878078145E-17,0.,-1.));
#2050=DIRECTION('center_axis',(1.,0.,-1.38777878078145E-17));
#2051=DIRECTION('ref_axis',(-1.38777878078145E-17,0.,-1.));
#2052=DIRECTION('',(1.,0.,-1.38777878078145E-17));
#2053=DIRECTION('center_axis',(1.,0.,-1.38777878078145E-17));
#2054=DIRECTION('ref_axis',(-1.38777878078145E-17,0.,-1.));
#2055=DIRECTION('center_axis',(1.,0.,0.));
#2056=DIRECTION('ref_axis',(-1.38777878078145E-17,0.,-1.));
#2057=DIRECTION('',(1.,0.,-1.38777878078145E-17));
#2058=DIRECTION('center_axis',(-1.,0.,1.38777878078145E-17));
#2059=DIRECTION('ref_axis',(-1.38777878078145E-17,0.,-1.));
#2060=DIRECTION('center_axis',(1.,0.,0.));
#2061=DIRECTION('ref_axis',(0.,0.,-1.));
#2062=DIRECTION('center_axis',(-1.,0.,6.43929354282591E-17));
#2063=DIRECTION('ref_axis',(0.,0.,-1.));
#2064=DIRECTION('',(1.,0.,0.));
#2065=DIRECTION('center_axis',(-1.,0.,0.));
#2066=DIRECTION('ref_axis',(0.,0.,-1.));
#2067=DIRECTION('center_axis',(-1.,0.,6.43929354282591E-17));
#2068=DIRECTION('ref_axis',(0.,0.,-1.));
#2069=DIRECTION('',(1.,0.,0.));
#2070=DIRECTION('center_axis',(-1.,0.,0.));
#2071=DIRECTION('ref_axis',(0.,0.,-1.));
#2072=DIRECTION('center_axis',(-1.,0.,6.43929354282591E-17));
#2073=DIRECTION('ref_axis',(6.43929354282591E-17,0.,1.));
#2074=DIRECTION('center_axis',(1.,0.,-6.43929354282591E-17));
#2075=DIRECTION('ref_axis',(0.,-0.707106781186547,0.707106781186547));
#2076=DIRECTION('',(-4.55326813018295E-17,-0.707106781186548,-0.707106781186547));
#2077=DIRECTION('',(6.43929354282591E-17,-1.7630424056412E-16,1.));
#2078=DIRECTION('',(4.55326813018295E-17,0.707106781186548,0.707106781186548));
#2079=DIRECTION('center_axis',(1.,0.,-6.43929354282591E-17));
#2080=DIRECTION('ref_axis',(0.,-1.,3.77475828372555E-15));
#2081=DIRECTION('',(-6.43929354282591E-17,1.93680720151405E-16,-1.));
#2082=DIRECTION('center_axis',(1.,0.,-6.43929354282591E-17));
#2083=DIRECTION('ref_axis',(0.,1.77635683940025E-15,1.));
#2084=DIRECTION('',(0.,-1.,0.));
#2085=DIRECTION('',(6.43929354282591E-17,-1.7630424056412E-16,1.));
#2086=DIRECTION('',(0.,1.,0.));
#2087=DIRECTION('',(6.43929354282591E-17,5.7684125472359E-17,1.));
#2088=DIRECTION('',(4.91442197355745E-17,-0.646170927435012,0.763192723063956));
#2089=DIRECTION('',(1.3824978635387E-17,0.0871557427476581,0.996194698091746));
#2090=DIRECTION('',(4.16210356166061E-17,0.763032366015144,0.646360277564557));
#2091=DIRECTION('',(-1.30408547958359E-17,-0.342020143325669,-0.939692620785908));
#2092=DIRECTION('',(-2.69551322145022E-17,-0.908168925285489,-0.418603873782602));
#2093=DIRECTION('center_axis',(-1.,0.,1.38777878078145E-17));
#2094=DIRECTION('ref_axis',(-1.38777878078145E-17,0.,-1.));
#2095=DIRECTION('',(6.04115230199038E-17,-0.346174767749622,0.938170043314907));
#2096=DIRECTION('',(1.25775471570645E-17,0.422618261740699,0.90630778703665));
#2097=DIRECTION('',(2.23061986132932E-17,0.93808411853789,0.346407544009929));
#2098=DIRECTION('center_axis',(1.,0.,-1.38777878078145E-17));
#2099=DIRECTION('ref_axis',(-1.38777878078145E-17,0.,-1.));
#2100=DIRECTION('',(-5.84863495056469E-17,0.418378518117949,-0.908272764965145));
#2101=DIRECTION('',(-1.06310022329606E-17,-0.642787609686539,-0.766044443118978));
#2102=DIRECTION('',(-5.32831612574087E-18,-0.996570594425647,-0.0827469052358579));
#2103=DIRECTION('center_axis',(-1.,0.,1.38777878078145E-17));
#2104=DIRECTION('ref_axis',(-1.38777878078145E-17,0.,-1.));
#2105=DIRECTION('',(6.43923050489087E-17,-0.00442482207818325,0.99999021042687));
#2106=DIRECTION('',(9.81307786677359E-18,0.707106781186547,0.707106781186547));
#2107=DIRECTION('',(3.0090485278527E-19,0.999989081717877,0.00467294821681971));
#2108=DIRECTION('center_axis',(1.,0.,-1.38777878078145E-17));
#2109=DIRECTION('ref_axis',(-1.38777878078145E-17,0.,-1.));
#2110=DIRECTION('',(-6.41734260692574E-17,0.0824996249186127,-0.996591095629641));
#2111=DIRECTION('',(-1.38777878078145E-17,0.,-1.));
#2112=DIRECTION('center_axis',(-1.,0.,6.43929354282591E-17));
#2113=DIRECTION('ref_axis',(0.,-0.349902681552215,-0.9367860553203));
#2114=DIRECTION('',(1.38777878078145E-17,0.,1.));
#2115=DIRECTION('center_axis',(-1.,0.,6.43929354282591E-17));
#2116=DIRECTION('ref_axis',(0.,0.707106781186547,0.707106781186547));
#2117=DIRECTION('center_axis',(-1.,0.,1.38777878078145E-17));
#2118=DIRECTION('ref_axis',(0.,-0.707106781186547,0.707106781186547));
#2119=DIRECTION('center_axis',(1.,0.,0.));
#2120=DIRECTION('ref_axis',(0.,-0.707106781186547,0.707106781186547));
#2121=DIRECTION('',(-1.,0.,1.38777878078145E-17));
#2122=DIRECTION('',(1.,0.,-1.38777878078145E-17));
#2123=DIRECTION('center_axis',(0.,1.,0.));
#2124=DIRECTION('ref_axis',(1.38777878078145E-17,0.,1.));
#2125=DIRECTION('',(0.,0.,1.));
#2126=DIRECTION('',(1.,0.,-1.38777878078145E-17));
#2127=DIRECTION('center_axis',(1.,0.,-1.38777878078145E-17));
#2128=DIRECTION('ref_axis',(0.,-0.349902681552215,-0.9367860553203));
#2129=DIRECTION('center_axis',(1.,0.,0.));
#2130=DIRECTION('ref_axis',(0.,0.9367860553203,-0.349902681552216));
#2131=DIRECTION('',(-1.,0.,1.38777878078145E-17));
#2132=DIRECTION('center_axis',(1.14491228884479E-18,0.996591095629641,0.0824996249186127));
#2133=DIRECTION('ref_axis',(0.,-0.0824996249186127,0.996591095629641));
#2134=DIRECTION('',(0.,-0.0824996249186127,0.996591095629641));
#2135=DIRECTION('',(-1.,0.,1.38777878078145E-17));
#2136=DIRECTION('',(1.,0.,-1.38777878078145E-17));
#2137=DIRECTION('center_axis',(-8.92047005272205E-18,0.766044443118978,
-0.642787609686539));
#2138=DIRECTION('ref_axis',(1.06310022329606E-17,0.642787609686539,0.766044443118978));
#2139=DIRECTION('',(0.,0.642787609686539,0.766044443118978));
#2140=DIRECTION('',(1.,0.,-1.38777878078145E-17));
#2141=DIRECTION('center_axis',(1.38776362862119E-17,-0.00467294821681971,
0.999989081717877));
#2142=DIRECTION('ref_axis',(1.,0.,-1.38777878078145E-17));
#2143=DIRECTION('',(1.,0.,-1.38777878078145E-17));
#2144=DIRECTION('',(0.,-0.999989081717877,-0.00467294821681971));
#2145=DIRECTION('',(-1.,0.,1.38777878078145E-17));
#2146=DIRECTION('center_axis',(9.81307786677359E-18,-0.707106781186548,
0.707106781186548));
#2147=DIRECTION('ref_axis',(-9.81307786677359E-18,-0.707106781186548,-0.707106781186548));
#2148=DIRECTION('',(-1.,0.,1.38777878078145E-17));
#2149=DIRECTION('',(0.,-0.707106781186548,-0.707106781186548));
#2150=DIRECTION('center_axis',(-1.38301952449467E-17,0.0827469052358579,
-0.996570594425647));
#2151=DIRECTION('ref_axis',(-1.,0.,1.38777878078145E-17));
#2152=DIRECTION('',(0.,0.996570594425647,0.0827469052358579));
#2153=DIRECTION('',(-1.,0.,1.38777878078145E-17));
#2154=DIRECTION('center_axis',(-6.14067418883598E-20,-0.99999021042687,
-0.00442482207818325));
#2155=DIRECTION('ref_axis',(0.,0.00442482207818325,-0.99999021042687));
#2156=DIRECTION('',(1.,0.,-1.38777878078145E-17));
#2157=DIRECTION('',(0.,0.00442482207818325,-0.99999021042687));
#2158=DIRECTION('center_axis',(1.,0.,-1.38777878078145E-17));
#2159=DIRECTION('ref_axis',(-1.38777878078145E-17,0.,-1.));
#2160=DIRECTION('center_axis',(1.,0.,0.));
#2161=DIRECTION('ref_axis',(-1.38777878078145E-17,0.,-1.));
#2162=DIRECTION('center_axis',(5.80616829778875E-18,0.908272764965145,0.418378518117949));
#2163=DIRECTION('ref_axis',(0.,-0.418378518117949,0.908272764965145));
#2164=DIRECTION('',(0.,-0.418378518117949,0.908272764965145));
#2165=DIRECTION('',(-1.,0.,1.38777878078145E-17));
#2166=DIRECTION('',(1.,0.,-1.38777878078145E-17));
#2167=DIRECTION('center_axis',(-4.74648297507192E-18,0.939692620785909,
-0.342020143325669));
#2168=DIRECTION('ref_axis',(1.30408547958359E-17,0.342020143325669,0.939692620785908));
#2169=DIRECTION('',(0.,0.342020143325669,0.939692620785908));
#2170=DIRECTION('',(1.,0.,-1.38777878078145E-17));
#2171=DIRECTION('center_axis',(1.30185323429495E-17,-0.346407544009929,
0.93808411853789));
#2172=DIRECTION('ref_axis',(1.,0.,-1.38777878078145E-17));
#2173=DIRECTION('',(1.,0.,-1.38777878078145E-17));
#2174=DIRECTION('',(0.,-0.93808411853789,-0.346407544009929));
#2175=DIRECTION('',(-1.,0.,1.38777878078145E-17));
#2176=DIRECTION('center_axis',(5.86500656014482E-18,-0.90630778703665,0.422618261740699));
#2177=DIRECTION('ref_axis',(-1.25775471570645E-17,-0.422618261740699,-0.90630778703665));
#2178=DIRECTION('',(-1.,0.,1.38777878078145E-17));
#2179=DIRECTION('',(0.,-0.422618261740699,-0.90630778703665));
#2180=DIRECTION('center_axis',(-4.80413997124871E-18,-0.938170043314907,
-0.346174767749622));
#2181=DIRECTION('ref_axis',(0.,0.346174767749622,-0.938170043314907));
#2182=DIRECTION('',(1.,0.,-1.38777878078145E-17));
#2183=DIRECTION('',(0.,0.346174767749622,-0.938170043314907));
#2184=DIRECTION('center_axis',(1.,0.,-1.38777878078145E-17));
#2185=DIRECTION('ref_axis',(-1.38777878078145E-17,0.,-1.));
#2186=DIRECTION('',(-1.,0.,1.38777878078145E-17));
#2187=DIRECTION('center_axis',(1.,0.,0.));
#2188=DIRECTION('ref_axis',(-1.38777878078145E-17,0.,-1.));
#2189=DIRECTION('center_axis',(-1.26033756387629E-17,0.418603873782601,
-0.908168925285489));
#2190=DIRECTION('ref_axis',(-1.,0.,1.38777878078145E-17));
#2191=DIRECTION('',(0.,0.908168925285489,0.418603873782602));
#2192=DIRECTION('center_axis',(1.05892012660528E-17,-0.646360277564557,
0.763032366015144));
#2193=DIRECTION('ref_axis',(1.,0.,-1.38777878078145E-17));
#2194=DIRECTION('',(0.,-0.763032366015144,-0.646360277564557));
#2195=DIRECTION('',(1.,0.,-1.38777878078145E-17));
#2196=DIRECTION('center_axis',(-8.96742301852177E-18,-0.763192723063956,
-0.646170927435012));
#2197=DIRECTION('ref_axis',(-1.,0.,1.38777878078145E-17));
#2198=DIRECTION('',(0.,0.646170927435012,-0.763192723063956));
#2199=DIRECTION('',(-1.,0.,1.38777878078145E-17));
#2200=DIRECTION('center_axis',(1.,0.,-1.38777878078145E-17));
#2201=DIRECTION('ref_axis',(-1.38777878078145E-17,0.,-1.));
#2202=DIRECTION('',(1.,0.,-1.38777878078145E-17));
#2203=DIRECTION('center_axis',(1.,0.,-1.38777878078145E-17));
#2204=DIRECTION('ref_axis',(1.38777878078145E-17,0.,1.));
#2205=DIRECTION('center_axis',(1.,0.,-1.38777878078145E-17));
#2206=DIRECTION('ref_axis',(1.38777878078145E-17,0.,1.));
#2207=DIRECTION('',(1.,0.,-1.38777878078145E-17));
#2208=DIRECTION('center_axis',(-1.,0.,1.38777878078145E-17));
#2209=DIRECTION('ref_axis',(1.38777878078145E-17,0.,1.));
#2210=DIRECTION('center_axis',(1.,0.,-1.38777878078145E-17));
#2211=DIRECTION('ref_axis',(1.38777878078145E-17,0.,1.));
#2212=DIRECTION('center_axis',(1.,0.,-1.38777878078145E-17));
#2213=DIRECTION('ref_axis',(1.38777878078145E-17,0.,1.));
#2214=DIRECTION('',(1.,0.,-1.38777878078145E-17));
#2215=DIRECTION('center_axis',(-1.,0.,1.38777878078145E-17));
#2216=DIRECTION('ref_axis',(1.38777878078145E-17,0.,1.));
#2217=DIRECTION('center_axis',(1.38777878078145E-17,0.,1.));
#2218=DIRECTION('ref_axis',(0.,-1.,0.));
#2219=DIRECTION('',(0.,1.,0.));
#2220=DIRECTION('',(1.,0.,-1.38777878078145E-17));
#2221=DIRECTION('',(0.,1.,0.));
#2222=DIRECTION('',(1.,0.,-1.38777878078145E-17));
#2223=DIRECTION('center_axis',(-1.38777878078145E-17,0.,-1.));
#2224=DIRECTION('ref_axis',(0.,1.,0.));
#2225=DIRECTION('',(0.,-1.,0.));
#2226=DIRECTION('',(-1.,0.,1.38777878078145E-17));
#2227=DIRECTION('',(0.,-1.,0.));
#2228=DIRECTION('',(-1.,0.,1.38777878078145E-17));
#2229=DIRECTION('center_axis',(0.,0.,-1.));
#2230=DIRECTION('ref_axis',(0.,1.,0.));
#2231=DIRECTION('',(1.,0.,0.));
#2232=DIRECTION('',(1.,0.,0.));
#2233=DIRECTION('',(0.,-1.,0.));
#2234=DIRECTION('center_axis',(1.,0.,-1.38777878078145E-17));
#2235=DIRECTION('ref_axis',(-1.38777878078145E-17,0.,-1.));
#2236=DIRECTION('',(-1.38777878078145E-17,0.,-1.));
#2237=DIRECTION('',(1.38777878078145E-17,-1.7630424056412E-16,1.));
#2238=DIRECTION('center_axis',(0.,0.,1.));
#2239=DIRECTION('ref_axis',(0.,-1.,0.));
#2240=DIRECTION('',(-1.,0.,0.));
#2241=DIRECTION('',(2.36877280859936E-15,1.,0.));
#2242=DIRECTION('',(-1.,0.,0.));
#2243=DIRECTION('center_axis',(-9.81307786677359E-18,0.707106781186548,
-0.707106781186548));
#2244=DIRECTION('ref_axis',(5.63020315516944E-16,0.707106781186548,0.707106781186548));
#2245=DIRECTION('',(-9.81307786677359E-18,-0.707106781186548,-0.707106781186548));
#2246=DIRECTION('',(-1.,0.,1.38777878078145E-17));
#2247=DIRECTION('',(-9.81307786677359E-18,-0.707106781186548,-0.707106781186548));
#2248=DIRECTION('',(1.,0.,-1.38777878078145E-17));
#2249=DIRECTION('center_axis',(9.81307786677359E-18,-0.707106781186548,
0.707106781186547));
#2250=DIRECTION('ref_axis',(-1.77943811984161E-15,-0.707106781186547,-0.707106781186548));
#2251=DIRECTION('',(9.8130778667736E-18,0.707106781186547,0.707106781186548));
#2252=DIRECTION('',(-1.,0.,1.38777878078145E-17));
#2253=DIRECTION('',(9.8130778667736E-18,0.707106781186547,0.707106781186548));
#2254=DIRECTION('',(1.,0.,-1.38777878078145E-17));
#2255=DIRECTION('center_axis',(1.,0.,-1.38777878078145E-17));
#2256=DIRECTION('ref_axis',(-1.38777878078145E-17,0.,-1.));
#2257=DIRECTION('',(1.38777878078145E-17,-1.7630424056412E-16,1.));
#2258=DIRECTION('',(-1.38777878078145E-17,0.,-1.));
#2259=DIRECTION('center_axis',(0.,1.,0.));
#2260=DIRECTION('ref_axis',(0.,0.,1.));
#2261=DIRECTION('',(-1.38777878078145E-17,0.,-1.));
#2262=DIRECTION('center_axis',(1.,0.,-1.38777878078145E-17));
#2263=DIRECTION('ref_axis',(-1.38777878078145E-17,0.,-1.));
#2264=DIRECTION('',(-3.74690730664769E-16,0.,-1.));
#2265=DIRECTION('center_axis',(1.,0.,-1.38777878078145E-17));
#2266=DIRECTION('ref_axis',(-1.38777878078145E-17,0.,-1.));
#2267=DIRECTION('',(-3.74690730664769E-16,0.,-1.));
#2268=DIRECTION('',(-1.38777878078145E-17,0.,-1.));
#2269=DIRECTION('center_axis',(0.,1.,0.));
#2270=DIRECTION('ref_axis',(0.,0.,1.));
#2271=DIRECTION('center_axis',(0.,0.707106781186547,-0.707106781186548));
#2272=DIRECTION('ref_axis',(0.,0.707106781186548,0.707106781186547));
#2273=DIRECTION('',(1.,-2.44671284016673E-33,-2.44671284016673E-33));
#2274=DIRECTION('',(1.,0.,0.));
#2275=DIRECTION('',(0.,-0.707106781186548,-0.707106781186547));
#2276=DIRECTION('center_axis',(-2.44671284016673E-33,-1.,-1.7630424056412E-16));
#2277=DIRECTION('ref_axis',(0.,-1.7630424056412E-16,1.));
#2278=DIRECTION('',(0.,0.,-1.));
#2279=DIRECTION('center_axis',(-2.44671284016673E-33,-1.,-1.7630424056412E-16));
#2280=DIRECTION('ref_axis',(0.,-1.7630424056412E-16,1.));
#2281=DIRECTION('',(-1.,0.,0.));
#2282=DIRECTION('',(0.,0.,-1.));
#2283=DIRECTION('center_axis',(0.,-0.707106781186548,0.707106781186548));
#2284=DIRECTION('ref_axis',(0.,-0.707106781186548,-0.707106781186548));
#2285=DIRECTION('',(4.60482527029051E-16,0.707106781186547,0.707106781186547));
#2286=DIRECTION('',(1.,0.,0.));
#2287=DIRECTION('center_axis',(1.,0.,0.));
#2288=DIRECTION('ref_axis',(0.,0.,-1.));
#2289=DIRECTION('center_axis',(1.,0.,0.));
#2290=DIRECTION('ref_axis',(0.,1.77635683940025E-15,1.));
#2291=DIRECTION('',(0.,1.93680720151405E-16,-1.));
#2292=DIRECTION('center_axis',(1.,0.,0.));
#2293=DIRECTION('ref_axis',(0.,-1.,3.77475828372555E-15));
#2294=DIRECTION('center_axis',(1.,0.,0.));
#2295=DIRECTION('ref_axis',(0.,-0.707106781186547,0.707106781186547));
#2296=DIRECTION('',(0.,5.7684125472359E-17,1.));
#2297=DIRECTION('center_axis',(0.,-1.,5.7684125472359E-17));
#2298=DIRECTION('ref_axis',(0.,-5.7684125472359E-17,-1.));
#2299=DIRECTION('center_axis',(1.,0.,0.));
#2300=DIRECTION('ref_axis',(0.,-0.707106781186547,0.707106781186547));
#2301=DIRECTION('center_axis',(1.,0.,0.));
#2302=DIRECTION('ref_axis',(0.,-1.,3.77475828372555E-15));
#2303=DIRECTION('',(1.,0.,0.));
#2304=DIRECTION('center_axis',(1.,0.,0.));
#2305=DIRECTION('ref_axis',(0.,1.77635683940025E-15,1.));
#2306=DIRECTION('',(1.,0.,0.));
#2307=DIRECTION('center_axis',(0.,1.,1.93680720151405E-16));
#2308=DIRECTION('ref_axis',(0.,-1.93680720151405E-16,1.));
#2309=DIRECTION('center_axis',(0.,-1.,0.));
#2310=DIRECTION('ref_axis',(-1.38777878078145E-17,0.,-1.));
#2311=DIRECTION('',(0.,0.,-1.));
#2312=DIRECTION('center_axis',(1.20952890408446E-18,-0.996194698091746,
0.0871557427476581));
#2313=DIRECTION('ref_axis',(-1.3824978635387E-17,-0.0871557427476581,-0.996194698091746));
#2314=DIRECTION('',(0.,-0.0871557427476581,-0.996194698091746));
#2315=DIRECTION('center_axis',(1.,0.,-1.38777878078145E-17));
#2316=DIRECTION('ref_axis',(-1.38777878078145E-17,0.,-1.));
#2317=DIRECTION('center_axis',(-1.,0.,0.));
#2318=DIRECTION('ref_axis',(-1.38777878078145E-17,0.,-1.));
#2319=DIRECTION('center_axis',(1.,0.,-1.38777878078145E-17));
#2320=DIRECTION('ref_axis',(-1.38777878078145E-17,0.,-1.));
#2321=DIRECTION('center_axis',(-1.,0.,0.));
#2322=DIRECTION('ref_axis',(-1.38777878078145E-17,0.,-1.));
#2323=DIRECTION('center_axis',(1.,0.,-1.38777878078145E-17));
#2324=DIRECTION('ref_axis',(1.38777878078145E-17,0.,1.));
#2325=DIRECTION('center_axis',(1.,0.,-1.38777878078145E-17));
#2326=DIRECTION('ref_axis',(1.38777878078145E-17,0.,1.));
#2327=DIRECTION('',(1.,0.,-1.38777878078145E-17));
#2328=DIRECTION('center_axis',(-1.,0.,1.38777878078145E-17));
#2329=DIRECTION('ref_axis',(1.38777878078145E-17,0.,1.));
#2330=DIRECTION('center_axis',(1.,0.,-1.38777878078145E-17));
#2331=DIRECTION('ref_axis',(1.38777878078145E-17,0.,1.));
#2332=DIRECTION('center_axis',(1.,0.,-1.38777878078145E-17));
#2333=DIRECTION('ref_axis',(1.38777878078145E-17,0.,1.));
#2334=DIRECTION('',(1.,0.,-1.38777878078145E-17));
#2335=DIRECTION('center_axis',(-1.,0.,1.38777878078145E-17));
#2336=DIRECTION('ref_axis',(1.38777878078145E-17,0.,1.));
#2337=DIRECTION('center_axis',(1.38777878078145E-17,0.,1.));
#2338=DIRECTION('ref_axis',(0.,-1.,0.));
#2339=DIRECTION('',(0.,1.,0.));
#2340=DIRECTION('',(1.,0.,-1.38777878078145E-17));
#2341=DIRECTION('',(0.,1.,0.));
#2342=DIRECTION('',(1.,0.,-1.38777878078145E-17));
#2343=DIRECTION('center_axis',(-1.38777878078145E-17,0.,-1.));
#2344=DIRECTION('ref_axis',(0.,1.,0.));
#2345=DIRECTION('',(0.,-1.,0.));
#2346=DIRECTION('',(-1.,0.,1.38777878078145E-17));
#2347=DIRECTION('',(0.,-1.,0.));
#2348=DIRECTION('',(-1.,0.,1.38777878078145E-17));
#2349=DIRECTION('center_axis',(0.,0.,-1.));
#2350=DIRECTION('ref_axis',(0.,1.,0.));
#2351=DIRECTION('',(1.,0.,0.));
#2352=DIRECTION('',(0.,-1.,0.));
#2353=DIRECTION('',(1.,0.,0.));
#2354=DIRECTION('',(0.,-1.,0.));
#2355=DIRECTION('center_axis',(1.,0.,-1.38777878078145E-17));
#2356=DIRECTION('ref_axis',(-1.38777878078145E-17,0.,-1.));
#2357=DIRECTION('',(-1.38777878078145E-17,0.,-1.));
#2358=DIRECTION('',(1.38777878078145E-17,-1.7630424056412E-16,1.));
#2359=DIRECTION('center_axis',(0.,0.,1.));
#2360=DIRECTION('ref_axis',(0.,-1.,0.));
#2361=DIRECTION('',(-1.,0.,0.));
#2362=DIRECTION('',(2.36877280859936E-15,1.,0.));
#2363=DIRECTION('',(-1.,0.,0.));
#2364=DIRECTION('',(0.,1.,0.));
#2365=DIRECTION('center_axis',(-9.81307786677359E-18,0.707106781186548,
-0.707106781186548));
#2366=DIRECTION('ref_axis',(5.63020315516944E-16,0.707106781186548,0.707106781186548));
#2367=DIRECTION('',(-9.81307786677359E-18,-0.707106781186548,-0.707106781186548));
#2368=DIRECTION('',(-1.,0.,1.38777878078145E-17));
#2369=DIRECTION('',(-9.81307786677359E-18,-0.707106781186548,-0.707106781186548));
#2370=DIRECTION('',(1.,0.,-1.38777878078145E-17));
#2371=DIRECTION('center_axis',(9.81307786677359E-18,-0.707106781186548,
0.707106781186547));
#2372=DIRECTION('ref_axis',(-1.77943811984161E-15,-0.707106781186547,-0.707106781186548));
#2373=DIRECTION('',(9.8130778667736E-18,0.707106781186547,0.707106781186548));
#2374=DIRECTION('',(-1.,0.,1.38777878078145E-17));
#2375=DIRECTION('',(9.8130778667736E-18,0.707106781186547,0.707106781186548));
#2376=DIRECTION('',(1.,0.,-1.38777878078145E-17));
#2377=DIRECTION('center_axis',(1.,0.,-1.38777878078145E-17));
#2378=DIRECTION('ref_axis',(-1.38777878078145E-17,0.,-1.));
#2379=DIRECTION('',(1.38777878078145E-17,-1.7630424056412E-16,1.));
#2380=DIRECTION('',(-1.38777878078145E-17,0.,-1.));
#2381=DIRECTION('center_axis',(0.,1.,0.));
#2382=DIRECTION('ref_axis',(0.,0.,1.));
#2383=DIRECTION('',(-1.38777878078145E-17,0.,-1.));
#2384=DIRECTION('center_axis',(1.,0.,-1.38777878078145E-17));
#2385=DIRECTION('ref_axis',(-1.38777878078145E-17,0.,-1.));
#2386=DIRECTION('',(-3.74690730664769E-16,0.,-1.));
#2387=DIRECTION('center_axis',(1.,0.,-1.38777878078145E-17));
#2388=DIRECTION('ref_axis',(-1.38777878078145E-17,0.,-1.));
#2389=DIRECTION('',(-3.74690730664769E-16,0.,-1.));
#2390=DIRECTION('',(-1.38777878078145E-17,0.,-1.));
#2391=DIRECTION('center_axis',(0.,1.,0.));
#2392=DIRECTION('ref_axis',(0.,0.,1.));
#2393=DIRECTION('center_axis',(0.,0.707106781186547,-0.707106781186548));
#2394=DIRECTION('ref_axis',(0.,0.707106781186548,0.707106781186547));
#2395=DIRECTION('',(1.,-2.44671284016673E-33,-2.44671284016673E-33));
#2396=DIRECTION('',(-4.55326813018295E-17,-0.707106781186548,-0.707106781186547));
#2397=DIRECTION('',(1.,0.,0.));
#2398=DIRECTION('',(0.,-0.707106781186548,-0.707106781186547));
#2399=DIRECTION('center_axis',(-2.44671284016673E-33,-1.,-1.7630424056412E-16));
#2400=DIRECTION('ref_axis',(0.,-1.7630424056412E-16,1.));
#2401=DIRECTION('',(0.,0.,-1.));
#2402=DIRECTION('',(6.43929354282591E-17,-1.7630424056412E-16,1.));
#2403=DIRECTION('center_axis',(-2.44671284016673E-33,-1.,-1.7630424056412E-16));
#2404=DIRECTION('ref_axis',(0.,-1.7630424056412E-16,1.));
#2405=DIRECTION('',(-1.,0.,0.));
#2406=DIRECTION('',(6.43929354282591E-17,-1.7630424056412E-16,1.));
#2407=DIRECTION('',(0.,0.,-1.));
#2408=DIRECTION('center_axis',(0.,-0.707106781186548,0.707106781186548));
#2409=DIRECTION('ref_axis',(0.,-0.707106781186548,-0.707106781186548));
#2410=DIRECTION('',(4.60482527029051E-16,0.707106781186547,0.707106781186547));
#2411=DIRECTION('',(1.,0.,0.));
#2412=DIRECTION('',(4.55326813018295E-17,0.707106781186548,0.707106781186548));
#2413=DIRECTION('center_axis',(1.,0.,0.));
#2414=DIRECTION('ref_axis',(0.,0.,-1.));
#2415=DIRECTION('',(0.,5.7684125472359E-17,1.));
#2416=DIRECTION('center_axis',(1.,0.,0.));
#2417=DIRECTION('ref_axis',(0.,1.77635683940025E-15,1.));
#2418=DIRECTION('',(0.,1.93680720151405E-16,-1.));
#2419=DIRECTION('center_axis',(1.,0.,0.));
#2420=DIRECTION('ref_axis',(0.,-1.,3.77475828372555E-15));
#2421=DIRECTION('center_axis',(1.,0.,0.));
#2422=DIRECTION('ref_axis',(0.,-0.707106781186547,0.707106781186547));
#2423=DIRECTION('center_axis',(0.,-1.,5.7684125472359E-17));
#2424=DIRECTION('ref_axis',(0.,-5.7684125472359E-17,-1.));
#2425=DIRECTION('',(6.43929354282591E-17,5.7684125472359E-17,1.));
#2426=DIRECTION('center_axis',(0.,1.,0.));
#2427=DIRECTION('ref_axis',(0.,0.,1.));
#2428=DIRECTION('center_axis',(1.,0.,0.));
#2429=DIRECTION('ref_axis',(0.,-0.707106781186547,0.707106781186547));
#2430=DIRECTION('center_axis',(1.,0.,-6.43929354282591E-17));
#2431=DIRECTION('ref_axis',(0.,-0.707106781186547,0.707106781186547));
#2432=DIRECTION('center_axis',(1.,0.,0.));
#2433=DIRECTION('ref_axis',(0.,-1.,3.77475828372555E-15));
#2434=DIRECTION('center_axis',(1.,0.,-6.43929354282591E-17));
#2435=DIRECTION('ref_axis',(0.,-1.,3.77475828372555E-15));
#2436=DIRECTION('',(1.,0.,0.));
#2437=DIRECTION('center_axis',(1.,0.,0.));
#2438=DIRECTION('ref_axis',(0.,1.77635683940025E-15,1.));
#2439=DIRECTION('center_axis',(1.,0.,-6.43929354282591E-17));
#2440=DIRECTION('ref_axis',(0.,1.77635683940025E-15,1.));
#2441=DIRECTION('',(1.,0.,0.));
#2442=DIRECTION('center_axis',(0.,1.,1.93680720151405E-16));
#2443=DIRECTION('ref_axis',(0.,-1.93680720151405E-16,1.));
#2444=DIRECTION('',(-6.43929354282591E-17,1.93680720151405E-16,-1.));
#2445=DIRECTION('center_axis',(-1.,0.,6.43929354282591E-17));
#2446=DIRECTION('ref_axis',(6.43929354282591E-17,0.,1.));
#2447=CARTESIAN_POINT('',(0.,0.,0.));
#2448=CARTESIAN_POINT('Origin',(-43.7500001862645,256.422092457396,-4.58820937220316));
#2449=CARTESIAN_POINT('',(-49.9960531409932,256.644179122294,-211.725257230405));
#2450=CARTESIAN_POINT('',(-43.7500001862645,262.672092457396,-212.037649215624));
#2451=CARTESIAN_POINT('Ctrl Pts',(-49.9960531409932,256.644179122294,-211.725257230405));
#2452=CARTESIAN_POINT('Ctrl Pts',(-49.9704894664626,257.363141987125,-211.768573785324));
#2453=CARTESIAN_POINT('Ctrl Pts',(-49.813324217358,258.115991097733,-211.811583145008));
#2454=CARTESIAN_POINT('Ctrl Pts',(-49.2051921201001,259.58410833447,-211.891127818279));
#2455=CARTESIAN_POINT('Ctrl Pts',(-48.7238661991294,260.287348669194,-211.926627812767));
#2456=CARTESIAN_POINT('Ctrl Pts',(-47.6136075997752,261.397032236717,-211.980462882545));
#2457=CARTESIAN_POINT('Ctrl Pts',(-46.9110685184715,261.877754570075,-212.002430649461));
#2458=CARTESIAN_POINT('Ctrl Pts',(-45.3716006158381,262.515286544147,-212.030950206192));
#2459=CARTESIAN_POINT('Ctrl Pts',(-44.5346729817251,262.672092457396,-212.037649215624));
#2460=CARTESIAN_POINT('Ctrl Pts',(-43.7500001862645,262.672092457396,-212.037649215624));
#2461=CARTESIAN_POINT('',(-43.7500001862645,262.672092457396,-205.781659612868));
#2462=CARTESIAN_POINT('',(-43.7500001862645,262.672092457396,-4.58820937220316));
#2463=CARTESIAN_POINT('',(-49.9960531409932,256.644179122294,-205.463722915988));
#2464=CARTESIAN_POINT('Ctrl Pts',(-49.9960531409932,256.644179122294,-205.463722915988));
#2465=CARTESIAN_POINT('Ctrl Pts',(-49.9704896986176,257.363135457906,-205.507808592745));
#2466=CARTESIAN_POINT('Ctrl Pts',(-49.8133266929112,258.115985851304,-205.551581826377));
#2467=CARTESIAN_POINT('Ctrl Pts',(-49.2051872207873,259.584119356635,-205.632539501843));
#2468=CARTESIAN_POINT('Ctrl Pts',(-48.7238496491963,260.287375498735,-205.668670228844));
#2469=CARTESIAN_POINT('Ctrl Pts',(-47.6135754755282,261.397054073196,-205.723460058718));
#2470=CARTESIAN_POINT('Ctrl Pts',(-46.9110456763769,261.877766471357,-205.745816998455));
#2471=CARTESIAN_POINT('Ctrl Pts',(-45.3715921836058,262.515287594292,-205.774841857503));
#2472=CARTESIAN_POINT('Ctrl Pts',(-44.5346697194423,262.672092457396,-205.781659612868));
#2473=CARTESIAN_POINT('Ctrl Pts',(-43.7500001862645,262.672092457396,-205.781659612868));
#2474=CARTESIAN_POINT('',(-49.9960531409932,256.644179122294,-4.58820937220316));
#2475=CARTESIAN_POINT('Origin',(-31.2499998137355,262.672092457396,-4.58820937220316));
#2476=CARTESIAN_POINT('',(-31.2499998137355,262.672092457396,-212.037649215624));
#2477=CARTESIAN_POINT('',(-37.5,262.672092457396,-212.037649215624));
#2478=CARTESIAN_POINT('',(-31.2499998137355,262.672092457396,-205.781659612868));
#2479=CARTESIAN_POINT('',(-31.2499998137355,262.672092457396,-4.58820937220316));
#2480=CARTESIAN_POINT('',(-37.5,262.672092457396,-205.781659612868));
#2481=CARTESIAN_POINT('Origin',(-31.2499998137355,256.422092457396,-4.58820937220316));
#2482=CARTESIAN_POINT('',(-25.0039468590068,256.644179122294,-211.725257230405));
#2483=CARTESIAN_POINT('Ctrl Pts',(-31.2499998137355,262.672092457396,-212.037649215624));
#2484=CARTESIAN_POINT('Ctrl Pts',(-30.4653270182749,262.672092457396,-212.037649215624));
#2485=CARTESIAN_POINT('Ctrl Pts',(-29.6283993841619,262.515286544147,-212.030950206192));
#2486=CARTESIAN_POINT('Ctrl Pts',(-28.0889314815285,261.877754570075,-212.002430649461));
#2487=CARTESIAN_POINT('Ctrl Pts',(-27.3863924002248,261.397032236717,-211.980462882545));
#2488=CARTESIAN_POINT('Ctrl Pts',(-26.2761338008706,260.287348669194,-211.926627812767));
#2489=CARTESIAN_POINT('Ctrl Pts',(-25.7948078798999,259.58410833447,-211.891127818279));
#2490=CARTESIAN_POINT('Ctrl Pts',(-25.186675782642,258.115991097733,-211.811583145008));
#2491=CARTESIAN_POINT('Ctrl Pts',(-25.0295105335374,257.363141987126,-211.768573785324));
#2492=CARTESIAN_POINT('Ctrl Pts',(-25.0039468590068,256.644179122294,-211.725257230405));
#2493=CARTESIAN_POINT('',(-25.0039468590068,256.644179122294,-205.463722915988));
#2494=CARTESIAN_POINT('',(-25.0039468590068,256.644179122294,-4.58820937220316));
#2495=CARTESIAN_POINT('Ctrl Pts',(-31.2499998137355,262.672092457396,-205.781659612868));
#2496=CARTESIAN_POINT('Ctrl Pts',(-30.4653302805577,262.672092457396,-205.781659612868));
#2497=CARTESIAN_POINT('Ctrl Pts',(-29.6284078163942,262.515287594292,-205.774841857503));
#2498=CARTESIAN_POINT('Ctrl Pts',(-28.0889543236231,261.877766471357,-205.745816998455));
#2499=CARTESIAN_POINT('Ctrl Pts',(-27.3864245244719,261.397054073196,-205.723460058718));
#2500=CARTESIAN_POINT('Ctrl Pts',(-26.2761503508037,260.287375498735,-205.668670228844));
#2501=CARTESIAN_POINT('Ctrl Pts',(-25.7948127792128,259.584119356635,-205.632539501843));
#2502=CARTESIAN_POINT('Ctrl Pts',(-25.1866733070889,258.115985851304,-205.551581826377));
#2503=CARTESIAN_POINT('Ctrl Pts',(-25.0295103013824,257.363135457906,-205.507808592745));
#2504=CARTESIAN_POINT('Ctrl Pts',(-25.0039468590068,256.644179122294,-205.463722915988));
#2505=CARTESIAN_POINT('Origin',(0.,278.256853757568,146.999265098512));
#2506=CARTESIAN_POINT('',(-12.5,278.297092457396,-181.125732434207));
#2507=CARTESIAN_POINT('',(-12.5000323830803,278.256853757568,-181.125734901488));
#2508=CARTESIAN_POINT('Ctrl Pts',(-12.5,278.297092457396,-181.125732434207));
#2509=CARTESIAN_POINT('Ctrl Pts',(-12.5,278.283683442145,-181.125734078584));
#2510=CARTESIAN_POINT('Ctrl Pts',(-12.5000107881144,278.270270529247,-181.125734901488));
#2511=CARTESIAN_POINT('Ctrl Pts',(-12.5000323830803,278.256853757568,-181.125734901488));
#2512=CARTESIAN_POINT('',(-62.5,278.297092457396,-181.125732434207));
#2513=CARTESIAN_POINT('Ctrl Pts',(-62.5,278.297092457396,-181.125732434207));
#2514=CARTESIAN_POINT('Ctrl Pts',(-62.5,279.867278078161,-181.125539878844));
#2515=CARTESIAN_POINT('Ctrl Pts',(-62.3496880829388,281.490901537955,-181.11377088666));
#2516=CARTESIAN_POINT('Ctrl Pts',(-61.7167259555955,284.720300242744,-181.066044417727));
#2517=CARTESIAN_POINT('Ctrl Pts',(-61.2342132420106,286.326102886216,-181.030117438715));
#2518=CARTESIAN_POINT('Ctrl Pts',(-59.9583492531847,289.405667302782,-180.939894725145));
#2519=CARTESIAN_POINT('Ctrl Pts',(-59.1639822617516,290.881893163568,-180.885608634162));
#2520=CARTESIAN_POINT('Ctrl Pts',(-57.3284317783495,293.611746533081,-180.769112434387));
#2521=CARTESIAN_POINT('Ctrl Pts',(-56.2871323978745,294.865301159764,-180.707020527617));
#2522=CARTESIAN_POINT('Ctrl Pts',(-54.0681765053809,297.084252970402,-180.587027651365));
#2523=CARTESIAN_POINT('Ctrl Pts',(-52.8146229595809,298.125547940887,-180.52492685403));
#2524=CARTESIAN_POINT('Ctrl Pts',(-50.0847735717492,299.961090181539,-180.408412642826));
#2525=CARTESIAN_POINT('Ctrl Pts',(-48.6085506218934,300.755453412116,-180.354118302883));
#2526=CARTESIAN_POINT('Ctrl Pts',(-45.5289927840317,302.031311343885,-180.263931395212));
#2527=CARTESIAN_POINT('Ctrl Pts',(-43.923193742095,302.513821880647,-180.228050153073));
#2528=CARTESIAN_POINT('Ctrl Pts',(-40.693802197333,303.146781174265,-180.180514017622));
#2529=CARTESIAN_POINT('Ctrl Pts',(-39.0701822887266,303.297092457396,-180.168890550621));
#2530=CARTESIAN_POINT('Ctrl Pts',(-37.5,303.297092457396,-180.168890550621));
#2531=CARTESIAN_POINT('Ctrl Pts',(-35.9298177112734,303.297092457396,-180.168890550621));
#2532=CARTESIAN_POINT('Ctrl Pts',(-34.306197802667,303.146781174265,-180.180514017622));
#2533=CARTESIAN_POINT('Ctrl Pts',(-31.076806257905,302.513821880647,-180.228050153073));
#2534=CARTESIAN_POINT('Ctrl Pts',(-29.4710072159683,302.031311343885,-180.263931395212));
#2535=CARTESIAN_POINT('Ctrl Pts',(-26.3914493781066,300.755453412116,-180.354118302883));
#2536=CARTESIAN_POINT('Ctrl Pts',(-24.9152264282508,299.961090181539,-180.408412642826));
#2537=CARTESIAN_POINT('Ctrl Pts',(-22.1853770404191,298.125547940887,-180.52492685403));
#2538=CARTESIAN_POINT('Ctrl Pts',(-20.9318234946191,297.084252970403,-180.587027651365));
#2539=CARTESIAN_POINT('Ctrl Pts',(-18.7128676021255,294.865301159764,-180.707020527617));
#2540=CARTESIAN_POINT('Ctrl Pts',(-17.6715682216505,293.611746533081,-180.769112434387));
#2541=CARTESIAN_POINT('Ctrl Pts',(-15.8360177382485,290.881893163568,-180.885608634162));
#2542=CARTESIAN_POINT('Ctrl Pts',(-15.0416507468153,289.405667302782,-180.939894725145));
#2543=CARTESIAN_POINT('Ctrl Pts',(-13.7657867579894,286.326102886216,-181.030117438715));
#2544=CARTESIAN_POINT('Ctrl Pts',(-13.2832740444045,284.720300242744,-181.066044417727));
#2545=CARTESIAN_POINT('Ctrl Pts',(-12.6503119170612,281.490901537955,-181.11377088666));
#2546=CARTESIAN_POINT('Ctrl Pts',(-12.5,279.867278078161,-181.125539878844));
#2547=CARTESIAN_POINT('Ctrl Pts',(-12.5,278.297092457396,-181.125732434207));
#2548=CARTESIAN_POINT('',(-62.4999676169197,278.256853757568,-181.125734901488));
#2549=CARTESIAN_POINT('Ctrl Pts',(-62.4999676169197,278.256853757568,-181.125734901488));
#2550=CARTESIAN_POINT('Ctrl Pts',(-62.4999892118856,278.270270529247,-181.125734901488));
#2551=CARTESIAN_POINT('Ctrl Pts',(-62.5,278.283683442145,-181.125734078584));
#2552=CARTESIAN_POINT('Ctrl Pts',(-62.5,278.297092457396,-181.125732434207));
#2553=CARTESIAN_POINT('',(-62.5,35.9800224791079,-74.2877716900633));
#2554=CARTESIAN_POINT('Origin',(-62.5,278.256853757568,146.999265098512));
#2555=CARTESIAN_POINT('',(-50.,35.9800224791079,-74.2877716900633));
#2556=CARTESIAN_POINT('',(-37.5,35.9800224791079,-74.2877716900633));
#2557=CARTESIAN_POINT('',(-50.,256.646457362786,-180.413328417162));
#2558=CARTESIAN_POINT('Origin',(-50.,278.256853757568,146.999265098512));
#2559=CARTESIAN_POINT('',(-49.9960531409932,256.644179122294,-180.413178037221));
#2560=CARTESIAN_POINT('Ctrl Pts',(-49.9960531409932,256.644179122294,-180.413178037221));
#2561=CARTESIAN_POINT('Ctrl Pts',(-49.9973688229425,256.644938411877,-180.413228158342));
#2562=CARTESIAN_POINT('Ctrl Pts',(-49.9986844778803,256.645697845735,-180.413278286334));
#2563=CARTESIAN_POINT('Ctrl Pts',(-50.0000000000001,256.646457362785,-180.413328417162));
#2564=CARTESIAN_POINT('',(-43.7500001862645,262.672092457396,-180.755415783724));
#2565=CARTESIAN_POINT('Ctrl Pts',(-43.7500001862645,262.672092457396,-180.755415783724));
#2566=CARTESIAN_POINT('Ctrl Pts',(-44.5346547468178,262.672092457396,-180.755415783724));
#2567=CARTESIAN_POINT('Ctrl Pts',(-45.3715534836121,262.515292414427,-180.74807769445));
#2568=CARTESIAN_POINT('Ctrl Pts',(-46.9109408470576,261.877821088782,-180.716838793632));
#2569=CARTESIAN_POINT('Ctrl Pts',(-47.613428050609,261.397154284442,-180.692776676758));
#2570=CARTESIAN_POINT('Ctrl Pts',(-48.7237737176625,260.287498602831,-180.63380286563));
#2571=CARTESIAN_POINT('Ctrl Pts',(-49.2051647528111,259.584169910703,-180.594907397037));
#2572=CARTESIAN_POINT('Ctrl Pts',(-49.8133380594198,258.115961751811,-180.50775616862));
#2573=CARTESIAN_POINT('Ctrl Pts',(-49.9704907644306,257.363105482562,-180.460634759887));
#2574=CARTESIAN_POINT('Ctrl Pts',(-49.9960531409932,256.644179122294,-180.413178037221));
#2575=CARTESIAN_POINT('',(-31.2499998137355,262.672092457396,-180.755415783724));
#2576=CARTESIAN_POINT('',(-37.5,262.672092457396,-180.755415783724));
#2577=CARTESIAN_POINT('',(-25.0039468590068,256.644179122294,-180.413178037221));
#2578=CARTESIAN_POINT('Ctrl Pts',(-25.0039468590068,256.644179122294,-180.413178037221));
#2579=CARTESIAN_POINT('Ctrl Pts',(-25.0295092355694,257.363105482562,-180.460634759887));
#2580=CARTESIAN_POINT('Ctrl Pts',(-25.1866619405802,258.115961751812,-180.50775616862));
#2581=CARTESIAN_POINT('Ctrl Pts',(-25.7948352471889,259.584169910703,-180.594907397037));
#2582=CARTESIAN_POINT('Ctrl Pts',(-26.2762262823375,260.287498602831,-180.63380286563));
#2583=CARTESIAN_POINT('Ctrl Pts',(-27.386571949391,261.397154284442,-180.692776676758));
#2584=CARTESIAN_POINT('Ctrl Pts',(-28.0890591529424,261.877821088782,-180.716838793632));
#2585=CARTESIAN_POINT('Ctrl Pts',(-29.6284465163879,262.515292414427,-180.74807769445));
#2586=CARTESIAN_POINT('Ctrl Pts',(-30.4653452531821,262.672092457396,-180.755415783724));
#2587=CARTESIAN_POINT('Ctrl Pts',(-31.2499998137355,262.672092457396,-180.755415783724));
#2588=CARTESIAN_POINT('',(-25.,256.646457362786,-180.413328417162));
#2589=CARTESIAN_POINT('Ctrl Pts',(-25.,256.646457362785,-180.413328417162));
#2590=CARTESIAN_POINT('Ctrl Pts',(-25.0013155220752,256.645697845761,-180.413278286335));
#2591=CARTESIAN_POINT('Ctrl Pts',(-25.0026311771013,256.644938411852,-180.41322815834));
#2592=CARTESIAN_POINT('Ctrl Pts',(-25.0039468590068,256.644179122294,-180.413178037221));
#2593=CARTESIAN_POINT('',(-25.,35.9800224791079,-74.2877716900633));
#2594=CARTESIAN_POINT('Origin',(-25.,278.256853757568,146.999265098512));
#2595=CARTESIAN_POINT('',(-12.5,35.9800224791079,-74.2877716900633));
#2596=CARTESIAN_POINT('',(0.,35.9800224791079,-74.2877716900633));
#2597=CARTESIAN_POINT('Origin',(-12.5,278.256853757568,146.999265098512));
#2598=CARTESIAN_POINT('',(-37.5,281.422092457396,-181.110467900942));
#2599=CARTESIAN_POINT('',(-40.625,278.297092457396,-181.125732434207));
#2600=CARTESIAN_POINT('Ctrl Pts',(-37.5,281.422092457396,-181.110467900942));
#2601=CARTESIAN_POINT('Ctrl Pts',(-37.8923845983148,281.422092457396,-181.110467900942));
#2602=CARTESIAN_POINT('Ctrl Pts',(-38.3109217988794,281.343673808446,-181.111253776214));
#2603=CARTESIAN_POINT('Ctrl Pts',(-39.0808564690579,281.024755361401,-181.114099114192));
#2604=CARTESIAN_POINT('Ctrl Pts',(-39.4322541423946,280.784255697418,-181.11611834012));
#2605=CARTESIAN_POINT('Ctrl Pts',(-39.987163269667,280.229346570145,-181.119923431764));
#2606=CARTESIAN_POINT('Ctrl Pts',(-40.2276629111676,279.877948908777,-181.121956216796));
#2607=CARTESIAN_POINT('Ctrl Pts',(-40.5465813436806,279.10801427445,-181.124856771113));
#2608=CARTESIAN_POINT('Ctrl Pts',(-40.625,278.689477094687,-181.125684315204));
#2609=CARTESIAN_POINT('Ctrl Pts',(-40.625,278.297092457396,-181.125732434207));
#2610=CARTESIAN_POINT('Ctrl Pts',(-40.625,278.297092457396,-181.125732434207));
#2611=CARTESIAN_POINT('Ctrl Pts',(-40.625,277.90470805602,-181.125780553181));
#2612=CARTESIAN_POINT('Ctrl Pts',(-40.5465814232951,277.486170920747,-181.125055662193));
#2613=CARTESIAN_POINT('Ctrl Pts',(-40.227663025284,276.716236193318,-181.12234394946));
#2614=CARTESIAN_POINT('Ctrl Pts',(-39.9871633320039,276.364838406984,-181.120397353094));
#2615=CARTESIAN_POINT('Ctrl Pts',(-39.4322540230389,275.809929098019,-181.116728368994));
#2616=CARTESIAN_POINT('Ctrl Pts',(-39.0808562504261,275.569429427017,-181.114768134776));
#2617=CARTESIAN_POINT('Ctrl Pts',(-38.3109215589465,275.250511042778,-181.112001025694));
#2618=CARTESIAN_POINT('Ctrl Pts',(-37.892384443039,275.172092457396,-181.111234387135));
#2619=CARTESIAN_POINT('Ctrl Pts',(-37.1076154977734,275.172092457396,-181.111234387135));
#2620=CARTESIAN_POINT('Ctrl Pts',(-36.6890783227801,275.250511066244,-181.112001025931));
#2621=CARTESIAN_POINT('Ctrl Pts',(-35.9191435410637,275.569429538909,-181.114768135714));
#2622=CARTESIAN_POINT('Ctrl Pts',(-35.5677457372998,275.809929274873,-181.116728370375));
#2623=CARTESIAN_POINT('Ctrl Pts',(-35.0128364911429,276.364838646646,-181.120397354467));
#2624=CARTESIAN_POINT('Ctrl Pts',(-34.7723368628234,276.716236401829,-181.122343950386));
#2625=CARTESIAN_POINT('Ctrl Pts',(-34.4534185532388,277.48617103902,-181.125055662418));
#2626=CARTESIAN_POINT('Ctrl Pts',(-34.375,277.904708115207,-181.125780553173));
#2627=CARTESIAN_POINT('Ctrl Pts',(-34.375,278.689477155418,-181.125684315197));
#2628=CARTESIAN_POINT('Ctrl Pts',(-34.4534186803976,279.108014395809,-181.124856770853));
#2629=CARTESIAN_POINT('Ctrl Pts',(-34.7723372036443,279.877949122727,-181.121956215793));
#2630=CARTESIAN_POINT('Ctrl Pts',(-35.0128369118003,280.229346816059,-181.119923430295));
#2631=CARTESIAN_POINT('Ctrl Pts',(-35.5677461035195,280.784255878885,-181.116118338659));
#2632=CARTESIAN_POINT('Ctrl Pts',(-35.9191437448924,281.024755476213,-181.114099113202));
#2633=CARTESIAN_POINT('Ctrl Pts',(-36.6890783224799,281.343673832524,-181.111253775965));
#2634=CARTESIAN_POINT('Ctrl Pts',(-37.107615462417,281.422092457396,-181.110467900942));
#2635=CARTESIAN_POINT('Ctrl Pts',(-37.5,281.422092457396,-181.110467900942));
#2636=CARTESIAN_POINT('Origin',(-31.2499998137355,256.422092457396,-4.58820937220316));
#2637=CARTESIAN_POINT('',(-31.2499998137355,262.672092457396,-187.012345238938));
#2638=CARTESIAN_POINT('',(-31.2499998137355,262.672092457396,-4.58820937220316));
#2639=CARTESIAN_POINT('',(-25.0039468590068,256.644179122294,-186.676525033331));
#2640=CARTESIAN_POINT('Ctrl Pts',(-25.0039468590068,256.644179122294,-186.676525033331));
#2641=CARTESIAN_POINT('Ctrl Pts',(-25.0295095246851,257.363113613767,-186.723091484083));
#2642=CARTESIAN_POINT('Ctrl Pts',(-25.1866650241151,258.115968291286,-186.769328639785));
#2643=CARTESIAN_POINT('Ctrl Pts',(-25.7948291564379,259.584156205067,-186.854844126508));
#2644=CARTESIAN_POINT('Ctrl Pts',(-26.2762056927737,260.28746522044,-186.893009403278));
#2645=CARTESIAN_POINT('Ctrl Pts',(-27.3865319675377,261.397127107159,-186.950878366994));
#2646=CARTESIAN_POINT('Ctrl Pts',(-28.0890307227293,261.877806276467,-186.974490248045));
#2647=CARTESIAN_POINT('Ctrl Pts',(-29.6284360204535,262.51529110707,-187.005144545953));
#2648=CARTESIAN_POINT('Ctrl Pts',(-30.4653411923698,262.672092457396,-187.012345238938));
#2649=CARTESIAN_POINT('Ctrl Pts',(-31.2499998137355,262.672092457396,-187.012345238938));
#2650=CARTESIAN_POINT('',(-25.0039468590068,256.644179122294,-4.58820937220316));
#2651=CARTESIAN_POINT('Origin',(-31.2499998137355,262.672092457396,-4.58820937220316));
#2652=CARTESIAN_POINT('',(-43.7500001862645,262.672092457396,-187.012345238938));
#2653=CARTESIAN_POINT('',(-43.7500001862645,262.672092457396,-4.58820937220316));
#2654=CARTESIAN_POINT('',(-37.5,262.672092457396,-187.012345238938));
#2655=CARTESIAN_POINT('Origin',(-43.7500001862645,256.422092457396,-4.58820937220316));
#2656=CARTESIAN_POINT('',(-49.9960531409932,256.644179122294,-186.676525033331));
#2657=CARTESIAN_POINT('',(-49.9960531409932,256.644179122294,-4.58820937220316));
#2658=CARTESIAN_POINT('Ctrl Pts',(-43.7500001862645,262.672092457396,-187.012345238938));
#2659=CARTESIAN_POINT('Ctrl Pts',(-44.5346588076302,262.672092457396,-187.012345238938));
#2660=CARTESIAN_POINT('Ctrl Pts',(-45.3715639795465,262.51529110707,-187.005144545953));
#2661=CARTESIAN_POINT('Ctrl Pts',(-46.9109692772707,261.877806276467,-186.974490248045));
#2662=CARTESIAN_POINT('Ctrl Pts',(-47.6134680324623,261.397127107159,-186.950878366994));
#2663=CARTESIAN_POINT('Ctrl Pts',(-48.7237943072263,260.28746522044,-186.893009403278));
#2664=CARTESIAN_POINT('Ctrl Pts',(-49.2051708435621,259.584156205067,-186.854844126508));
#2665=CARTESIAN_POINT('Ctrl Pts',(-49.8133349758849,258.115968291286,-186.769328639785));
#2666=CARTESIAN_POINT('Ctrl Pts',(-49.9704904753148,257.363113613767,-186.723091484083));
#2667=CARTESIAN_POINT('Ctrl Pts',(-49.9960531409932,256.644179122294,-186.676525033331));
#2668=CARTESIAN_POINT('Origin',(-37.5,278.297092457396,-4.58820937220316));
#2669=CARTESIAN_POINT('',(-50.,256.646457362785,-186.676672590528));
#2670=CARTESIAN_POINT('',(-50.,256.646457362785,-4.58820937220317));
#2671=CARTESIAN_POINT('Ctrl Pts',(-49.9960531409932,256.644179122294,-186.676525033331));
#2672=CARTESIAN_POINT('Ctrl Pts',(-49.9973688229394,256.644938411876,-186.67657421364));
#2673=CARTESIAN_POINT('Ctrl Pts',(-49.9986844778765,256.645697845733,-186.676623400692));
#2674=CARTESIAN_POINT('Ctrl Pts',(-50.,256.646457362785,-186.676672590528));
#2675=CARTESIAN_POINT('Origin',(-37.5,278.297092457396,-4.58820937220316));
#2676=CARTESIAN_POINT('',(-25.,256.646457362785,-186.676672590528));
#2677=CARTESIAN_POINT('Ctrl Pts',(-25.,256.646457362785,-186.676672590528));
#2678=CARTESIAN_POINT('Ctrl Pts',(-25.0013155220787,256.645697845759,-186.676623400694));
#2679=CARTESIAN_POINT('Ctrl Pts',(-25.0026311771047,256.64493841185,-186.676574213639));
#2680=CARTESIAN_POINT('Ctrl Pts',(-25.0039468590068,256.644179122294,-186.676525033331));
#2681=CARTESIAN_POINT('',(-25.,256.646457362785,-4.58820937220317));
#2682=CARTESIAN_POINT('Origin',(-37.5,278.297092457396,-4.58820937220316));
#2683=CARTESIAN_POINT('',(-25.,256.646457362786,-211.725394484099));
#2684=CARTESIAN_POINT('Ctrl Pts',(-25.0039468590068,256.644179122294,-211.725257230405));
#2685=CARTESIAN_POINT('Ctrl Pts',(-25.0026311770724,256.644938411869,-211.72530297659));
#2686=CARTESIAN_POINT('Ctrl Pts',(-25.0013155221354,256.645697845726,-211.725348729049));
#2687=CARTESIAN_POINT('Ctrl Pts',(-25.,256.646457362785,-211.725394484099));
#2688=CARTESIAN_POINT('',(-25.,256.646457362785,-205.463862608004));
#2689=CARTESIAN_POINT('',(-25.,256.646457362785,-4.58820937220317));
#2690=CARTESIAN_POINT('Ctrl Pts',(-25.0039468590068,256.644179122294,-205.463722915988));
#2691=CARTESIAN_POINT('Ctrl Pts',(-25.0026311770694,256.644938411871,-205.463769474858));
#2692=CARTESIAN_POINT('Ctrl Pts',(-25.0013155221329,256.645697845728,-205.463816040113));
#2693=CARTESIAN_POINT('Ctrl Pts',(-25.,256.646457362785,-205.463862608004));
#2694=CARTESIAN_POINT('Origin',(-37.5,278.297092457396,-4.58820937220316));
#2695=CARTESIAN_POINT('',(-50.,256.646457362786,-211.725394484099));
#2696=CARTESIAN_POINT('Ctrl Pts',(-50.0000000000001,256.646457362785,-211.725394484099));
#2697=CARTESIAN_POINT('Ctrl Pts',(-49.9986844779092,256.645697845752,-211.725348729051));
#2698=CARTESIAN_POINT('Ctrl Pts',(-49.9973688228837,256.644938411844,-211.725302976589));
#2699=CARTESIAN_POINT('Ctrl Pts',(-49.9960531409932,256.644179122294,-211.725257230405));
#2700=CARTESIAN_POINT('',(-50.,256.646457362785,-205.463862608004));
#2701=CARTESIAN_POINT('Ctrl Pts',(-50.,256.646457362785,-205.463862608004));
#2702=CARTESIAN_POINT('Ctrl Pts',(-49.998684477912,256.645697845754,-205.463816040115));
#2703=CARTESIAN_POINT('Ctrl Pts',(-49.9973688228864,256.644938411845,-205.463769474857));
#2704=CARTESIAN_POINT('Ctrl Pts',(-49.9960531409932,256.644179122294,-205.463722915988));
#2705=CARTESIAN_POINT('',(-50.,256.646457362785,-4.58820937220317));
#2706=CARTESIAN_POINT('Origin',(-37.5,278.297092457396,-4.58820937220316));
#2707=CARTESIAN_POINT('',(-62.5,278.297092457396,-212.375732648753));
#2708=CARTESIAN_POINT('',(-62.4999676169197,278.256853757568,-212.375734901488));
#2709=CARTESIAN_POINT('Ctrl Pts',(-62.5,278.297092457396,-212.375732648753));
#2710=CARTESIAN_POINT('Ctrl Pts',(-62.5,278.283683444746,-212.375734150141));
#2711=CARTESIAN_POINT('Ctrl Pts',(-62.4999892118898,278.270270531846,-212.375734901488));
#2712=CARTESIAN_POINT('Ctrl Pts',(-62.4999676169197,278.256853757568,-212.375734901488));
#2713=CARTESIAN_POINT('',(-62.4999676169197,278.256853757568,-4.58820937220316));
#2714=CARTESIAN_POINT('',(-12.5000323830803,278.256853757568,-212.375734901488));
#2715=CARTESIAN_POINT('',(-12.5000323830803,278.256853757568,-4.58820937220317));
#2716=CARTESIAN_POINT('',(-12.5,278.297092457396,-212.375732648753));
#2717=CARTESIAN_POINT('Ctrl Pts',(-12.5000323830803,278.256853757568,-212.375734901488));
#2718=CARTESIAN_POINT('Ctrl Pts',(-12.5000107881102,278.270270531846,-212.375734901488));
#2719=CARTESIAN_POINT('Ctrl Pts',(-12.5,278.283683444746,-212.375734150141));
#2720=CARTESIAN_POINT('Ctrl Pts',(-12.5,278.297092457396,-212.375732648753));
#2721=CARTESIAN_POINT('Ctrl Pts',(-12.5,278.297092457396,-212.375732648753));
#2722=CARTESIAN_POINT('Ctrl Pts',(-12.5,279.867168536041,-212.375556849601));
#2723=CARTESIAN_POINT('Ctrl Pts',(-12.6502908697548,281.490711304473,-212.364812636151));
#2724=CARTESIAN_POINT('Ctrl Pts',(-13.283201961002,284.720015307344,-212.321240499902));
#2725=CARTESIAN_POINT('Ctrl Pts',(-13.7656850587378,286.325803790843,-212.288440426042));
#2726=CARTESIAN_POINT('Ctrl Pts',(-15.0415168136533,289.405397640167,-212.206070698555));
#2727=CARTESIAN_POINT('Ctrl Pts',(-15.8358812154295,290.881665181811,-212.156509959127));
#2728=CARTESIAN_POINT('Ctrl Pts',(-17.6714686856937,293.611623442101,-212.050157221991));
#2729=CARTESIAN_POINT('Ctrl Pts',(-18.7128073936101,294.865240611519,-211.993473238215));
#2730=CARTESIAN_POINT('Ctrl Pts',(-20.9318785044757,297.084308319997,-211.883935458879));
#2731=CARTESIAN_POINT('Ctrl Pts',(-22.1854946912208,298.125643333083,-211.827248682835));
#2732=CARTESIAN_POINT('Ctrl Pts',(-24.9154496865283,299.961224013514,-211.720898961818));
#2733=CARTESIAN_POINT('Ctrl Pts',(-26.3917149368356,300.755585372088,-211.671344691409));
#2734=CARTESIAN_POINT('Ctrl Pts',(-29.4713035649394,302.031412177752,-211.589035916698));
#2735=CARTESIAN_POINT('Ctrl Pts',(-31.0770891689041,302.513893470556,-211.556291633137));
#2736=CARTESIAN_POINT('Ctrl Pts',(-34.306387234955,303.146802161068,-211.512912807981));
#2737=CARTESIAN_POINT('Ctrl Pts',(-35.9299269495144,303.297092457396,-211.502306823921));
#2738=CARTESIAN_POINT('Ctrl Pts',(-37.5,303.297092457396,-211.502306823921));
#2739=CARTESIAN_POINT('Ctrl Pts',(-39.0700730504856,303.297092457396,-211.502306823921));
#2740=CARTESIAN_POINT('Ctrl Pts',(-40.693612765045,303.146802161068,-211.512912807981));
#2741=CARTESIAN_POINT('Ctrl Pts',(-43.9229108310959,302.513893470556,-211.556291633137));
#2742=CARTESIAN_POINT('Ctrl Pts',(-45.5286964350606,302.031412177752,-211.589035916698));
#2743=CARTESIAN_POINT('Ctrl Pts',(-48.6082850631644,300.755585372088,-211.671344691409));
#2744=CARTESIAN_POINT('Ctrl Pts',(-50.0845503134717,299.961224013514,-211.720898961818));
#2745=CARTESIAN_POINT('Ctrl Pts',(-52.8145053087791,298.125643333083,-211.827248682835));
#2746=CARTESIAN_POINT('Ctrl Pts',(-54.0681214955243,297.084308319997,-211.883935458879));
#2747=CARTESIAN_POINT('Ctrl Pts',(-56.2871926063899,294.865240611519,-211.993473238215));
#2748=CARTESIAN_POINT('Ctrl Pts',(-57.3285313143063,293.611623442101,-212.050157221991));
#2749=CARTESIAN_POINT('Ctrl Pts',(-59.1641187845704,290.881665181811,-212.156509959127));
#2750=CARTESIAN_POINT('Ctrl Pts',(-59.9584831863468,289.405397640167,-212.206070698555));
#2751=CARTESIAN_POINT('Ctrl Pts',(-61.2343149412622,286.325803790843,-212.288440426042));
#2752=CARTESIAN_POINT('Ctrl Pts',(-61.716798038998,284.720015307344,-212.321240499902));
#2753=CARTESIAN_POINT('Ctrl Pts',(-62.3497091302452,281.490711304473,-212.364812636151));
#2754=CARTESIAN_POINT('Ctrl Pts',(-62.5,279.867168536041,-212.375556849601));
#2755=CARTESIAN_POINT('Ctrl Pts',(-62.5,278.297092457396,-212.375732648753));
#2756=CARTESIAN_POINT('Origin',(-37.5,278.297092457396,-4.58820937220316));
#2757=CARTESIAN_POINT('',(-37.5,281.422092457396,-212.361795520154));
#2758=CARTESIAN_POINT('',(-40.625,278.297092457396,-212.375732648753));
#2759=CARTESIAN_POINT('Ctrl Pts',(-37.5,281.422092457396,-212.361795520154));
#2760=CARTESIAN_POINT('Ctrl Pts',(-37.1076158378356,281.422092457396,-212.361795520154));
#2761=CARTESIAN_POINT('Ctrl Pts',(-36.6890788270044,281.343673979152,-212.362513051072));
#2762=CARTESIAN_POINT('Ctrl Pts',(-35.9191440388863,281.024755660343,-212.365110950321));
#2763=CARTESIAN_POINT('Ctrl Pts',(-35.5677460917706,280.784255931583,-212.366954581948));
#2764=CARTESIAN_POINT('Ctrl Pts',(-35.0128365010882,280.229346340901,-212.370428785372));
#2765=CARTESIAN_POINT('Ctrl Pts',(-34.772336791079,279.877948403767,-212.372284803235));
#2766=CARTESIAN_POINT('Ctrl Pts',(-34.4534184843916,279.108013645553,-212.374933131524));
#2767=CARTESIAN_POINT('Ctrl Pts',(-34.375,278.689476652068,-212.375688714061));
#2768=CARTESIAN_POINT('Ctrl Pts',(-34.375,277.904708459392,-212.375776583423));
#2769=CARTESIAN_POINT('Ctrl Pts',(-34.4534184180218,277.486171502996,-212.375114727468));
#2770=CARTESIAN_POINT('Ctrl Pts',(-34.7723366959474,276.716236667168,-212.372638819179));
#2771=CARTESIAN_POINT('Ctrl Pts',(-35.0128364491225,276.364838625858,-212.370861494873));
#2772=CARTESIAN_POINT('Ctrl Pts',(-35.567746191271,275.80992888371,-212.367511562435));
#2773=CARTESIAN_POINT('Ctrl Pts',(-35.9191442211468,275.569429149098,-212.365721791953));
#2774=CARTESIAN_POINT('Ctrl Pts',(-36.6890790270211,275.250510882648,-212.363195317611));
#2775=CARTESIAN_POINT('Ctrl Pts',(-37.1076159672783,275.172092457396,-212.362495350093));
#2776=CARTESIAN_POINT('Ctrl Pts',(-37.8923840820631,275.172092457396,-212.362495350093));
#2777=CARTESIAN_POINT('Ctrl Pts',(-38.310921071577,275.25051090221,-212.363195317791));
#2778=CARTESIAN_POINT('Ctrl Pts',(-39.0808559526769,275.569429242377,-212.365721792667));
#2779=CARTESIAN_POINT('Ctrl Pts',(-39.4322540085217,275.809929031142,-212.367511563486));
#2780=CARTESIAN_POINT('Ctrl Pts',(-39.9871636983105,276.364838825651,-212.370861495918));
#2781=CARTESIAN_POINT('Ctrl Pts',(-40.2276633973314,276.716236840992,-212.372638819884));
#2782=CARTESIAN_POINT('Ctrl Pts',(-40.5465816015405,277.486171601594,-212.375114727639));
#2783=CARTESIAN_POINT('Ctrl Pts',(-40.625,277.904708508734,-212.375776583417));
#2784=CARTESIAN_POINT('Ctrl Pts',(-40.625,278.297092457396,-212.375732648753));
#2785=CARTESIAN_POINT('',(-40.625,278.297092457396,-4.58820937220316));
#2786=CARTESIAN_POINT('Ctrl Pts',(-40.625,278.297092457396,-212.375732648753));
#2787=CARTESIAN_POINT('Ctrl Pts',(-40.625,278.689476702697,-212.375688714055));
#2788=CARTESIAN_POINT('Ctrl Pts',(-40.5465814955356,279.108013746724,-212.374933131326));
#2789=CARTESIAN_POINT('Ctrl Pts',(-40.2276631132085,279.877948582125,-212.372284802472));
#2790=CARTESIAN_POINT('Ctrl Pts',(-39.9871633476323,280.229346545906,-212.370428784253));
#2791=CARTESIAN_POINT('Ctrl Pts',(-39.432253703224,280.784256082862,-212.366954580836));
#2792=CARTESIAN_POINT('Ctrl Pts',(-39.0808557827549,281.024755756056,-212.365110949566));
#2793=CARTESIAN_POINT('Ctrl Pts',(-38.3109210718251,281.343673999225,-212.362513050882));
#2794=CARTESIAN_POINT('Ctrl Pts',(-37.8923841115357,281.422092457396,-212.361795520154));
#2795=CARTESIAN_POINT('Ctrl Pts',(-37.5,281.422092457396,-212.361795520154));
#2796=CARTESIAN_POINT('',(-34.3752590752134,278.256853757568,-206.125734901488));
#2797=CARTESIAN_POINT('',(-40.6247409247866,278.256853757568,-206.125734901488));
#2798=CARTESIAN_POINT('Ctrl Pts',(-34.3752590752134,278.256853757568,-206.125734901488));
#2799=CARTESIAN_POINT('Ctrl Pts',(-34.3801610120454,277.876193281587,-206.125734901488));
#2800=CARTESIAN_POINT('Ctrl Pts',(-34.4588571829147,277.473041162643,-206.125060780036));
#2801=CARTESIAN_POINT('Ctrl Pts',(-34.7723367458366,276.716236582367,-206.122584020474));
#2802=CARTESIAN_POINT('Ctrl Pts',(-35.0128364882926,276.364838586688,-206.120775238589));
#2803=CARTESIAN_POINT('Ctrl Pts',(-35.5677461529174,275.809928922063,-206.117366013569));
#2804=CARTESIAN_POINT('Ctrl Pts',(-35.9191441367528,275.569429198835,-206.115544564169));
#2805=CARTESIAN_POINT('Ctrl Pts',(-36.6890789221551,275.250510911305,-206.112973370452));
#2806=CARTESIAN_POINT('Ctrl Pts',(-37.1076158938472,275.172092457396,-206.112261012886));
#2807=CARTESIAN_POINT('Ctrl Pts',(-37.8923841572563,275.172092457396,-206.112261012886));
#2808=CARTESIAN_POINT('Ctrl Pts',(-38.3109211799642,275.250510931566,-206.112973370641));
#2809=CARTESIAN_POINT('Ctrl Pts',(-39.0808560432785,275.569429295445,-206.115544564922));
#2810=CARTESIAN_POINT('Ctrl Pts',(-39.4322540540104,275.809929074761,-206.117366014677));
#2811=CARTESIAN_POINT('Ctrl Pts',(-39.9871636644056,276.364838793616,-206.120775239691));
#2812=CARTESIAN_POINT('Ctrl Pts',(-40.2276633507735,276.716236762398,-206.122584021217));
#2813=CARTESIAN_POINT('Ctrl Pts',(-40.5411428379431,277.473041264389,-206.125060780221));
#2814=CARTESIAN_POINT('Ctrl Pts',(-40.6198389886098,277.876193332466,-206.125734901488));
#2815=CARTESIAN_POINT('Ctrl Pts',(-40.6247409247866,278.256853757568,-206.125734901488));
#2816=CARTESIAN_POINT('',(-34.3752590752134,278.256853757568,-187.375734901488));
#2817=CARTESIAN_POINT('',(-34.3752590752134,278.256853757568,-4.58820937220316));
#2818=CARTESIAN_POINT('',(-40.6247409247866,278.256853757568,-187.375734901488));
#2819=CARTESIAN_POINT('Ctrl Pts',(-40.6247409247866,278.256853757568,-187.375734901488));
#2820=CARTESIAN_POINT('Ctrl Pts',(-40.6198389849746,277.876193050169,-187.375734901488));
#2821=CARTESIAN_POINT('Ctrl Pts',(-40.5411427241697,277.473040823213,-187.375022978189));
#2822=CARTESIAN_POINT('Ctrl Pts',(-40.2276630873447,276.716236298809,-187.372407332775));
#2823=CARTESIAN_POINT('Ctrl Pts',(-39.9871633807306,276.364838455711,-187.370497122061));
#2824=CARTESIAN_POINT('Ctrl Pts',(-39.4322539753285,275.809929050309,-187.366896719392));
#2825=CARTESIAN_POINT('Ctrl Pts',(-39.0808561454425,275.569429365145,-187.36497312712));
#2826=CARTESIAN_POINT('Ctrl Pts',(-38.3109214284955,275.250511007129,-187.362257743666));
#2827=CARTESIAN_POINT('Ctrl Pts',(-37.8923843516919,275.172092457396,-187.361505436431));
#2828=CARTESIAN_POINT('Ctrl Pts',(-37.1076155913125,275.172092457396,-187.361505436431));
#2829=CARTESIAN_POINT('Ctrl Pts',(-36.6890784576113,275.250511029726,-187.362257743889));
#2830=CARTESIAN_POINT('Ctrl Pts',(-35.9191436537693,275.569429472894,-187.364973128007));
#2831=CARTESIAN_POINT('Ctrl Pts',(-35.5677457938859,275.809929220613,-187.366896720697));
#2832=CARTESIAN_POINT('Ctrl Pts',(-35.0128364489658,276.364838686497,-187.370497123359));
#2833=CARTESIAN_POINT('Ctrl Pts',(-34.7723368049066,276.716236499597,-187.372407333651));
#2834=CARTESIAN_POINT('Ctrl Pts',(-34.4588572525676,277.47304093669,-187.375022978406));
#2835=CARTESIAN_POINT('Ctrl Pts',(-34.3801610142947,277.876193106913,-187.375734901488));
#2836=CARTESIAN_POINT('Ctrl Pts',(-34.3752590752134,278.256853757568,-187.375734901488));
#2837=CARTESIAN_POINT('',(-40.6247409247866,278.256853757568,-4.58820937220316));
#2838=CARTESIAN_POINT('Origin',(-37.5,278.256853757568,146.999265098512));
#2839=CARTESIAN_POINT('',(-50.,255.345188095333,-186.589847735798));
#2840=CARTESIAN_POINT('Origin',(-50.,278.256853757568,146.999265098512));
#2841=CARTESIAN_POINT('',(-25.,255.345188095333,-186.589847735798));
#2842=CARTESIAN_POINT('',(-37.5,255.345188095333,-186.589847735798));
#2843=CARTESIAN_POINT('Origin',(-25.,278.256853757568,146.999265098512));
#2844=CARTESIAN_POINT('Origin',(-37.5,278.256853757568,146.999265098512));
#2845=CARTESIAN_POINT('',(-37.5,278.256853757568,-187.375734901488));
#2846=CARTESIAN_POINT('Origin',(-37.5,278.256853757568,146.999265098512));
#2847=CARTESIAN_POINT('',(-25.,253.71077571704,-205.2715904627));
#2848=CARTESIAN_POINT('Origin',(-25.,278.256853757568,146.999265098512));
#2849=CARTESIAN_POINT('',(-50.,253.71077571704,-205.2715904627));
#2850=CARTESIAN_POINT('',(-37.5,253.71077571704,-205.2715904627));
#2851=CARTESIAN_POINT('Origin',(-50.,278.256853757568,146.999265098512));
#2852=CARTESIAN_POINT('Origin',(-37.5,278.256853757568,146.999265098512));
#2853=CARTESIAN_POINT('',(-12.5,-2.99314624243192,-76.7166890151806));
#2854=CARTESIAN_POINT('Origin',(-12.5,278.256853757568,146.999265098512));
#2855=CARTESIAN_POINT('',(-25.,-2.99314624243193,-76.7166890151806));
#2856=CARTESIAN_POINT('',(0.,-2.99314624243192,-76.7166890151806));
#2857=CARTESIAN_POINT('Origin',(-25.,278.256853757568,146.999265098512));
#2858=CARTESIAN_POINT('',(-50.,-2.99314624243192,-76.7166890151806));
#2859=CARTESIAN_POINT('Origin',(-50.,278.256853757568,146.999265098512));
#2860=CARTESIAN_POINT('',(-62.5,-2.99314624243193,-76.7166890151806));
#2861=CARTESIAN_POINT('',(-37.5,-2.99314624243192,-76.7166890151806));
#2862=CARTESIAN_POINT('Origin',(-62.5,278.256853757568,146.999265098512));
#2863=CARTESIAN_POINT('Origin',(-50.,-6.07791252517934,-313.963209372203));
#2864=CARTESIAN_POINT('',(-50.,37.9550536808599,-41.1578740375232));
#2865=CARTESIAN_POINT('Origin',(-50.,55.6327232105236,-58.8355435671868));
#2866=CARTESIAN_POINT('',(-50.,68.9181972473301,-10.194730471053));
#2867=CARTESIAN_POINT('',(-50.,-41.25452170432,-120.367449422703));
#2868=CARTESIAN_POINT('',(-50.,68.9181972473301,25.1606085882744));
#2869=CARTESIAN_POINT('',(-50.,68.9181972473301,-162.078969921628));
#2870=CARTESIAN_POINT('',(-50.,43.3456885223999,-0.411900136655816));
#2871=CARTESIAN_POINT('',(-50.,-12.4868738132137,-56.2444624722694));
#2872=CARTESIAN_POINT('',(-50.,22.0068537575681,8.42693462817601));
#2873=CARTESIAN_POINT('Origin',(-50.,34.506853757568,8.42693462817597));
#2874=CARTESIAN_POINT('',(-50.,22.0068537575681,65.7492650985124));
#2875=CARTESIAN_POINT('',(-50.,22.0068537575681,-152.768137372014));
#2876=CARTESIAN_POINT('',(-50.,47.0068537575681,90.7492650985124));
#2877=CARTESIAN_POINT('Origin',(-50.,47.006853757568,65.7492650985124));
#2878=CARTESIAN_POINT('',(-50.,68.91819724733,90.7492650985124));
#2879=CARTESIAN_POINT('',(-50.,20.4644706161944,90.7492650985124));
#2880=CARTESIAN_POINT('',(-50.,68.91819724733,115.749265098512));
#2881=CARTESIAN_POINT('',(-50.,68.9181972473301,-111.606972136846));
#2882=CARTESIAN_POINT('',(-50.,-2.99314624243191,115.749265098512));
#2883=CARTESIAN_POINT('',(-50.,76.7144706161944,115.749265098512));
#2884=CARTESIAN_POINT('',(-50.,-2.99314624243192,-99.1069721368455));
#2885=CARTESIAN_POINT('',(-50.,248.024705491974,-198.555770802062));
#2886=CARTESIAN_POINT('',(-50.,224.854376850411,-171.189287013576));
#2887=CARTESIAN_POINT('',(-50.,248.569428884147,-192.329553938988));
#2888=CARTESIAN_POINT('',(-50.,278.256853757568,146.999265098512));
#2889=CARTESIAN_POINT('',(-50.,146.138702829857,-279.098025988674));
#2890=CARTESIAN_POINT('',(-50.,161.756242437262,-173.083533856688));
#2891=CARTESIAN_POINT('',(-50.,159.618616541477,-178.9566127366));
#2892=CARTESIAN_POINT('',(-50.,278.256853757568,146.999265098512));
#2893=CARTESIAN_POINT('',(-50.,151.62705878772,-182.640175276717));
#2894=CARTESIAN_POINT('',(-50.,63.6276395106966,-223.201899835175));
#2895=CARTESIAN_POINT('',(-50.,134.707356845147,-175.631805260792));
#2896=CARTESIAN_POINT('Origin',(-50.,278.256853757568,146.999265098512));
#2897=CARTESIAN_POINT('',(-50.,131.661144216263,-167.376248529826));
#2898=CARTESIAN_POINT('',(-50.,147.973163820763,-211.583537924111));
#2899=CARTESIAN_POINT('',(-50.,134.302508352142,-161.711824860847));
#2900=CARTESIAN_POINT('',(-50.,278.256853757568,146.999265098512));
#2901=CARTESIAN_POINT('',(-50.,142.632734421378,-158.635711432779));
#2902=CARTESIAN_POINT('',(-50.,49.8797919309489,-192.886711287549));
#2903=CARTESIAN_POINT('',(-50.,158.041023759574,-165.018033849628));
#2904=CARTESIAN_POINT('Origin',(-50.,278.256853757568,146.999265098512));
#2905=CARTESIAN_POINT('',(-50.,172.905809569777,-197.288524622391));
#2906=CARTESIAN_POINT('',(-50.,59.3073242080906,-113.93462333889));
#2907=CARTESIAN_POINT('',(-50.,55.2899016475497,-118.722401108383));
#2908=CARTESIAN_POINT('',(-50.,278.256853757568,146.999265098512));
#2909=CARTESIAN_POINT('',(-50.,46.5204412098402,-119.450543917199));
#2910=CARTESIAN_POINT('',(-50.,14.5736393834584,-122.103139727374));
#2911=CARTESIAN_POINT('',(-50.,33.0181258658328,-107.077951446072));
#2912=CARTESIAN_POINT('Origin',(-50.,278.256853757568,146.999265098512));
#2913=CARTESIAN_POINT('',(-50.,32.9791890334844,-98.2783996255713));
#2914=CARTESIAN_POINT('',(-50.,33.4657196737166,-208.232171485407));
#2915=CARTESIAN_POINT('',(-50.,37.3986064159004,-93.8589822431553));
#2916=CARTESIAN_POINT('',(-50.,278.256853757568,146.999265098512));
#2917=CARTESIAN_POINT('',(-50.,46.2785511381935,-93.8174862682351));
#2918=CARTESIAN_POINT('',(-50.,17.3665455993246,-93.9525920480856));
#2919=CARTESIAN_POINT('',(-50.,58.5747241004688,-105.084852874678));
#2920=CARTESIAN_POINT('Origin',(-50.,278.256853757568,146.999265098512));
#2921=CARTESIAN_POINT('',(-50.,67.1246763782254,-208.367823148501));
#2922=CARTESIAN_POINT('',(-50.,15.7568537575681,2.17693462817601));
#2923=CARTESIAN_POINT('',(-50.,15.7568537575681,-57.7903673166157));
#2924=CARTESIAN_POINT('',(-50.,15.7568537575681,-60.1248296490568));
#2925=CARTESIAN_POINT('',(-50.,3.25685375756809,-57.7903673166157));
#2926=CARTESIAN_POINT('Origin',(-50.,9.50685375756809,-57.7903673166157));
#2927=CARTESIAN_POINT('',(-50.,3.25685375756809,2.17693462817601));
#2928=CARTESIAN_POINT('',(-50.,3.25685375756809,-76.3485568283061));
#2929=CARTESIAN_POINT('Origin',(-50.,9.50685375756809,2.17693462817602));
#2930=CARTESIAN_POINT('Origin',(-37.5,9.50685375756809,2.17693462817601));
#2931=CARTESIAN_POINT('',(-25.,3.25685375756809,2.17693462817601));
#2932=CARTESIAN_POINT('',(-25.,15.7568537575681,2.17693462817602));
#2933=CARTESIAN_POINT('Origin',(-25.,9.50685375756809,2.17693462817601));
#2934=CARTESIAN_POINT('',(-37.5,15.7568537575681,2.17693462817602));
#2935=CARTESIAN_POINT('',(-37.5,3.25685375756809,2.17693462817601));
#2936=CARTESIAN_POINT('Origin',(-37.5,15.7568537575681,-60.1248296490568));
#2937=CARTESIAN_POINT('',(-25.,15.7568537575681,-57.7903673166157));
#2938=CARTESIAN_POINT('',(-25.,15.7568537575681,43.4372177247278));
#2939=CARTESIAN_POINT('',(-37.5,15.7568537575681,-57.7903673166157));
#2940=CARTESIAN_POINT('Origin',(-37.5,9.50685375756809,-57.7903673166157));
#2941=CARTESIAN_POINT('',(-25.,3.25685375756809,-57.7903673166157));
#2942=CARTESIAN_POINT('Origin',(-25.,9.50685375756809,-57.7903673166157));
#2943=CARTESIAN_POINT('',(-37.5,3.25685375756809,-57.7903673166157));
#2944=CARTESIAN_POINT('Origin',(-37.5,58.9410241542798,-109.509738106784));
#2945=CARTESIAN_POINT('',(-25.,58.5747241004688,-105.084852874678));
#2946=CARTESIAN_POINT('',(-25.,59.3073242080907,-113.93462333889));
#2947=CARTESIAN_POINT('',(-25.,49.1424977148375,8.85594185204304));
#2948=CARTESIAN_POINT('',(-37.5,59.3073242080907,-113.934623338889));
#2949=CARTESIAN_POINT('',(-37.5,58.5747241004688,-105.084852874678));
#2950=CARTESIAN_POINT('Origin',(-37.5,51.2724790870089,-123.510178877877));
#2951=CARTESIAN_POINT('',(-25.,55.2899016475497,-118.722401108383));
#2952=CARTESIAN_POINT('',(-25.,164.764666422288,11.7445431103178));
#2953=CARTESIAN_POINT('',(-37.5,55.2899016475497,-118.722401108383));
#2954=CARTESIAN_POINT('Origin',(-37.5,41.8385787770469,-93.8382342556952));
#2955=CARTESIAN_POINT('',(-25.,37.3986064159004,-93.8589822431553));
#2956=CARTESIAN_POINT('',(-37.5,37.3986064159004,-93.8589822431553));
#2957=CARTESIAN_POINT('',(-25.,46.2785511381935,-93.8174862682351));
#2958=CARTESIAN_POINT('',(-25.,160.607839437716,-93.2832255911367));
#2959=CARTESIAN_POINT('',(-37.5,46.2785511381934,-93.8174862682351));
#2960=CARTESIAN_POINT('Origin',(-37.5,41.8180237983163,-89.4395648607395));
#2961=CARTESIAN_POINT('',(-25.,32.9791890334844,-98.2783996255713));
#2962=CARTESIAN_POINT('',(-37.5,32.9791890334844,-98.2783996255713));
#2963=CARTESIAN_POINT('',(-25.,160.037438777942,28.7798501188865));
#2964=CARTESIAN_POINT('Origin',(-37.5,50.905171428695,-119.086472512791));
#2965=CARTESIAN_POINT('',(-25.,46.5204412098402,-119.450543917199));
#2966=CARTESIAN_POINT('',(-25.,174.773800111343,-108.801455338262));
#2967=CARTESIAN_POINT('',(-37.5,46.5204412098402,-119.450543917199));
#2968=CARTESIAN_POINT('Origin',(-37.5,32.9986574496586,-102.678175535821));
#2969=CARTESIAN_POINT('',(-25.,33.0181258658328,-107.077951446072));
#2970=CARTESIAN_POINT('',(-37.5,33.0181258658328,-107.077951446072));
#2971=CARTESIAN_POINT('',(-25.,32.4486746927369,21.6154939287455));
#2972=CARTESIAN_POINT('Origin',(-37.5,278.256853757568,146.999265098512));
#2973=CARTESIAN_POINT('Origin',(-25.,278.256853757568,146.999265098512));
#2974=CARTESIAN_POINT('Origin',(-37.5,159.898633098418,-169.050783853158));
#2975=CARTESIAN_POINT('',(-25.,158.041023759574,-165.018033849628));
#2976=CARTESIAN_POINT('',(-25.,161.756242437262,-173.083533856688));
#2977=CARTESIAN_POINT('',(-25.,110.207583284341,-61.1747212587383));
#2978=CARTESIAN_POINT('',(-37.5,161.756242437262,-173.083533856688));
#2979=CARTESIAN_POINT('',(-37.5,158.041023759574,-165.018033849628));
#2980=CARTESIAN_POINT('Origin',(-37.5,157.480990645691,-184.829691616512));
#2981=CARTESIAN_POINT('',(-25.,159.618616541477,-178.9566127366));
#2982=CARTESIAN_POINT('',(-25.,217.86892220163,-18.9152132589996));
#2983=CARTESIAN_POINT('',(-37.5,159.618616541477,-178.9566127366));
#2984=CARTESIAN_POINT('Origin',(-37.5,138.46762138676,-160.173768146813));
#2985=CARTESIAN_POINT('',(-25.,134.302508352142,-161.711824860847));
#2986=CARTESIAN_POINT('',(-37.5,134.302508352142,-161.711824860847));
#2987=CARTESIAN_POINT('',(-25.,142.632734421378,-158.635711432779));
#2988=CARTESIAN_POINT('',(-25.,249.884395062791,-119.030751046406));
#2989=CARTESIAN_POINT('',(-37.5,142.632734421378,-158.635711432779));
#2990=CARTESIAN_POINT('Origin',(-37.5,136.943872488022,-156.047401191867));
#2991=CARTESIAN_POINT('',(-25.,131.661144216263,-167.376248529826));
#2992=CARTESIAN_POINT('',(-37.5,131.661144216263,-167.376248529826));
#2993=CARTESIAN_POINT('',(-25.,207.600363122795,-4.52406804667752));
#2994=CARTESIAN_POINT('Origin',(-37.5,133.184250530705,-171.504026895309));
#2995=CARTESIAN_POINT('',(-25.,134.707356845147,-175.631805260792));
#2996=CARTESIAN_POINT('',(-37.5,134.707356845147,-175.631805260792));
#2997=CARTESIAN_POINT('',(-25.,90.1564971477217,-54.8942880704014));
#2998=CARTESIAN_POINT('Origin',(-37.5,278.256853757568,146.999265098512));
#2999=CARTESIAN_POINT('',(-25.,151.62705878772,-182.640175276717));
#3000=CARTESIAN_POINT('',(-37.5,151.62705878772,-182.640175276717));
#3001=CARTESIAN_POINT('Origin',(-25.,278.256853757568,146.999265098512));
#3002=CARTESIAN_POINT('Origin',(-37.5,155.622837664598,-180.798394006658));
#3003=CARTESIAN_POINT('',(-25.,268.503590936412,-128.768073127506));
#3004=CARTESIAN_POINT('Origin',(-37.5,251.95730848974,-189.459700837393));
#3005=CARTESIAN_POINT('',(-25.,248.569428884147,-192.329553938988));
#3006=CARTESIAN_POINT('',(-25.,342.583087939348,-112.691130369714));
#3007=CARTESIAN_POINT('',(-37.5,248.569428884147,-192.329553938988));
#3008=CARTESIAN_POINT('Origin',(-37.5,250.867740604507,-201.913680632381));
#3009=CARTESIAN_POINT('',(-25.,248.024705491974,-198.555770802062));
#3010=CARTESIAN_POINT('',(-25.,170.551998675458,-107.052727925873));
#3011=CARTESIAN_POINT('',(-37.5,248.024705491974,-198.555770802062));
#3012=CARTESIAN_POINT('Origin',(-37.5,278.256853757568,146.999265098512));
#3013=CARTESIAN_POINT('',(-37.5,278.256853757568,-206.125734901488));
#3014=CARTESIAN_POINT('Origin',(-62.4999999999999,78.3124561986237,16.8771980099043));
#3015=CARTESIAN_POINT('',(-58.75,78.3124561986237,13.7521980099043));
#3016=CARTESIAN_POINT('Origin',(-58.75,78.3124561986237,16.8771980099043));
#3017=CARTESIAN_POINT('',(-53.75,78.3124561986237,13.7521980099043));
#3018=CARTESIAN_POINT('',(-62.4999999999999,78.3124561986237,13.7521980099043));
#3019=CARTESIAN_POINT('Origin',(-53.75,78.3124561986237,16.8771980099043));
#3020=CARTESIAN_POINT('Origin',(-62.4999999999998,78.2931972473301,103.249265098512));
#3021=CARTESIAN_POINT('',(-58.75,78.2931972473301,100.124265098512));
#3022=CARTESIAN_POINT('Origin',(-58.75,78.2931972473301,103.249265098512));
#3023=CARTESIAN_POINT('',(-53.75,78.2931972473301,100.124265098512));
#3024=CARTESIAN_POINT('',(-62.4999999999998,78.2931972473301,100.124265098512));
#3025=CARTESIAN_POINT('Origin',(-53.75,78.2931972473301,103.249265098512));
#3026=CARTESIAN_POINT('Origin',(-58.75,87.6681972473301,94.7492650985124));
#3027=CARTESIAN_POINT('',(-58.75,87.4181972473301,94.7492650985124));
#3028=CARTESIAN_POINT('',(-58.7499999999999,68.9181972473301,94.7492650985124));
#3029=CARTESIAN_POINT('',(-58.75,112.650025502449,94.7492650985124));
#3030=CARTESIAN_POINT('',(-53.75,87.4181972473301,94.7492650985124));
#3031=CARTESIAN_POINT('',(-60.625,87.4181972473301,94.7492650985124));
#3032=CARTESIAN_POINT('',(-53.75,68.91819724733,94.7492650985124));
#3033=CARTESIAN_POINT('',(-53.75,112.650025502449,94.7492650985124));
#3034=CARTESIAN_POINT('',(-54.375,68.91819724733,94.7492650985124));
#3035=CARTESIAN_POINT('Origin',(-58.75,68.91819724733,111.749265098512));
#3036=CARTESIAN_POINT('',(-58.7499999999999,68.9181972473301,111.749265098512));
#3037=CARTESIAN_POINT('',(-58.75,87.4181972473301,111.749265098512));
#3038=CARTESIAN_POINT('',(-58.75,103.275025502449,111.749265098512));
#3039=CARTESIAN_POINT('',(-53.75,68.91819724733,111.749265098512));
#3040=CARTESIAN_POINT('',(-54.375,68.91819724733,111.749265098512));
#3041=CARTESIAN_POINT('',(-53.75,87.4181972473301,111.749265098512));
#3042=CARTESIAN_POINT('',(-53.75,103.275025502449,111.749265098512));
#3043=CARTESIAN_POINT('',(-60.625,87.4181972473301,111.749265098512));
#3044=CARTESIAN_POINT('Origin',(-37.5,47.0068537575681,90.7492650985124));
#3045=CARTESIAN_POINT('',(-62.5,68.91819724733,90.7492650985124));
#3046=CARTESIAN_POINT('',(-50.,68.9181972473301,90.7492650985124));
#3047=CARTESIAN_POINT('',(-62.5,47.0068537575681,90.7492650985124));
#3048=CARTESIAN_POINT('',(-37.5,47.0068537575681,90.7492650985124));
#3049=CARTESIAN_POINT('',(-62.5,47.0068537575681,90.7492650985124));
#3050=CARTESIAN_POINT('Origin',(-53.75,137.631853757568,-48.3132349014876));
#3051=CARTESIAN_POINT('',(-53.75,87.4181972473301,21.2180150985124));
#3052=CARTESIAN_POINT('',(-53.75,68.9181972473301,21.2180150985124));
#3053=CARTESIAN_POINT('Origin',(-37.5,159.506853757568,115.749265098512));
#3054=CARTESIAN_POINT('',(-62.5,68.91819724733,115.749265098512));
#3055=CARTESIAN_POINT('',(-50.,68.9181972473301,115.749265098512));
#3056=CARTESIAN_POINT('',(-62.5,-2.99314624243191,115.749265098512));
#3057=CARTESIAN_POINT('',(-62.5,68.91819724733,115.749265098512));
#3058=CARTESIAN_POINT('',(-37.5,-2.99314624243191,115.749265098512));
#3059=CARTESIAN_POINT('Origin',(-58.75,69.0949739426267,21.2338318929777));
#3060=CARTESIAN_POINT('',(-58.75,68.9181972473301,21.0570551976811));
#3061=CARTESIAN_POINT('',(-58.75,87.4181972473301,39.5570551976811));
#3062=CARTESIAN_POINT('',(-58.75,68.8424271977457,20.9812851480968));
#3063=CARTESIAN_POINT('',(-53.75,68.9181972473301,21.0570551976811));
#3064=CARTESIAN_POINT('',(-54.375,68.9181972473301,21.0570551976811));
#3065=CARTESIAN_POINT('',(-53.75,87.4181972473301,39.5570551976811));
#3066=CARTESIAN_POINT('',(-53.75,68.8424271977457,20.9812851480968));
#3067=CARTESIAN_POINT('',(-60.625,87.4181972473301,39.5570551976811));
#3068=CARTESIAN_POINT('Origin',(-58.7499999999999,87.4914205520334,12.4820462242436));
#3069=CARTESIAN_POINT('',(-58.75,87.4181972473301,12.4088229195403));
#3070=CARTESIAN_POINT('',(-58.75,68.9181972473301,-6.09117708045973));
#3071=CARTESIAN_POINT('',(-58.75,84.8277085719843,9.81833424419449));
#3072=CARTESIAN_POINT('',(-53.75,87.4181972473301,12.4088229195403));
#3073=CARTESIAN_POINT('',(-60.6249999999999,87.4181972473301,12.4088229195403));
#3074=CARTESIAN_POINT('',(-53.75,68.9181972473301,-6.09117708045973));
#3075=CARTESIAN_POINT('',(-53.75,84.8277085719843,9.81833424419449));
#3076=CARTESIAN_POINT('',(-54.375,68.9181972473301,-6.09117708045973));
#3077=CARTESIAN_POINT('Origin',(-53.75,137.631853757568,-48.3132349014876));
#3078=CARTESIAN_POINT('',(-53.75,68.9181972473301,-29.2539826862703));
#3079=CARTESIAN_POINT('',(-53.75,87.4181972473301,-19.8789826862703));
#3080=CARTESIAN_POINT('Origin',(-62.4999999999999,87.4181972473301,8.55526952894701));
#3081=CARTESIAN_POINT('',(-58.75,87.4181972473301,-19.8789826862703));
#3082=CARTESIAN_POINT('Origin',(-58.75,137.631853757568,-48.3132349014876));
#3083=CARTESIAN_POINT('',(-58.75,68.9181972473301,-10.194730471053));
#3084=CARTESIAN_POINT('Origin',(-58.75,137.631853757568,-48.3132349014876));
#3085=CARTESIAN_POINT('',(-58.75,68.9181972473301,-10.194730471053));
#3086=CARTESIAN_POINT('',(-58.75,87.4181972473301,21.2180150985124));
#3087=CARTESIAN_POINT('Origin',(-62.4999999999999,87.4181972473301,90.7492650985124));
#3088=CARTESIAN_POINT('Origin',(-37.5,37.9550536808599,-41.1578740375232));
#3089=CARTESIAN_POINT('',(-62.5,68.9181972473301,-10.194730471053));
#3090=CARTESIAN_POINT('',(-43.75,68.9181972473301,-10.194730471053));
#3091=CARTESIAN_POINT('',(-62.5,37.9550536808599,-41.1578740375232));
#3092=CARTESIAN_POINT('',(-37.5,37.9550536808599,-41.1578740375232));
#3093=CARTESIAN_POINT('',(-62.5,37.9550536808599,-41.1578740375232));
#3094=CARTESIAN_POINT('Origin',(-50.,68.91819724733,90.7492650985124));
#3095=CARTESIAN_POINT('',(-62.5,68.9181972473301,131.374265098512));
#3096=CARTESIAN_POINT('Origin',(-50.,68.9181972473301,-10.194730471053));
#3097=CARTESIAN_POINT('',(-62.5,68.9181972473301,25.1606085882744));
#3098=CARTESIAN_POINT('',(-50.,68.9181972473301,25.1606085882744));
#3099=CARTESIAN_POINT('',(-62.5,68.9181972473301,86.0799368433934));
#3100=CARTESIAN_POINT('Origin',(-37.5,113.168018992736,69.4104303336805));
#3101=CARTESIAN_POINT('',(-62.5,43.3456885223999,-0.411900136655816));
#3102=CARTESIAN_POINT('',(-62.5,68.9181972473301,25.1606085882744));
#3103=CARTESIAN_POINT('',(-37.5,43.3456885223999,-0.411900136655816));
#3104=CARTESIAN_POINT('Origin',(-62.5,278.256853757568,146.999265098512));
#3105=CARTESIAN_POINT('',(-62.5,22.0068537575681,65.7492650985124));
#3106=CARTESIAN_POINT('Origin',(-62.5,47.006853757568,65.7492650985124));
#3107=CARTESIAN_POINT('',(-62.5,22.0068537575681,8.42693462817601));
#3108=CARTESIAN_POINT('',(-62.5,22.0068537575681,8.42693462817601));
#3109=CARTESIAN_POINT('Origin',(-62.5,34.506853757568,8.42693462817597));
#3110=CARTESIAN_POINT('Origin',(-62.5,55.6327232105236,-58.8355435671868));
#3111=CARTESIAN_POINT('',(-62.5,-2.99314624243191,115.749265098512));
#3112=CARTESIAN_POINT('Origin',(-37.5,-2.99314624243191,115.749265098512));
#3113=CARTESIAN_POINT('Origin',(-37.5,55.6327232105236,-58.8355435671868));
#3114=CARTESIAN_POINT('Origin',(-37.5,34.506853757568,8.42693462817597));
#3115=CARTESIAN_POINT('',(-37.5,22.0068537575681,8.42693462817601));
#3116=CARTESIAN_POINT('Origin',(-37.5,47.006853757568,65.7492650985124));
#3117=CARTESIAN_POINT('',(-37.5,22.0068537575681,65.7492650985124));
#3118=CARTESIAN_POINT('Origin',(-37.5,22.0068537575681,8.42693462817601));
#3119=CARTESIAN_POINT('Origin',(-37.5,3.25685375756809,8.42693462817601));
#3120=CARTESIAN_POINT('',(-25.,3.25685375756809,77.7130998633442));
#3121=CARTESIAN_POINT('Origin',(-37.5,249.11415227632,-186.103337075915));
#3122=CARTESIAN_POINT('',(-25.,263.685503016944,-19.5520359887013));
#3123=CARTESIAN_POINT('Origin',(-37.5,278.256853757568,146.999265098512));
#3124=CARTESIAN_POINT('Origin',(-25.,278.256853757568,146.999265098512));
#3125=CARTESIAN_POINT('Origin',(-37.5,278.256853757568,146.999265098512));
#3126=CARTESIAN_POINT('Origin',(-25.,278.256853757568,146.999265098512));
#3127=CARTESIAN_POINT('Origin',(-24.9999999999999,78.3124561986237,16.8771980099043));
#3128=CARTESIAN_POINT('',(-21.25,78.3124561986237,13.7521980099043));
#3129=CARTESIAN_POINT('Origin',(-21.25,78.3124561986237,16.8771980099043));
#3130=CARTESIAN_POINT('',(-16.25,78.3124561986237,13.7521980099043));
#3131=CARTESIAN_POINT('',(-24.9999999999999,78.3124561986237,13.7521980099043));
#3132=CARTESIAN_POINT('Origin',(-16.25,78.3124561986237,16.8771980099043));
#3133=CARTESIAN_POINT('Origin',(-24.9999999999999,78.2931972473301,103.249265098512));
#3134=CARTESIAN_POINT('',(-21.25,78.2931972473301,100.124265098512));
#3135=CARTESIAN_POINT('Origin',(-21.25,78.2931972473301,103.249265098512));
#3136=CARTESIAN_POINT('',(-16.25,78.2931972473301,100.124265098512));
#3137=CARTESIAN_POINT('',(-24.9999999999999,78.2931972473301,100.124265098512));
#3138=CARTESIAN_POINT('Origin',(-16.25,78.2931972473301,103.249265098512));
#3139=CARTESIAN_POINT('Origin',(-21.25,87.6681972473301,94.7492650985124));
#3140=CARTESIAN_POINT('',(-21.25,87.4181972473301,94.7492650985124));
#3141=CARTESIAN_POINT('',(-21.2499999999999,68.9181972473301,94.7492650985124));
#3142=CARTESIAN_POINT('',(-21.25,112.650025502449,94.7492650985124));
#3143=CARTESIAN_POINT('',(-16.25,87.4181972473301,94.7492650985124));
#3144=CARTESIAN_POINT('',(-23.125,87.4181972473301,94.7492650985124));
#3145=CARTESIAN_POINT('',(-16.25,68.91819724733,94.7492650985124));
#3146=CARTESIAN_POINT('',(-16.25,112.650025502449,94.7492650985124));
#3147=CARTESIAN_POINT('',(-16.875,68.91819724733,94.7492650985124));
#3148=CARTESIAN_POINT('Origin',(-21.25,68.91819724733,111.749265098512));
#3149=CARTESIAN_POINT('',(-21.2499999999999,68.9181972473301,111.749265098512));
#3150=CARTESIAN_POINT('',(-21.25,87.4181972473301,111.749265098512));
#3151=CARTESIAN_POINT('',(-21.25,103.275025502449,111.749265098512));
#3152=CARTESIAN_POINT('',(-16.25,68.91819724733,111.749265098512));
#3153=CARTESIAN_POINT('',(-16.875,68.91819724733,111.749265098512));
#3154=CARTESIAN_POINT('',(-16.25,87.4181972473301,111.749265098512));
#3155=CARTESIAN_POINT('',(-16.25,103.275025502449,111.749265098512));
#3156=CARTESIAN_POINT('',(-23.125,87.4181972473301,111.749265098512));
#3157=CARTESIAN_POINT('Origin',(0.,47.0068537575681,90.7492650985124));
#3158=CARTESIAN_POINT('',(-25.,68.91819724733,90.7492650985124));
#3159=CARTESIAN_POINT('',(-12.5,68.91819724733,90.7492650985124));
#3160=CARTESIAN_POINT('',(-12.5,68.9181972473301,90.7492650985124));
#3161=CARTESIAN_POINT('',(-12.5,47.0068537575681,90.7492650985124));
#3162=CARTESIAN_POINT('',(-12.5,20.4644706161944,90.7492650985124));
#3163=CARTESIAN_POINT('',(-25.,47.0068537575681,90.7492650985124));
#3164=CARTESIAN_POINT('',(0.,47.0068537575681,90.7492650985124));
#3165=CARTESIAN_POINT('',(-25.,47.0068537575681,90.7492650985124));
#3166=CARTESIAN_POINT('Origin',(-16.25,137.631853757568,-48.3132349014876));
#3167=CARTESIAN_POINT('',(-16.25,87.4181972473301,21.2180150985124));
#3168=CARTESIAN_POINT('',(-16.25,68.9181972473301,21.2180150985124));
#3169=CARTESIAN_POINT('Origin',(0.,159.506853757568,115.749265098512));
#3170=CARTESIAN_POINT('',(-12.5,68.91819724733,115.749265098512));
#3171=CARTESIAN_POINT('',(-25.,68.91819724733,115.749265098512));
#3172=CARTESIAN_POINT('',(-12.5,68.9181972473301,115.749265098512));
#3173=CARTESIAN_POINT('',(-25.,-2.99314624243191,115.749265098512));
#3174=CARTESIAN_POINT('',(-25.,68.91819724733,115.749265098512));
#3175=CARTESIAN_POINT('',(-12.5,-2.99314624243191,115.749265098512));
#3176=CARTESIAN_POINT('',(0.,-2.99314624243191,115.749265098512));
#3177=CARTESIAN_POINT('',(-12.5,76.7144706161944,115.749265098512));
#3178=CARTESIAN_POINT('Origin',(-21.25,69.0949739426267,21.2338318929777));
#3179=CARTESIAN_POINT('',(-21.25,68.9181972473301,21.0570551976811));
#3180=CARTESIAN_POINT('',(-21.25,87.4181972473301,39.5570551976811));
#3181=CARTESIAN_POINT('',(-21.25,68.8424271977457,20.9812851480968));
#3182=CARTESIAN_POINT('',(-16.25,68.9181972473301,21.0570551976811));
#3183=CARTESIAN_POINT('',(-16.875,68.9181972473301,21.0570551976811));
#3184=CARTESIAN_POINT('',(-16.25,87.4181972473301,39.5570551976811));
#3185=CARTESIAN_POINT('',(-16.25,68.8424271977457,20.9812851480968));
#3186=CARTESIAN_POINT('',(-23.125,87.4181972473301,39.5570551976811));
#3187=CARTESIAN_POINT('Origin',(-21.2499999999999,87.4914205520334,12.4820462242436));
#3188=CARTESIAN_POINT('',(-21.25,87.4181972473301,12.4088229195403));
#3189=CARTESIAN_POINT('',(-21.25,68.9181972473301,-6.09117708045973));
#3190=CARTESIAN_POINT('',(-21.25,84.8277085719843,9.81833424419449));
#3191=CARTESIAN_POINT('',(-16.25,87.4181972473301,12.4088229195403));
#3192=CARTESIAN_POINT('',(-23.1249999999999,87.4181972473301,12.4088229195403));
#3193=CARTESIAN_POINT('',(-16.25,68.9181972473301,-6.09117708045973));
#3194=CARTESIAN_POINT('',(-16.25,84.8277085719843,9.81833424419449));
#3195=CARTESIAN_POINT('',(-16.875,68.9181972473301,-6.09117708045973));
#3196=CARTESIAN_POINT('Origin',(-16.25,137.631853757568,-48.3132349014876));
#3197=CARTESIAN_POINT('',(-16.25,68.9181972473301,-29.2539826862703));
#3198=CARTESIAN_POINT('',(-16.25,87.4181972473301,-19.8789826862703));
#3199=CARTESIAN_POINT('Origin',(-24.9999999999999,87.4181972473301,8.55526952894701));
#3200=CARTESIAN_POINT('',(-21.25,87.4181972473301,-19.8789826862703));
#3201=CARTESIAN_POINT('Origin',(-21.25,137.631853757568,-48.3132349014876));
#3202=CARTESIAN_POINT('',(-21.25,68.9181972473301,-10.194730471053));
#3203=CARTESIAN_POINT('Origin',(-21.25,137.631853757568,-48.3132349014876));
#3204=CARTESIAN_POINT('',(-21.25,68.9181972473301,-10.194730471053));
#3205=CARTESIAN_POINT('',(-21.25,87.4181972473301,21.2180150985124));
#3206=CARTESIAN_POINT('Origin',(-24.9999999999999,87.4181972473301,90.7492650985124));
#3207=CARTESIAN_POINT('Origin',(0.,37.9550536808599,-41.1578740375232));
#3208=CARTESIAN_POINT('',(-25.,68.9181972473301,-10.194730471053));
#3209=CARTESIAN_POINT('',(-12.5,68.9181972473301,-10.194730471053));
#3210=CARTESIAN_POINT('',(-6.24999999999999,68.9181972473301,-10.194730471053));
#3211=CARTESIAN_POINT('',(-12.5,37.9550536808599,-41.1578740375232));
#3212=CARTESIAN_POINT('',(-12.5,-41.25452170432,-120.367449422703));
#3213=CARTESIAN_POINT('',(-25.,37.9550536808599,-41.1578740375232));
#3214=CARTESIAN_POINT('',(0.,37.9550536808599,-41.1578740375232));
#3215=CARTESIAN_POINT('',(-25.,37.9550536808599,-41.1578740375232));
#3216=CARTESIAN_POINT('Origin',(-12.5,68.91819724733,90.7492650985124));
#3217=CARTESIAN_POINT('',(-25.,68.9181972473301,131.374265098512));
#3218=CARTESIAN_POINT('',(-12.5,68.9181972473301,-111.606972136846));
#3219=CARTESIAN_POINT('Origin',(-12.5,68.9181972473301,-10.194730471053));
#3220=CARTESIAN_POINT('',(-12.5,68.9181972473301,25.1606085882744));
#3221=CARTESIAN_POINT('',(-25.,68.9181972473301,25.1606085882744));
#3222=CARTESIAN_POINT('',(-12.5,68.9181972473301,25.1606085882744));
#3223=CARTESIAN_POINT('',(-12.5,68.9181972473301,-162.078969921628));
#3224=CARTESIAN_POINT('',(-25.,68.9181972473301,86.0799368433934));
#3225=CARTESIAN_POINT('Origin',(0.,113.168018992736,69.4104303336805));
#3226=CARTESIAN_POINT('',(-25.,43.3456885223999,-0.411900136655816));
#3227=CARTESIAN_POINT('',(-25.,68.9181972473301,25.1606085882744));
#3228=CARTESIAN_POINT('',(-12.5,43.3456885223999,-0.411900136655816));
#3229=CARTESIAN_POINT('',(0.,43.3456885223999,-0.411900136655816));
#3230=CARTESIAN_POINT('',(-12.5,-12.4868738132137,-56.2444624722694));
#3231=CARTESIAN_POINT('Origin',(-25.,278.256853757568,146.999265098512));
#3232=CARTESIAN_POINT('',(-25.,-2.99314624243191,115.749265098512));
#3233=CARTESIAN_POINT('',(-25.,22.0068537575681,65.7492650985124));
#3234=CARTESIAN_POINT('Origin',(-25.,47.006853757568,65.7492650985124));
#3235=CARTESIAN_POINT('',(-25.,22.0068537575681,8.42693462817601));
#3236=CARTESIAN_POINT('',(-25.,22.0068537575681,8.42693462817601));
#3237=CARTESIAN_POINT('Origin',(-25.,34.506853757568,8.42693462817597));
#3238=CARTESIAN_POINT('Origin',(-25.,55.6327232105236,-58.8355435671868));
#3239=CARTESIAN_POINT('Origin',(0.,-2.99314624243191,115.749265098512));
#3240=CARTESIAN_POINT('',(-12.5,-2.99314624243192,-99.1069721368455));
#3241=CARTESIAN_POINT('Origin',(0.,278.256853757568,-212.375734901488));
#3242=CARTESIAN_POINT('Origin',(0.,55.6327232105236,-58.8355435671868));
#3243=CARTESIAN_POINT('Origin',(-12.5,55.6327232105236,-58.8355435671868));
#3244=CARTESIAN_POINT('Origin',(0.,34.506853757568,8.42693462817597));
#3245=CARTESIAN_POINT('',(-12.5,22.0068537575681,8.42693462817601));
#3246=CARTESIAN_POINT('Origin',(-12.5,34.506853757568,8.42693462817597));
#3247=CARTESIAN_POINT('',(0.,22.0068537575681,8.42693462817601));
#3248=CARTESIAN_POINT('Origin',(0.,47.006853757568,65.7492650985124));
#3249=CARTESIAN_POINT('',(-12.5,22.0068537575681,65.7492650985124));
#3250=CARTESIAN_POINT('Origin',(-12.5,47.006853757568,65.7492650985124));
#3251=CARTESIAN_POINT('',(0.,22.0068537575681,65.7492650985124));
#3252=CARTESIAN_POINT('Origin',(0.,22.0068537575681,8.42693462817601));
#3253=CARTESIAN_POINT('',(-12.5,22.0068537575681,-152.768137372014));
#3254=CARTESIAN_POINT('Origin',(-12.5,-6.07791252517934,-313.963209372203));
#3255=UNCERTAINTY_MEASURE_WITH_UNIT(LENGTH_MEASURE(0.01),#3259,
'DISTANCE_ACCURACY_VALUE',
'Maximum model space distance between geometric entities at asserted c
onnectivities');
#3256=UNCERTAINTY_MEASURE_WITH_UNIT(LENGTH_MEASURE(0.01),#3259,
'DISTANCE_ACCURACY_VALUE',
'Maximum model space distance between geometric entities at asserted c
onnectivities');
#3257=(
GEOMETRIC_REPRESENTATION_CONTEXT(3)
GLOBAL_UNCERTAINTY_ASSIGNED_CONTEXT((#3255))
GLOBAL_UNIT_ASSIGNED_CONTEXT((#3259,#3261,#3262))
REPRESENTATION_CONTEXT('','3D')
);
#3258=(
GEOMETRIC_REPRESENTATION_CONTEXT(3)
GLOBAL_UNCERTAINTY_ASSIGNED_CONTEXT((#3256))
GLOBAL_UNIT_ASSIGNED_CONTEXT((#3259,#3261,#3262))
REPRESENTATION_CONTEXT('','3D')
);
#3259=(
LENGTH_UNIT()
NAMED_UNIT(*)
SI_UNIT(.MILLI.,.METRE.)
);
#3260=(
LENGTH_UNIT()
NAMED_UNIT(*)
SI_UNIT($,.METRE.)
);
#3261=(
NAMED_UNIT(*)
PLANE_ANGLE_UNIT()
SI_UNIT($,.RADIAN.)
);
#3262=(
NAMED_UNIT(*)
SI_UNIT($,.STERADIAN.)
SOLID_ANGLE_UNIT()
);
#3263=SHAPE_DEFINITION_REPRESENTATION(#3264,#3265);
#3264=PRODUCT_DEFINITION_SHAPE('',$,#3267);
#3265=SHAPE_REPRESENTATION('',(#1847),#3257);
#3266=PRODUCT_DEFINITION_CONTEXT('part definition',#3271,'design');
#3267=PRODUCT_DEFINITION('Lower Frame','Lower Frame',#3268,#3266);
#3268=PRODUCT_DEFINITION_FORMATION('',$,#3273);
#3269=PRODUCT_RELATED_PRODUCT_CATEGORY('Lower Frame','Lower Frame',(#3273));
#3270=APPLICATION_PROTOCOL_DEFINITION('international standard',
'automotive_design',2009,#3271);
#3271=APPLICATION_CONTEXT(
'Core Data for Automotive Mechanical Design Process');
#3272=PRODUCT_CONTEXT('part definition',#3271,'mechanical');
#3273=PRODUCT('Lower Frame','Lower Frame',$,(#3272));
#3274=PRESENTATION_STYLE_ASSIGNMENT((#3276));
#3275=PRESENTATION_STYLE_ASSIGNMENT((#3277));
#3276=SURFACE_STYLE_USAGE(.BOTH.,#3278);
#3277=SURFACE_STYLE_USAGE(.BOTH.,#3279);
#3278=SURFACE_SIDE_STYLE('',(#3280));
#3279=SURFACE_SIDE_STYLE('',(#3281));
#3280=SURFACE_STYLE_FILL_AREA(#3282);
#3281=SURFACE_STYLE_FILL_AREA(#3283);
#3282=FILL_AREA_STYLE('Steel - Satin',(#3284));
#3283=FILL_AREA_STYLE('ABS (White)',(#3285));
#3284=FILL_AREA_STYLE_COLOUR('Steel - Satin',#3286);
#3285=FILL_AREA_STYLE_COLOUR('ABS (White)',#3287);
#3286=COLOUR_RGB('Steel - Satin',0.627450980392157,0.627450980392157,0.627450980392157);
#3287=COLOUR_RGB('ABS (White)',0.964705882352941,0.964705882352941,0.952941176470588);
ENDSEC;
END-ISO-10303-21;
