ISO-10303-21;
HEADER;
/* Generated by software containing ST-Developer
 * from STEP Tools, Inc. (www.steptools.com) 
 */

FILE_DESCRIPTION(
/* description */ (''),
/* implementation_level */ '2;1');

FILE_NAME(
/* name */ 'Upper Frame.step',
/* time_stamp */ '2026-01-22T08:31:17+05:30',
/* author */ (''),
/* organization */ (''),
/* preprocessor_version */ 'ST-DEVELOPER v20.1',
/* originating_system */ 'Autodesk Translation Framework v14.21.0.0',
/* authorisation */ '');

FILE_SCHEMA (('AUTOMOTIVE_DESIGN { 1 0 10303 214 3 1 1 }'));
ENDSEC;

DATA;
#10=MECHANICAL_DESIGN_GEOMETRIC_PRESENTATION_REPRESENTATION('',(#13),#2794);
#11=SHAPE_REPRESENTATION_RELATIONSHIP('SRR','None',#2801,#12);
#12=ADVANCED_BREP_SHAPE_REPRESENTATION('',(#14),#2793);
#13=STYLED_ITEM('',(#2811),#14);
#14=MANIFOLD_SOLID_BREP('Frame 1',#1639);
#15=B_SPLINE_CURVE_WITH_KNOTS('',3,(#2372,#2373,#2374,#2375,#2376,#2377,
#2378,#2379,#2380,#2381),.UNSPECIFIED.,.F.,.F.,(4,2,2,2,4),(0.,0.0963338882058283,
0.192667776411657,0.288713566848932,0.384759357286208),.UNSPECIFIED.);
#16=B_SPLINE_CURVE_WITH_KNOTS('',3,(#2383,#2384,#2385,#2386,#2387,#2388,
#2389,#2390,#2391,#2392),.UNSPECIFIED.,.F.,.F.,(4,2,2,2,4),(1.15427807185863,
1.25032386229591,1.34636965273318,1.44270354093901,1.53903742914484),
 .UNSPECIFIED.);
#17=B_SPLINE_CURVE_WITH_KNOTS('',3,(#2394,#2395,#2396,#2397,#2398,#2399,
#2400,#2401,#2402,#2403),.UNSPECIFIED.,.F.,.F.,(4,2,2,2,4),(0.769518714572419,
0.865852602778247,0.962186490984076,1.05823228142135,1.15427807185863),
 .UNSPECIFIED.);
#18=B_SPLINE_CURVE_WITH_KNOTS('',3,(#2407,#2408,#2409,#2410,#2411,#2412,
#2413,#2414,#2415,#2416,#2417,#2418,#2419,#2420,#2421,#2422,#2423,#2424),
 .UNSPECIFIED.,.F.,.F.,(4,2,2,2,2,2,2,2,4),(0.,0.0963338882058283,0.192667776411657,
0.288713566848932,0.384759357286208,0.480805147723485,0.576850938160762,
0.67318482636659,0.769518714572419),.UNSPECIFIED.);
#19=B_SPLINE_CURVE_WITH_KNOTS('',3,(#2425,#2426,#2427,#2428,#2429,#2430,
#2431,#2432,#2433,#2434,#2435,#2436,#2437,#2438,#2439,#2440,#2441,#2442),
 .UNSPECIFIED.,.F.,.F.,(4,2,2,2,2,2,2,2,4),(0.769518714572419,0.865852602778247,
0.962186490984076,1.05823228142135,1.15427807185863,1.25032386229591,1.34636965273318,
1.44270354093901,1.53903742914484),.UNSPECIFIED.);
#20=B_SPLINE_CURVE_WITH_KNOTS('',3,(#2443,#2444,#2445,#2446,#2447,#2448,
#2449,#2450,#2451,#2452),.UNSPECIFIED.,.F.,.F.,(4,2,2,2,4),(0.384759357286208,
0.480805147723485,0.576850938160762,0.67318482636659,0.769518714572419),
 .UNSPECIFIED.);
#21=B_SPLINE_CURVE_WITH_KNOTS('',3,(#2480,#2481,#2482,#2483,#2484,#2485,
#2486,#2487,#2488,#2489),.UNSPECIFIED.,.F.,.F.,(4,2,2,2,4),(0.379762634233779,
0.474682468919739,0.5696023036057,0.664563786036628,0.759525268467556),
 .UNSPECIFIED.);
#22=B_SPLINE_CURVE_WITH_KNOTS('',3,(#2491,#2492,#2493,#2494,#2495,#2496,
#2497,#2498,#2499,#2500),.UNSPECIFIED.,.F.,.F.,(4,2,2,2,4),(0.759525268467556,
0.854486750898485,0.949448233329413,1.04436806801537,1.13928790270133),
 .UNSPECIFIED.);
#23=B_SPLINE_CURVE_WITH_KNOTS('',3,(#2505,#2506,#2507,#2508,#2509,#2510,
#2511,#2512,#2513,#2514),.UNSPECIFIED.,.F.,.F.,(4,2,2,2,4),(1.13928790270133,
1.2342077373873,1.32912757207326,1.42408905450419,1.51905053693511),
 .UNSPECIFIED.);
#24=B_SPLINE_CURVE_WITH_KNOTS('',3,(#2515,#2516,#2517,#2518,#2519,#2520,
#2521,#2522,#2523,#2524),.UNSPECIFIED.,.F.,.F.,(4,2,2,2,4),(0.,0.0949614824309284,
0.189922964861857,0.284842799547818,0.379762634233779),.UNSPECIFIED.);
#25=B_SPLINE_CURVE_WITH_KNOTS('',3,(#2527,#2528,#2529,#2530,#2531,#2532,
#2533,#2534,#2535,#2536,#2537,#2538,#2539,#2540,#2541,#2542,#2543,#2544),
 .UNSPECIFIED.,.F.,.F.,(4,2,2,2,2,2,2,2,4),(0.,0.0949614824309289,0.189922964861858,
0.284842799547819,0.37976263423378,0.47468246891974,0.569602303605701,0.664563786036629,
0.759525268467558),.UNSPECIFIED.);
#26=B_SPLINE_CURVE_WITH_KNOTS('',3,(#2545,#2546,#2547,#2548,#2549,#2550,
#2551,#2552,#2553,#2554,#2555,#2556,#2557,#2558,#2559,#2560,#2561,#2562),
 .UNSPECIFIED.,.F.,.F.,(4,2,2,2,2,2,2,2,4),(0.759525268467558,0.854486750898486,
0.949448233329414,1.04436806801537,1.13928790270134,1.2342077373873,1.32912757207326,
1.42408905450419,1.51905053693511),.UNSPECIFIED.);
#27=CYLINDRICAL_SURFACE('',#1685,3.125);
#28=CYLINDRICAL_SURFACE('',#1686,4.6875);
#29=CYLINDRICAL_SURFACE('',#1691,6.125);
#30=CYLINDRICAL_SURFACE('',#1696,9.5);
#31=CYLINDRICAL_SURFACE('',#1701,25.);
#32=CYLINDRICAL_SURFACE('',#1703,3.12499999999999);
#33=CYLINDRICAL_SURFACE('',#1705,6.24999999999996);
#34=CYLINDRICAL_SURFACE('',#1708,6.24999999999992);
#35=CYLINDRICAL_SURFACE('',#1710,6.25);
#36=CYLINDRICAL_SURFACE('',#1711,3.125);
#37=CYLINDRICAL_SURFACE('',#1714,3.125);
#38=CYLINDRICAL_SURFACE('',#1716,3.125);
#39=CYLINDRICAL_SURFACE('',#1735,12.5);
#40=CYLINDRICAL_SURFACE('',#1739,6.25);
#41=CYLINDRICAL_SURFACE('',#1740,6.25);
#42=CYLINDRICAL_SURFACE('',#1741,3.125);
#43=CYLINDRICAL_SURFACE('',#1744,3.125);
#44=CYLINDRICAL_SURFACE('',#1746,3.125);
#45=CYLINDRICAL_SURFACE('',#1749,3.125);
#46=CYLINDRICAL_SURFACE('',#1767,12.5);
#47=ELLIPSE('',#1677,6.73265375768623,6.25);
#48=ELLIPSE('',#1700,6.73145600891812,6.25);
#49=FACE_BOUND('',#200,.T.);
#50=FACE_BOUND('',#201,.T.);
#51=FACE_BOUND('',#202,.T.);
#52=FACE_BOUND('',#204,.T.);
#53=FACE_BOUND('',#205,.T.);
#54=FACE_BOUND('',#206,.T.);
#55=FACE_BOUND('',#213,.T.);
#56=FACE_BOUND('',#220,.T.);
#57=FACE_BOUND('',#222,.T.);
#58=FACE_BOUND('',#227,.T.);
#59=FACE_BOUND('',#229,.T.);
#60=FACE_BOUND('',#243,.T.);
#61=FACE_BOUND('',#248,.T.);
#62=FACE_BOUND('',#250,.T.);
#63=FACE_BOUND('',#255,.T.);
#64=FACE_BOUND('',#257,.T.);
#65=FACE_BOUND('',#260,.T.);
#66=FACE_BOUND('',#264,.T.);
#67=FACE_BOUND('',#265,.T.);
#68=FACE_BOUND('',#275,.T.);
#69=FACE_BOUND('',#280,.T.);
#70=FACE_BOUND('',#282,.T.);
#71=FACE_BOUND('',#287,.T.);
#72=FACE_BOUND('',#289,.T.);
#73=FACE_BOUND('',#291,.T.);
#74=FACE_BOUND('',#294,.T.);
#75=FACE_BOUND('',#298,.T.);
#76=FACE_BOUND('',#299,.T.);
#77=CIRCLE('',#1660,12.5);
#78=CIRCLE('',#1661,6.25);
#79=CIRCLE('',#1662,4.6875);
#80=CIRCLE('',#1663,6.25);
#81=CIRCLE('',#1664,6.25);
#82=CIRCLE('',#1666,6.25);
#83=CIRCLE('',#1667,6.25);
#84=CIRCLE('',#1668,12.5);
#85=CIRCLE('',#1669,6.25);
#86=CIRCLE('',#1670,4.6875);
#87=CIRCLE('',#1671,6.25);
#88=CIRCLE('',#1679,6.24999999999996);
#89=CIRCLE('',#1680,6.24999999999992);
#90=CIRCLE('',#1681,25.);
#91=CIRCLE('',#1682,3.12499999999999);
#92=CIRCLE('',#1689,9.5);
#93=CIRCLE('',#1690,6.125);
#94=CIRCLE('',#1692,6.125);
#95=CIRCLE('',#1697,9.5);
#96=CIRCLE('',#1702,25.);
#97=CIRCLE('',#1704,3.12499999999999);
#98=CIRCLE('',#1706,6.24999999999996);
#99=CIRCLE('',#1709,6.24999999999992);
#100=CIRCLE('',#1712,3.125);
#101=CIRCLE('',#1713,3.125);
#102=CIRCLE('',#1715,3.125);
#103=CIRCLE('',#1717,3.125);
#104=CIRCLE('',#1718,3.125);
#105=CIRCLE('',#1731,3.125);
#106=CIRCLE('',#1736,12.5);
#107=CIRCLE('',#1742,3.125);
#108=CIRCLE('',#1743,3.125);
#109=CIRCLE('',#1745,3.125);
#110=CIRCLE('',#1747,3.125);
#111=CIRCLE('',#1748,3.125);
#112=CIRCLE('',#1750,3.125);
#113=CIRCLE('',#1768,12.5);
#114=FACE_OUTER_BOUND('',#193,.T.);
#115=FACE_OUTER_BOUND('',#194,.T.);
#116=FACE_OUTER_BOUND('',#195,.T.);
#117=FACE_OUTER_BOUND('',#196,.T.);
#118=FACE_OUTER_BOUND('',#197,.T.);
#119=FACE_OUTER_BOUND('',#198,.T.);
#120=FACE_OUTER_BOUND('',#199,.T.);
#121=FACE_OUTER_BOUND('',#203,.T.);
#122=FACE_OUTER_BOUND('',#207,.T.);
#123=FACE_OUTER_BOUND('',#208,.T.);
#124=FACE_OUTER_BOUND('',#209,.T.);
#125=FACE_OUTER_BOUND('',#210,.T.);
#126=FACE_OUTER_BOUND('',#211,.T.);
#127=FACE_OUTER_BOUND('',#212,.T.);
#128=FACE_OUTER_BOUND('',#214,.T.);
#129=FACE_OUTER_BOUND('',#215,.T.);
#130=FACE_OUTER_BOUND('',#216,.T.);
#131=FACE_OUTER_BOUND('',#217,.T.);
#132=FACE_OUTER_BOUND('',#218,.T.);
#133=FACE_OUTER_BOUND('',#219,.T.);
#134=FACE_OUTER_BOUND('',#221,.T.);
#135=FACE_OUTER_BOUND('',#223,.T.);
#136=FACE_OUTER_BOUND('',#224,.T.);
#137=FACE_OUTER_BOUND('',#225,.T.);
#138=FACE_OUTER_BOUND('',#226,.T.);
#139=FACE_OUTER_BOUND('',#228,.T.);
#140=FACE_OUTER_BOUND('',#230,.T.);
#141=FACE_OUTER_BOUND('',#231,.T.);
#142=FACE_OUTER_BOUND('',#232,.T.);
#143=FACE_OUTER_BOUND('',#233,.T.);
#144=FACE_OUTER_BOUND('',#234,.T.);
#145=FACE_OUTER_BOUND('',#235,.T.);
#146=FACE_OUTER_BOUND('',#236,.T.);
#147=FACE_OUTER_BOUND('',#237,.T.);
#148=FACE_OUTER_BOUND('',#238,.T.);
#149=FACE_OUTER_BOUND('',#239,.T.);
#150=FACE_OUTER_BOUND('',#240,.T.);
#151=FACE_OUTER_BOUND('',#241,.T.);
#152=FACE_OUTER_BOUND('',#242,.T.);
#153=FACE_OUTER_BOUND('',#244,.T.);
#154=FACE_OUTER_BOUND('',#245,.T.);
#155=FACE_OUTER_BOUND('',#246,.T.);
#156=FACE_OUTER_BOUND('',#247,.T.);
#157=FACE_OUTER_BOUND('',#249,.T.);
#158=FACE_OUTER_BOUND('',#251,.T.);
#159=FACE_OUTER_BOUND('',#252,.T.);
#160=FACE_OUTER_BOUND('',#253,.T.);
#161=FACE_OUTER_BOUND('',#254,.T.);
#162=FACE_OUTER_BOUND('',#256,.T.);
#163=FACE_OUTER_BOUND('',#258,.T.);
#164=FACE_OUTER_BOUND('',#259,.T.);
#165=FACE_OUTER_BOUND('',#261,.T.);
#166=FACE_OUTER_BOUND('',#262,.T.);
#167=FACE_OUTER_BOUND('',#263,.T.);
#168=FACE_OUTER_BOUND('',#266,.T.);
#169=FACE_OUTER_BOUND('',#267,.T.);
#170=FACE_OUTER_BOUND('',#268,.T.);
#171=FACE_OUTER_BOUND('',#269,.T.);
#172=FACE_OUTER_BOUND('',#270,.T.);
#173=FACE_OUTER_BOUND('',#271,.T.);
#174=FACE_OUTER_BOUND('',#272,.T.);
#175=FACE_OUTER_BOUND('',#273,.T.);
#176=FACE_OUTER_BOUND('',#274,.T.);
#177=FACE_OUTER_BOUND('',#276,.T.);
#178=FACE_OUTER_BOUND('',#277,.T.);
#179=FACE_OUTER_BOUND('',#278,.T.);
#180=FACE_OUTER_BOUND('',#279,.T.);
#181=FACE_OUTER_BOUND('',#281,.T.);
#182=FACE_OUTER_BOUND('',#283,.T.);
#183=FACE_OUTER_BOUND('',#284,.T.);
#184=FACE_OUTER_BOUND('',#285,.T.);
#185=FACE_OUTER_BOUND('',#286,.T.);
#186=FACE_OUTER_BOUND('',#288,.T.);
#187=FACE_OUTER_BOUND('',#290,.T.);
#188=FACE_OUTER_BOUND('',#292,.T.);
#189=FACE_OUTER_BOUND('',#293,.T.);
#190=FACE_OUTER_BOUND('',#295,.T.);
#191=FACE_OUTER_BOUND('',#296,.T.);
#192=FACE_OUTER_BOUND('',#297,.T.);
#193=EDGE_LOOP('',(#1041,#1042,#1043,#1044));
#194=EDGE_LOOP('',(#1045,#1046,#1047,#1048));
#195=EDGE_LOOP('',(#1049,#1050,#1051,#1052));
#196=EDGE_LOOP('',(#1053,#1054,#1055,#1056,#1057,#1058));
#197=EDGE_LOOP('',(#1059,#1060,#1061,#1062));
#198=EDGE_LOOP('',(#1063,#1064,#1065,#1066,#1067,#1068));
#199=EDGE_LOOP('',(#1069,#1070,#1071,#1072,#1073,#1074,#1075,#1076,#1077,
#1078,#1079,#1080,#1081,#1082,#1083,#1084,#1085,#1086,#1087,#1088));
#200=EDGE_LOOP('',(#1089));
#201=EDGE_LOOP('',(#1090));
#202=EDGE_LOOP('',(#1091));
#203=EDGE_LOOP('',(#1092,#1093,#1094,#1095,#1096,#1097,#1098,#1099,#1100,
#1101,#1102,#1103,#1104,#1105,#1106,#1107,#1108,#1109,#1110,#1111,#1112));
#204=EDGE_LOOP('',(#1113));
#205=EDGE_LOOP('',(#1114));
#206=EDGE_LOOP('',(#1115));
#207=EDGE_LOOP('',(#1116,#1117,#1118,#1119));
#208=EDGE_LOOP('',(#1120,#1121,#1122,#1123,#1124));
#209=EDGE_LOOP('',(#1125,#1126,#1127,#1128,#1129));
#210=EDGE_LOOP('',(#1130,#1131,#1132,#1133));
#211=EDGE_LOOP('',(#1134,#1135,#1136,#1137,#1138,#1139,#1140));
#212=EDGE_LOOP('',(#1141,#1142,#1143,#1144,#1145,#1146,#1147,#1148,#1149,
#1150));
#213=EDGE_LOOP('',(#1151));
#214=EDGE_LOOP('',(#1152,#1153,#1154,#1155,#1156));
#215=EDGE_LOOP('',(#1157,#1158,#1159,#1160));
#216=EDGE_LOOP('',(#1161,#1162,#1163,#1164,#1165,#1166,#1167,#1168));
#217=EDGE_LOOP('',(#1169,#1170,#1171,#1172));
#218=EDGE_LOOP('',(#1173,#1174,#1175,#1176,#1177));
#219=EDGE_LOOP('',(#1178));
#220=EDGE_LOOP('',(#1179));
#221=EDGE_LOOP('',(#1180,#1181,#1182,#1183,#1184,#1185,#1186,#1187,#1188,
#1189));
#222=EDGE_LOOP('',(#1190,#1191));
#223=EDGE_LOOP('',(#1192));
#224=EDGE_LOOP('',(#1193,#1194,#1195,#1196));
#225=EDGE_LOOP('',(#1197,#1198,#1199,#1200));
#226=EDGE_LOOP('',(#1201,#1202,#1203,#1204,#1205,#1206,#1207,#1208,#1209,
#1210));
#227=EDGE_LOOP('',(#1211,#1212));
#228=EDGE_LOOP('',(#1213,#1214,#1215,#1216,#1217,#1218,#1219,#1220));
#229=EDGE_LOOP('',(#1221));
#230=EDGE_LOOP('',(#1222,#1223,#1224,#1225,#1226,#1227,#1228));
#231=EDGE_LOOP('',(#1229,#1230,#1231,#1232));
#232=EDGE_LOOP('',(#1233,#1234,#1235,#1236));
#233=EDGE_LOOP('',(#1237,#1238,#1239,#1240));
#234=EDGE_LOOP('',(#1241,#1242,#1243,#1244));
#235=EDGE_LOOP('',(#1245,#1246,#1247,#1248));
#236=EDGE_LOOP('',(#1249,#1250,#1251,#1252,#1253,#1254,#1255));
#237=EDGE_LOOP('',(#1256,#1257,#1258,#1259));
#238=EDGE_LOOP('',(#1260,#1261,#1262,#1263,#1264,#1265,#1266));
#239=EDGE_LOOP('',(#1267,#1268,#1269,#1270));
#240=EDGE_LOOP('',(#1271,#1272,#1273,#1274));
#241=EDGE_LOOP('',(#1275,#1276,#1277,#1278));
#242=EDGE_LOOP('',(#1279,#1280,#1281,#1282));
#243=EDGE_LOOP('',(#1283));
#244=EDGE_LOOP('',(#1284,#1285,#1286,#1287));
#245=EDGE_LOOP('',(#1288,#1289,#1290,#1291));
#246=EDGE_LOOP('',(#1292,#1293,#1294,#1295));
#247=EDGE_LOOP('',(#1296,#1297,#1298,#1299));
#248=EDGE_LOOP('',(#1300));
#249=EDGE_LOOP('',(#1301,#1302,#1303,#1304));
#250=EDGE_LOOP('',(#1305));
#251=EDGE_LOOP('',(#1306,#1307,#1308,#1309));
#252=EDGE_LOOP('',(#1310,#1311,#1312,#1313));
#253=EDGE_LOOP('',(#1314,#1315,#1316,#1317));
#254=EDGE_LOOP('',(#1318,#1319,#1320,#1321));
#255=EDGE_LOOP('',(#1322));
#256=EDGE_LOOP('',(#1323,#1324,#1325,#1326));
#257=EDGE_LOOP('',(#1327,#1328,#1329,#1330));
#258=EDGE_LOOP('',(#1331,#1332,#1333,#1334,#1335));
#259=EDGE_LOOP('',(#1336,#1337,#1338,#1339,#1340,#1341));
#260=EDGE_LOOP('',(#1342,#1343,#1344,#1345));
#261=EDGE_LOOP('',(#1346,#1347,#1348,#1349));
#262=EDGE_LOOP('',(#1350,#1351,#1352,#1353));
#263=EDGE_LOOP('',(#1354,#1355,#1356,#1357,#1358,#1359,#1360,#1361,#1362,
#1363,#1364));
#264=EDGE_LOOP('',(#1365));
#265=EDGE_LOOP('',(#1366));
#266=EDGE_LOOP('',(#1367,#1368,#1369,#1370));
#267=EDGE_LOOP('',(#1371,#1372,#1373,#1374));
#268=EDGE_LOOP('',(#1375,#1376,#1377,#1378));
#269=EDGE_LOOP('',(#1379,#1380,#1381,#1382));
#270=EDGE_LOOP('',(#1383,#1384,#1385,#1386));
#271=EDGE_LOOP('',(#1387,#1388,#1389,#1390,#1391));
#272=EDGE_LOOP('',(#1392,#1393,#1394,#1395));
#273=EDGE_LOOP('',(#1396,#1397,#1398,#1399));
#274=EDGE_LOOP('',(#1400,#1401,#1402,#1403));
#275=EDGE_LOOP('',(#1404));
#276=EDGE_LOOP('',(#1405,#1406,#1407,#1408));
#277=EDGE_LOOP('',(#1409,#1410,#1411,#1412));
#278=EDGE_LOOP('',(#1413,#1414,#1415,#1416));
#279=EDGE_LOOP('',(#1417,#1418,#1419,#1420));
#280=EDGE_LOOP('',(#1421));
#281=EDGE_LOOP('',(#1422,#1423,#1424,#1425));
#282=EDGE_LOOP('',(#1426));
#283=EDGE_LOOP('',(#1427,#1428,#1429,#1430));
#284=EDGE_LOOP('',(#1431,#1432,#1433,#1434));
#285=EDGE_LOOP('',(#1435,#1436,#1437,#1438));
#286=EDGE_LOOP('',(#1439,#1440,#1441,#1442));
#287=EDGE_LOOP('',(#1443));
#288=EDGE_LOOP('',(#1444,#1445,#1446,#1447));
#289=EDGE_LOOP('',(#1448,#1449,#1450,#1451));
#290=EDGE_LOOP('',(#1452,#1453,#1454,#1455,#1456,#1457,#1458,#1459,#1460,
#1461,#1462,#1463));
#291=EDGE_LOOP('',(#1464));
#292=EDGE_LOOP('',(#1465,#1466,#1467,#1468,#1469));
#293=EDGE_LOOP('',(#1470,#1471,#1472,#1473,#1474,#1475));
#294=EDGE_LOOP('',(#1476,#1477,#1478,#1479));
#295=EDGE_LOOP('',(#1480,#1481,#1482,#1483));
#296=EDGE_LOOP('',(#1484,#1485,#1486,#1487));
#297=EDGE_LOOP('',(#1488,#1489,#1490,#1491,#1492,#1493,#1494,#1495,#1496,
#1497,#1498));
#298=EDGE_LOOP('',(#1499));
#299=EDGE_LOOP('',(#1500));
#300=LINE('',#2192,#479);
#301=LINE('',#2194,#480);
#302=LINE('',#2196,#481);
#303=LINE('',#2197,#482);
#304=LINE('',#2200,#483);
#305=LINE('',#2202,#484);
#306=LINE('',#2203,#485);
#307=LINE('',#2207,#486);
#308=LINE('',#2209,#487);
#309=LINE('',#2211,#488);
#310=LINE('',#2212,#489);
#311=LINE('',#2215,#490);
#312=LINE('',#2217,#491);
#313=LINE('',#2219,#492);
#314=LINE('',#2221,#493);
#315=LINE('',#2222,#494);
#316=LINE('',#2225,#495);
#317=LINE('',#2227,#496);
#318=LINE('',#2228,#497);
#319=LINE('',#2232,#498);
#320=LINE('',#2233,#499);
#321=LINE('',#2235,#500);
#322=LINE('',#2237,#501);
#323=LINE('',#2238,#502);
#324=LINE('',#2241,#503);
#325=LINE('',#2243,#504);
#326=LINE('',#2245,#505);
#327=LINE('',#2249,#506);
#328=LINE('',#2250,#507);
#329=LINE('',#2252,#508);
#330=LINE('',#2254,#509);
#331=LINE('',#2258,#510);
#332=LINE('',#2260,#511);
#333=LINE('',#2262,#512);
#334=LINE('',#2264,#513);
#335=LINE('',#2265,#514);
#336=LINE('',#2274,#515);
#337=LINE('',#2276,#516);
#338=LINE('',#2278,#517);
#339=LINE('',#2280,#518);
#340=LINE('',#2282,#519);
#341=LINE('',#2288,#520);
#342=LINE('',#2290,#521);
#343=LINE('',#2292,#522);
#344=LINE('',#2294,#523);
#345=LINE('',#2296,#524);
#346=LINE('',#2300,#525);
#347=LINE('',#2302,#526);
#348=LINE('',#2303,#527);
#349=LINE('',#2312,#528);
#350=LINE('',#2314,#529);
#351=LINE('',#2315,#530);
#352=LINE('',#2318,#531);
#353=LINE('',#2319,#532);
#354=LINE('',#2322,#533);
#355=LINE('',#2324,#534);
#356=LINE('',#2325,#535);
#357=LINE('',#2328,#536);
#358=LINE('',#2330,#537);
#359=LINE('',#2331,#538);
#360=LINE('',#2334,#539);
#361=LINE('',#2336,#540);
#362=LINE('',#2338,#541);
#363=LINE('',#2339,#542);
#364=LINE('',#2344,#543);
#365=LINE('',#2346,#544);
#366=LINE('',#2350,#545);
#367=LINE('',#2353,#546);
#368=LINE('',#2355,#547);
#369=LINE('',#2358,#548);
#370=LINE('',#2363,#549);
#371=LINE('',#2365,#550);
#372=LINE('',#2366,#551);
#373=LINE('',#2368,#552);
#374=LINE('',#2405,#553);
#375=LINE('',#2454,#554);
#376=LINE('',#2457,#555);
#377=LINE('',#2458,#556);
#378=LINE('',#2467,#557);
#379=LINE('',#2468,#558);
#380=LINE('',#2471,#559);
#381=LINE('',#2472,#560);
#382=LINE('',#2474,#561);
#383=LINE('',#2475,#562);
#384=LINE('',#2478,#563);
#385=LINE('',#2502,#564);
#386=LINE('',#2565,#565);
#387=LINE('',#2568,#566);
#388=LINE('',#2569,#567);
#389=LINE('',#2572,#568);
#390=LINE('',#2575,#569);
#391=LINE('',#2579,#570);
#392=LINE('',#2583,#571);
#393=LINE('',#2586,#572);
#394=LINE('',#2587,#573);
#395=LINE('',#2591,#574);
#396=LINE('',#2596,#575);
#397=LINE('',#2601,#576);
#398=LINE('',#2606,#577);
#399=LINE('',#2611,#578);
#400=LINE('',#2613,#579);
#401=LINE('',#2615,#580);
#402=LINE('',#2616,#581);
#403=LINE('',#2620,#582);
#404=LINE('',#2622,#583);
#405=LINE('',#2624,#584);
#406=LINE('',#2625,#585);
#407=LINE('',#2627,#586);
#408=LINE('',#2628,#587);
#409=LINE('',#2630,#588);
#410=LINE('',#2634,#589);
#411=LINE('',#2636,#590);
#412=LINE('',#2638,#591);
#413=LINE('',#2639,#592);
#414=LINE('',#2643,#593);
#415=LINE('',#2645,#594);
#416=LINE('',#2647,#595);
#417=LINE('',#2648,#596);
#418=LINE('',#2650,#597);
#419=LINE('',#2651,#598);
#420=LINE('',#2653,#599);
#421=LINE('',#2656,#600);
#422=LINE('',#2658,#601);
#423=LINE('',#2659,#602);
#424=LINE('',#2662,#603);
#425=LINE('',#2664,#604);
#426=LINE('',#2665,#605);
#427=LINE('',#2667,#606);
#428=LINE('',#2669,#607);
#429=LINE('',#2674,#608);
#430=LINE('',#2675,#609);
#431=LINE('',#2677,#610);
#432=LINE('',#2679,#611);
#433=LINE('',#2683,#612);
#434=LINE('',#2685,#613);
#435=LINE('',#2687,#614);
#436=LINE('',#2689,#615);
#437=LINE('',#2691,#616);
#438=LINE('',#2696,#617);
#439=LINE('',#2700,#618);
#440=LINE('',#2706,#619);
#441=LINE('',#2710,#620);
#442=LINE('',#2715,#621);
#443=LINE('',#2717,#622);
#444=LINE('',#2719,#623);
#445=LINE('',#2720,#624);
#446=LINE('',#2724,#625);
#447=LINE('',#2726,#626);
#448=LINE('',#2728,#627);
#449=LINE('',#2729,#628);
#450=LINE('',#2731,#629);
#451=LINE('',#2732,#630);
#452=LINE('',#2734,#631);
#453=LINE('',#2738,#632);
#454=LINE('',#2740,#633);
#455=LINE('',#2742,#634);
#456=LINE('',#2743,#635);
#457=LINE('',#2747,#636);
#458=LINE('',#2749,#637);
#459=LINE('',#2751,#638);
#460=LINE('',#2752,#639);
#461=LINE('',#2754,#640);
#462=LINE('',#2755,#641);
#463=LINE('',#2757,#642);
#464=LINE('',#2760,#643);
#465=LINE('',#2762,#644);
#466=LINE('',#2763,#645);
#467=LINE('',#2766,#646);
#468=LINE('',#2768,#647);
#469=LINE('',#2769,#648);
#470=LINE('',#2771,#649);
#471=LINE('',#2773,#650);
#472=LINE('',#2776,#651);
#473=LINE('',#2777,#652);
#474=LINE('',#2779,#653);
#475=LINE('',#2781,#654);
#476=LINE('',#2783,#655);
#477=LINE('',#2787,#656);
#478=LINE('',#2789,#657);
#479=VECTOR('',#1775,12.5);
#480=VECTOR('',#1776,12.5);
#481=VECTOR('',#1777,12.5);
#482=VECTOR('',#1778,12.5);
#483=VECTOR('',#1781,12.5);
#484=VECTOR('',#1782,12.5);
#485=VECTOR('',#1783,12.5);
#486=VECTOR('',#1786,12.5);
#487=VECTOR('',#1787,12.5);
#488=VECTOR('',#1788,12.5);
#489=VECTOR('',#1789,12.5);
#490=VECTOR('',#1792,12.5);
#491=VECTOR('',#1793,12.5);
#492=VECTOR('',#1794,12.5);
#493=VECTOR('',#1795,12.5);
#494=VECTOR('',#1796,12.5);
#495=VECTOR('',#1799,12.5);
#496=VECTOR('',#1800,12.5);
#497=VECTOR('',#1801,12.5);
#498=VECTOR('',#1804,12.5);
#499=VECTOR('',#1805,12.5);
#500=VECTOR('',#1806,12.5);
#501=VECTOR('',#1807,12.5);
#502=VECTOR('',#1808,12.5);
#503=VECTOR('',#1811,12.5);
#504=VECTOR('',#1812,12.5);
#505=VECTOR('',#1813,12.5);
#506=VECTOR('',#1816,12.5);
#507=VECTOR('',#1817,12.5);
#508=VECTOR('',#1818,12.5);
#509=VECTOR('',#1819,12.5);
#510=VECTOR('',#1822,12.5);
#511=VECTOR('',#1823,12.5);
#512=VECTOR('',#1824,12.5);
#513=VECTOR('',#1825,12.5);
#514=VECTOR('',#1826,12.5);
#515=VECTOR('',#1835,12.5);
#516=VECTOR('',#1836,12.5);
#517=VECTOR('',#1837,12.5);
#518=VECTOR('',#1838,12.5);
#519=VECTOR('',#1839,12.5);
#520=VECTOR('',#1844,12.5);
#521=VECTOR('',#1845,12.5);
#522=VECTOR('',#1846,12.5);
#523=VECTOR('',#1847,12.5);
#524=VECTOR('',#1848,12.5);
#525=VECTOR('',#1851,12.5);
#526=VECTOR('',#1852,12.5);
#527=VECTOR('',#1853,12.5);
#528=VECTOR('',#1862,12.5);
#529=VECTOR('',#1863,12.5);
#530=VECTOR('',#1864,12.5);
#531=VECTOR('',#1867,12.5);
#532=VECTOR('',#1868,12.5);
#533=VECTOR('',#1871,12.5);
#534=VECTOR('',#1872,12.5);
#535=VECTOR('',#1873,12.5);
#536=VECTOR('',#1876,12.5);
#537=VECTOR('',#1877,12.5);
#538=VECTOR('',#1878,12.5);
#539=VECTOR('',#1881,12.5);
#540=VECTOR('',#1882,12.5);
#541=VECTOR('',#1883,12.5);
#542=VECTOR('',#1884,12.5);
#543=VECTOR('',#1889,12.5);
#544=VECTOR('',#1890,12.5);
#545=VECTOR('',#1893,12.5);
#546=VECTOR('',#1896,12.5);
#547=VECTOR('',#1897,12.5);
#548=VECTOR('',#1900,12.5);
#549=VECTOR('',#1905,12.5);
#550=VECTOR('',#1906,12.5);
#551=VECTOR('',#1907,12.5);
#552=VECTOR('',#1910,12.5);
#553=VECTOR('',#1913,3.125);
#554=VECTOR('',#1916,4.6875);
#555=VECTOR('',#1919,12.5);
#556=VECTOR('',#1920,12.5);
#557=VECTOR('',#1931,6.25);
#558=VECTOR('',#1932,6.25);
#559=VECTOR('',#1937,12.5);
#560=VECTOR('',#1938,12.5);
#561=VECTOR('',#1941,12.5);
#562=VECTOR('',#1942,12.5);
#563=VECTOR('',#1945,9.375);
#564=VECTOR('',#1946,9.375);
#565=VECTOR('',#1953,12.5);
#566=VECTOR('',#1956,12.5);
#567=VECTOR('',#1957,12.5);
#568=VECTOR('',#1960,12.5);
#569=VECTOR('',#1963,12.5);
#570=VECTOR('',#1968,3.12499999999999);
#571=VECTOR('',#1973,12.5);
#572=VECTOR('',#1976,12.5);
#573=VECTOR('',#1977,12.5);
#574=VECTOR('',#1984,6.25);
#575=VECTOR('',#1989,3.125);
#576=VECTOR('',#1996,3.125);
#577=VECTOR('',#2001,3.125);
#578=VECTOR('',#2006,12.5);
#579=VECTOR('',#2007,12.5);
#580=VECTOR('',#2008,12.5);
#581=VECTOR('',#2009,12.5);
#582=VECTOR('',#2012,12.5);
#583=VECTOR('',#2013,12.5);
#584=VECTOR('',#2014,12.5);
#585=VECTOR('',#2015,12.5);
#586=VECTOR('',#2018,12.5);
#587=VECTOR('',#2019,12.5);
#588=VECTOR('',#2022,12.5);
#589=VECTOR('',#2025,12.5);
#590=VECTOR('',#2026,12.5);
#591=VECTOR('',#2027,12.5);
#592=VECTOR('',#2028,12.5);
#593=VECTOR('',#2031,12.5);
#594=VECTOR('',#2032,12.5);
#595=VECTOR('',#2033,12.5);
#596=VECTOR('',#2034,12.5);
#597=VECTOR('',#2037,12.5);
#598=VECTOR('',#2038,12.5);
#599=VECTOR('',#2041,12.5);
#600=VECTOR('',#2044,12.5);
#601=VECTOR('',#2045,12.5);
#602=VECTOR('',#2046,12.5);
#603=VECTOR('',#2049,12.5);
#604=VECTOR('',#2050,12.5);
#605=VECTOR('',#2051,12.5);
#606=VECTOR('',#2054,12.5);
#607=VECTOR('',#2057,12.5);
#608=VECTOR('',#2062,12.5);
#609=VECTOR('',#2063,12.5);
#610=VECTOR('',#2066,12.5);
#611=VECTOR('',#2069,12.5);
#612=VECTOR('',#2074,12.5);
#613=VECTOR('',#2077,12.5);
#614=VECTOR('',#2080,12.5);
#615=VECTOR('',#2083,6.25);
#616=VECTOR('',#2086,6.25);
#617=VECTOR('',#2091,3.125);
#618=VECTOR('',#2096,3.125);
#619=VECTOR('',#2103,3.125);
#620=VECTOR('',#2108,3.125);
#621=VECTOR('',#2113,12.5);
#622=VECTOR('',#2114,12.5);
#623=VECTOR('',#2115,12.5);
#624=VECTOR('',#2116,12.5);
#625=VECTOR('',#2119,12.5);
#626=VECTOR('',#2120,12.5);
#627=VECTOR('',#2121,12.5);
#628=VECTOR('',#2122,12.5);
#629=VECTOR('',#2125,12.5);
#630=VECTOR('',#2126,12.5);
#631=VECTOR('',#2129,12.5);
#632=VECTOR('',#2132,12.5);
#633=VECTOR('',#2133,12.5);
#634=VECTOR('',#2134,12.5);
#635=VECTOR('',#2135,12.5);
#636=VECTOR('',#2138,12.5);
#637=VECTOR('',#2139,12.5);
#638=VECTOR('',#2140,12.5);
#639=VECTOR('',#2141,12.5);
#640=VECTOR('',#2144,12.5);
#641=VECTOR('',#2145,12.5);
#642=VECTOR('',#2148,12.5);
#643=VECTOR('',#2151,12.5);
#644=VECTOR('',#2152,12.5);
#645=VECTOR('',#2153,12.5);
#646=VECTOR('',#2156,12.5);
#647=VECTOR('',#2157,12.5);
#648=VECTOR('',#2158,12.5);
#649=VECTOR('',#2161,12.5);
#650=VECTOR('',#2164,12.5);
#651=VECTOR('',#2167,12.5);
#652=VECTOR('',#2168,12.5);
#653=VECTOR('',#2171,12.5);
#654=VECTOR('',#2174,12.5);
#655=VECTOR('',#2177,12.5);
#656=VECTOR('',#2182,12.5);
#657=VECTOR('',#2185,12.5);
#658=VERTEX_POINT('',#2190);
#659=VERTEX_POINT('',#2191);
#660=VERTEX_POINT('',#2193);
#661=VERTEX_POINT('',#2195);
#662=VERTEX_POINT('',#2199);
#663=VERTEX_POINT('',#2201);
#664=VERTEX_POINT('',#2205);
#665=VERTEX_POINT('',#2206);
#666=VERTEX_POINT('',#2208);
#667=VERTEX_POINT('',#2210);
#668=VERTEX_POINT('',#2214);
#669=VERTEX_POINT('',#2216);
#670=VERTEX_POINT('',#2218);
#671=VERTEX_POINT('',#2220);
#672=VERTEX_POINT('',#2224);
#673=VERTEX_POINT('',#2226);
#674=VERTEX_POINT('',#2230);
#675=VERTEX_POINT('',#2231);
#676=VERTEX_POINT('',#2234);
#677=VERTEX_POINT('',#2236);
#678=VERTEX_POINT('',#2240);
#679=VERTEX_POINT('',#2242);
#680=VERTEX_POINT('',#2244);
#681=VERTEX_POINT('',#2246);
#682=VERTEX_POINT('',#2248);
#683=VERTEX_POINT('',#2251);
#684=VERTEX_POINT('',#2253);
#685=VERTEX_POINT('',#2255);
#686=VERTEX_POINT('',#2257);
#687=VERTEX_POINT('',#2259);
#688=VERTEX_POINT('',#2261);
#689=VERTEX_POINT('',#2263);
#690=VERTEX_POINT('',#2266);
#691=VERTEX_POINT('',#2268);
#692=VERTEX_POINT('',#2270);
#693=VERTEX_POINT('',#2273);
#694=VERTEX_POINT('',#2275);
#695=VERTEX_POINT('',#2277);
#696=VERTEX_POINT('',#2279);
#697=VERTEX_POINT('',#2281);
#698=VERTEX_POINT('',#2283);
#699=VERTEX_POINT('',#2285);
#700=VERTEX_POINT('',#2287);
#701=VERTEX_POINT('',#2289);
#702=VERTEX_POINT('',#2291);
#703=VERTEX_POINT('',#2293);
#704=VERTEX_POINT('',#2295);
#705=VERTEX_POINT('',#2297);
#706=VERTEX_POINT('',#2299);
#707=VERTEX_POINT('',#2301);
#708=VERTEX_POINT('',#2304);
#709=VERTEX_POINT('',#2306);
#710=VERTEX_POINT('',#2308);
#711=VERTEX_POINT('',#2311);
#712=VERTEX_POINT('',#2313);
#713=VERTEX_POINT('',#2317);
#714=VERTEX_POINT('',#2321);
#715=VERTEX_POINT('',#2323);
#716=VERTEX_POINT('',#2327);
#717=VERTEX_POINT('',#2329);
#718=VERTEX_POINT('',#2333);
#719=VERTEX_POINT('',#2335);
#720=VERTEX_POINT('',#2337);
#721=VERTEX_POINT('',#2342);
#722=VERTEX_POINT('',#2343);
#723=VERTEX_POINT('',#2345);
#724=VERTEX_POINT('',#2347);
#725=VERTEX_POINT('',#2349);
#726=VERTEX_POINT('',#2352);
#727=VERTEX_POINT('',#2354);
#728=VERTEX_POINT('',#2356);
#729=VERTEX_POINT('',#2359);
#730=VERTEX_POINT('',#2362);
#731=VERTEX_POINT('',#2364);
#732=VERTEX_POINT('',#2370);
#733=VERTEX_POINT('',#2371);
#734=VERTEX_POINT('',#2382);
#735=VERTEX_POINT('',#2393);
#736=VERTEX_POINT('',#2404);
#737=VERTEX_POINT('',#2406);
#738=VERTEX_POINT('',#2456);
#739=VERTEX_POINT('',#2460);
#740=VERTEX_POINT('',#2462);
#741=VERTEX_POINT('',#2465);
#742=VERTEX_POINT('',#2477);
#743=VERTEX_POINT('',#2479);
#744=VERTEX_POINT('',#2490);
#745=VERTEX_POINT('',#2501);
#746=VERTEX_POINT('',#2504);
#747=VERTEX_POINT('',#2525);
#748=VERTEX_POINT('',#2526);
#749=VERTEX_POINT('',#2567);
#750=VERTEX_POINT('',#2571);
#751=VERTEX_POINT('',#2573);
#752=VERTEX_POINT('',#2577);
#753=VERTEX_POINT('',#2581);
#754=VERTEX_POINT('',#2585);
#755=VERTEX_POINT('',#2593);
#756=VERTEX_POINT('',#2595);
#757=VERTEX_POINT('',#2599);
#758=VERTEX_POINT('',#2603);
#759=VERTEX_POINT('',#2605);
#760=VERTEX_POINT('',#2609);
#761=VERTEX_POINT('',#2610);
#762=VERTEX_POINT('',#2612);
#763=VERTEX_POINT('',#2614);
#764=VERTEX_POINT('',#2618);
#765=VERTEX_POINT('',#2619);
#766=VERTEX_POINT('',#2621);
#767=VERTEX_POINT('',#2623);
#768=VERTEX_POINT('',#2632);
#769=VERTEX_POINT('',#2633);
#770=VERTEX_POINT('',#2635);
#771=VERTEX_POINT('',#2637);
#772=VERTEX_POINT('',#2641);
#773=VERTEX_POINT('',#2642);
#774=VERTEX_POINT('',#2644);
#775=VERTEX_POINT('',#2646);
#776=VERTEX_POINT('',#2655);
#777=VERTEX_POINT('',#2657);
#778=VERTEX_POINT('',#2661);
#779=VERTEX_POINT('',#2663);
#780=VERTEX_POINT('',#2670);
#781=VERTEX_POINT('',#2673);
#782=VERTEX_POINT('',#2681);
#783=VERTEX_POINT('',#2693);
#784=VERTEX_POINT('',#2695);
#785=VERTEX_POINT('',#2699);
#786=VERTEX_POINT('',#2703);
#787=VERTEX_POINT('',#2705);
#788=VERTEX_POINT('',#2709);
#789=VERTEX_POINT('',#2713);
#790=VERTEX_POINT('',#2714);
#791=VERTEX_POINT('',#2716);
#792=VERTEX_POINT('',#2718);
#793=VERTEX_POINT('',#2722);
#794=VERTEX_POINT('',#2723);
#795=VERTEX_POINT('',#2725);
#796=VERTEX_POINT('',#2727);
#797=VERTEX_POINT('',#2736);
#798=VERTEX_POINT('',#2737);
#799=VERTEX_POINT('',#2739);
#800=VERTEX_POINT('',#2741);
#801=VERTEX_POINT('',#2745);
#802=VERTEX_POINT('',#2746);
#803=VERTEX_POINT('',#2748);
#804=VERTEX_POINT('',#2750);
#805=VERTEX_POINT('',#2759);
#806=VERTEX_POINT('',#2761);
#807=VERTEX_POINT('',#2765);
#808=VERTEX_POINT('',#2767);
#809=VERTEX_POINT('',#2775);
#810=VERTEX_POINT('',#2785);
#811=EDGE_CURVE('',#658,#659,#300,.T.);
#812=EDGE_CURVE('',#660,#658,#301,.T.);
#813=EDGE_CURVE('',#661,#660,#302,.T.);
#814=EDGE_CURVE('',#659,#661,#303,.T.);
#815=EDGE_CURVE('',#662,#659,#304,.T.);
#816=EDGE_CURVE('',#663,#662,#305,.T.);
#817=EDGE_CURVE('',#658,#663,#306,.T.);
#818=EDGE_CURVE('',#664,#665,#307,.T.);
#819=EDGE_CURVE('',#665,#666,#308,.T.);
#820=EDGE_CURVE('',#667,#666,#309,.T.);
#821=EDGE_CURVE('',#664,#667,#310,.T.);
#822=EDGE_CURVE('',#668,#660,#311,.T.);
#823=EDGE_CURVE('',#669,#668,#312,.T.);
#824=EDGE_CURVE('',#670,#669,#313,.T.);
#825=EDGE_CURVE('',#671,#670,#314,.T.);
#826=EDGE_CURVE('',#661,#671,#315,.T.);
#827=EDGE_CURVE('',#672,#662,#316,.T.);
#828=EDGE_CURVE('',#673,#672,#317,.T.);
#829=EDGE_CURVE('',#663,#673,#318,.T.);
#830=EDGE_CURVE('',#674,#675,#319,.T.);
#831=EDGE_CURVE('',#673,#674,#320,.T.);
#832=EDGE_CURVE('',#676,#672,#321,.T.);
#833=EDGE_CURVE('',#677,#676,#322,.T.);
#834=EDGE_CURVE('',#675,#677,#323,.T.);
#835=EDGE_CURVE('',#674,#678,#324,.T.);
#836=EDGE_CURVE('',#678,#679,#325,.T.);
#837=EDGE_CURVE('',#679,#680,#326,.T.);
#838=EDGE_CURVE('',#681,#680,#77,.T.);
#839=EDGE_CURVE('',#681,#682,#327,.T.);
#840=EDGE_CURVE('',#682,#665,#328,.T.);
#841=EDGE_CURVE('',#664,#683,#329,.T.);
#842=EDGE_CURVE('',#683,#684,#330,.T.);
#843=EDGE_CURVE('',#684,#685,#78,.T.);
#844=EDGE_CURVE('',#685,#686,#331,.T.);
#845=EDGE_CURVE('',#686,#687,#332,.T.);
#846=EDGE_CURVE('',#687,#688,#333,.T.);
#847=EDGE_CURVE('',#688,#689,#334,.T.);
#848=EDGE_CURVE('',#689,#668,#335,.T.);
#849=EDGE_CURVE('',#690,#690,#79,.T.);
#850=EDGE_CURVE('',#691,#691,#80,.T.);
#851=EDGE_CURVE('',#692,#692,#81,.T.);
#852=EDGE_CURVE('',#671,#693,#336,.T.);
#853=EDGE_CURVE('',#693,#694,#337,.T.);
#854=EDGE_CURVE('',#694,#695,#338,.T.);
#855=EDGE_CURVE('',#695,#696,#339,.T.);
#856=EDGE_CURVE('',#696,#697,#340,.T.);
#857=EDGE_CURVE('',#697,#698,#82,.T.);
#858=EDGE_CURVE('',#698,#699,#83,.T.);
#859=EDGE_CURVE('',#699,#700,#341,.T.);
#860=EDGE_CURVE('',#700,#701,#342,.T.);
#861=EDGE_CURVE('',#701,#702,#343,.T.);
#862=EDGE_CURVE('',#702,#703,#344,.T.);
#863=EDGE_CURVE('',#703,#704,#345,.T.);
#864=EDGE_CURVE('',#704,#705,#84,.T.);
#865=EDGE_CURVE('',#705,#706,#346,.T.);
#866=EDGE_CURVE('',#706,#707,#347,.T.);
#867=EDGE_CURVE('',#707,#676,#348,.T.);
#868=EDGE_CURVE('',#708,#708,#85,.T.);
#869=EDGE_CURVE('',#709,#709,#86,.T.);
#870=EDGE_CURVE('',#710,#710,#87,.T.);
#871=EDGE_CURVE('',#711,#669,#349,.T.);
#872=EDGE_CURVE('',#712,#711,#350,.T.);
#873=EDGE_CURVE('',#712,#670,#351,.T.);
#874=EDGE_CURVE('',#713,#689,#352,.T.);
#875=EDGE_CURVE('',#711,#713,#353,.T.);
#876=EDGE_CURVE('',#714,#707,#354,.T.);
#877=EDGE_CURVE('',#715,#714,#355,.T.);
#878=EDGE_CURVE('',#715,#677,#356,.T.);
#879=EDGE_CURVE('',#716,#701,#357,.T.);
#880=EDGE_CURVE('',#717,#716,#358,.T.);
#881=EDGE_CURVE('',#717,#702,#359,.T.);
#882=EDGE_CURVE('',#696,#718,#360,.T.);
#883=EDGE_CURVE('',#719,#718,#361,.T.);
#884=EDGE_CURVE('',#720,#719,#362,.T.);
#885=EDGE_CURVE('',#700,#720,#363,.T.);
#886=EDGE_CURVE('',#697,#699,#47,.T.);
#887=EDGE_CURVE('',#721,#722,#364,.T.);
#888=EDGE_CURVE('',#722,#723,#365,.T.);
#889=EDGE_CURVE('',#723,#724,#88,.T.);
#890=EDGE_CURVE('',#724,#725,#366,.T.);
#891=EDGE_CURVE('',#725,#719,#89,.T.);
#892=EDGE_CURVE('',#718,#726,#367,.T.);
#893=EDGE_CURVE('',#726,#727,#368,.T.);
#894=EDGE_CURVE('',#727,#728,#90,.T.);
#895=EDGE_CURVE('',#728,#721,#369,.T.);
#896=EDGE_CURVE('',#729,#729,#91,.T.);
#897=EDGE_CURVE('',#730,#675,#370,.T.);
#898=EDGE_CURVE('',#731,#730,#371,.T.);
#899=EDGE_CURVE('',#731,#678,#372,.T.);
#900=EDGE_CURVE('',#730,#715,#373,.T.);
#901=EDGE_CURVE('',#732,#733,#15,.T.);
#902=EDGE_CURVE('',#734,#732,#16,.T.);
#903=EDGE_CURVE('',#735,#734,#17,.T.);
#904=EDGE_CURVE('',#735,#736,#374,.T.);
#905=EDGE_CURVE('',#737,#736,#18,.T.);
#906=EDGE_CURVE('',#736,#737,#19,.T.);
#907=EDGE_CURVE('',#733,#735,#20,.T.);
#908=EDGE_CURVE('',#709,#690,#375,.T.);
#909=EDGE_CURVE('',#738,#712,#376,.T.);
#910=EDGE_CURVE('',#738,#693,#377,.T.);
#911=EDGE_CURVE('',#739,#739,#92,.T.);
#912=EDGE_CURVE('',#740,#740,#93,.T.);
#913=EDGE_CURVE('',#741,#741,#94,.T.);
#914=EDGE_CURVE('',#741,#733,#378,.T.);
#915=EDGE_CURVE('',#734,#740,#379,.T.);
#916=EDGE_CURVE('',#707,#693,#380,.T.);
#917=EDGE_CURVE('',#714,#738,#381,.T.);
#918=EDGE_CURVE('',#689,#678,#382,.T.);
#919=EDGE_CURVE('',#713,#731,#383,.T.);
#920=EDGE_CURVE('',#739,#742,#384,.T.);
#921=EDGE_CURVE('',#742,#743,#21,.T.);
#922=EDGE_CURVE('',#743,#744,#22,.T.);
#923=EDGE_CURVE('',#744,#745,#385,.T.);
#924=EDGE_CURVE('',#745,#745,#95,.T.);
#925=EDGE_CURVE('',#744,#746,#23,.T.);
#926=EDGE_CURVE('',#746,#742,#24,.T.);
#927=EDGE_CURVE('',#747,#748,#25,.T.);
#928=EDGE_CURVE('',#748,#747,#26,.T.);
#929=EDGE_CURVE('',#722,#686,#386,.T.);
#930=EDGE_CURVE('',#684,#685,#48,.T.);
#931=EDGE_CURVE('',#749,#683,#387,.T.);
#932=EDGE_CURVE('',#749,#723,#388,.T.);
#933=EDGE_CURVE('',#750,#727,#389,.T.);
#934=EDGE_CURVE('',#751,#750,#96,.T.);
#935=EDGE_CURVE('',#728,#751,#390,.T.);
#936=EDGE_CURVE('',#752,#752,#97,.T.);
#937=EDGE_CURVE('',#752,#729,#391,.T.);
#938=EDGE_CURVE('',#753,#749,#98,.T.);
#939=EDGE_CURVE('',#753,#724,#392,.T.);
#940=EDGE_CURVE('',#754,#753,#393,.T.);
#941=EDGE_CURVE('',#754,#725,#394,.T.);
#942=EDGE_CURVE('',#720,#754,#99,.T.);
#943=EDGE_CURVE('',#698,#685,#395,.T.);
#944=EDGE_CURVE('',#755,#755,#100,.T.);
#945=EDGE_CURVE('',#755,#756,#396,.T.);
#946=EDGE_CURVE('',#756,#756,#101,.T.);
#947=EDGE_CURVE('',#757,#757,#102,.T.);
#948=EDGE_CURVE('',#757,#743,#397,.T.);
#949=EDGE_CURVE('',#758,#758,#103,.T.);
#950=EDGE_CURVE('',#758,#759,#398,.T.);
#951=EDGE_CURVE('',#759,#759,#104,.T.);
#952=EDGE_CURVE('',#760,#761,#399,.T.);
#953=EDGE_CURVE('',#760,#762,#400,.T.);
#954=EDGE_CURVE('',#763,#762,#401,.T.);
#955=EDGE_CURVE('',#761,#763,#402,.T.);
#956=EDGE_CURVE('',#764,#765,#403,.T.);
#957=EDGE_CURVE('',#766,#764,#404,.T.);
#958=EDGE_CURVE('',#767,#766,#405,.T.);
#959=EDGE_CURVE('',#765,#767,#406,.T.);
#960=EDGE_CURVE('',#761,#764,#407,.T.);
#961=EDGE_CURVE('',#760,#765,#408,.T.);
#962=EDGE_CURVE('',#763,#766,#409,.T.);
#963=EDGE_CURVE('',#768,#769,#410,.T.);
#964=EDGE_CURVE('',#768,#770,#411,.T.);
#965=EDGE_CURVE('',#771,#770,#412,.T.);
#966=EDGE_CURVE('',#769,#771,#413,.T.);
#967=EDGE_CURVE('',#772,#773,#414,.T.);
#968=EDGE_CURVE('',#774,#772,#415,.T.);
#969=EDGE_CURVE('',#775,#774,#416,.T.);
#970=EDGE_CURVE('',#773,#775,#417,.T.);
#971=EDGE_CURVE('',#772,#769,#418,.T.);
#972=EDGE_CURVE('',#768,#773,#419,.T.);
#973=EDGE_CURVE('',#767,#762,#420,.T.);
#974=EDGE_CURVE('',#679,#776,#421,.T.);
#975=EDGE_CURVE('',#777,#776,#422,.T.);
#976=EDGE_CURVE('',#680,#777,#423,.T.);
#977=EDGE_CURVE('',#688,#778,#424,.T.);
#978=EDGE_CURVE('',#687,#779,#425,.T.);
#979=EDGE_CURVE('',#778,#779,#426,.T.);
#980=EDGE_CURVE('',#771,#774,#427,.T.);
#981=EDGE_CURVE('',#775,#770,#428,.T.);
#982=EDGE_CURVE('',#780,#780,#105,.T.);
#983=EDGE_CURVE('',#682,#781,#429,.T.);
#984=EDGE_CURVE('',#666,#781,#430,.T.);
#985=EDGE_CURVE('',#779,#721,#431,.T.);
#986=EDGE_CURVE('',#776,#778,#432,.T.);
#987=EDGE_CURVE('',#782,#777,#106,.T.);
#988=EDGE_CURVE('',#681,#782,#433,.T.);
#989=EDGE_CURVE('',#781,#782,#434,.T.);
#990=EDGE_CURVE('',#751,#667,#435,.T.);
#991=EDGE_CURVE('',#708,#691,#436,.T.);
#992=EDGE_CURVE('',#710,#692,#437,.T.);
#993=EDGE_CURVE('',#783,#783,#107,.T.);
#994=EDGE_CURVE('',#783,#784,#438,.T.);
#995=EDGE_CURVE('',#784,#784,#108,.T.);
#996=EDGE_CURVE('',#780,#785,#439,.T.);
#997=EDGE_CURVE('',#785,#785,#109,.T.);
#998=EDGE_CURVE('',#786,#786,#110,.T.);
#999=EDGE_CURVE('',#786,#787,#440,.T.);
#1000=EDGE_CURVE('',#787,#787,#111,.T.);
#1001=EDGE_CURVE('',#748,#788,#441,.T.);
#1002=EDGE_CURVE('',#788,#788,#112,.T.);
#1003=EDGE_CURVE('',#789,#790,#442,.T.);
#1004=EDGE_CURVE('',#789,#791,#443,.T.);
#1005=EDGE_CURVE('',#792,#791,#444,.T.);
#1006=EDGE_CURVE('',#790,#792,#445,.T.);
#1007=EDGE_CURVE('',#793,#794,#446,.T.);
#1008=EDGE_CURVE('',#795,#793,#447,.T.);
#1009=EDGE_CURVE('',#796,#795,#448,.T.);
#1010=EDGE_CURVE('',#794,#796,#449,.T.);
#1011=EDGE_CURVE('',#790,#793,#450,.T.);
#1012=EDGE_CURVE('',#789,#794,#451,.T.);
#1013=EDGE_CURVE('',#792,#795,#452,.T.);
#1014=EDGE_CURVE('',#797,#798,#453,.T.);
#1015=EDGE_CURVE('',#797,#799,#454,.T.);
#1016=EDGE_CURVE('',#800,#799,#455,.T.);
#1017=EDGE_CURVE('',#798,#800,#456,.T.);
#1018=EDGE_CURVE('',#801,#802,#457,.T.);
#1019=EDGE_CURVE('',#803,#801,#458,.T.);
#1020=EDGE_CURVE('',#804,#803,#459,.T.);
#1021=EDGE_CURVE('',#802,#804,#460,.T.);
#1022=EDGE_CURVE('',#801,#798,#461,.T.);
#1023=EDGE_CURVE('',#797,#802,#462,.T.);
#1024=EDGE_CURVE('',#796,#791,#463,.T.);
#1025=EDGE_CURVE('',#805,#706,#464,.T.);
#1026=EDGE_CURVE('',#806,#705,#465,.T.);
#1027=EDGE_CURVE('',#805,#806,#466,.T.);
#1028=EDGE_CURVE('',#807,#694,#467,.T.);
#1029=EDGE_CURVE('',#808,#807,#468,.T.);
#1030=EDGE_CURVE('',#808,#695,#469,.T.);
#1031=EDGE_CURVE('',#800,#803,#470,.T.);
#1032=EDGE_CURVE('',#804,#799,#471,.T.);
#1033=EDGE_CURVE('',#809,#717,#472,.T.);
#1034=EDGE_CURVE('',#809,#703,#473,.T.);
#1035=EDGE_CURVE('',#716,#750,#474,.T.);
#1036=EDGE_CURVE('',#726,#808,#475,.T.);
#1037=EDGE_CURVE('',#807,#805,#476,.T.);
#1038=EDGE_CURVE('',#810,#806,#113,.T.);
#1039=EDGE_CURVE('',#810,#704,#477,.T.);
#1040=EDGE_CURVE('',#810,#809,#478,.T.);
#1041=ORIENTED_EDGE('',*,*,#811,.F.);
#1042=ORIENTED_EDGE('',*,*,#812,.F.);
#1043=ORIENTED_EDGE('',*,*,#813,.F.);
#1044=ORIENTED_EDGE('',*,*,#814,.F.);
#1045=ORIENTED_EDGE('',*,*,#811,.T.);
#1046=ORIENTED_EDGE('',*,*,#815,.F.);
#1047=ORIENTED_EDGE('',*,*,#816,.F.);
#1048=ORIENTED_EDGE('',*,*,#817,.F.);
#1049=ORIENTED_EDGE('',*,*,#818,.T.);
#1050=ORIENTED_EDGE('',*,*,#819,.T.);
#1051=ORIENTED_EDGE('',*,*,#820,.F.);
#1052=ORIENTED_EDGE('',*,*,#821,.F.);
#1053=ORIENTED_EDGE('',*,*,#813,.T.);
#1054=ORIENTED_EDGE('',*,*,#822,.F.);
#1055=ORIENTED_EDGE('',*,*,#823,.F.);
#1056=ORIENTED_EDGE('',*,*,#824,.F.);
#1057=ORIENTED_EDGE('',*,*,#825,.F.);
#1058=ORIENTED_EDGE('',*,*,#826,.F.);
#1059=ORIENTED_EDGE('',*,*,#816,.T.);
#1060=ORIENTED_EDGE('',*,*,#827,.F.);
#1061=ORIENTED_EDGE('',*,*,#828,.F.);
#1062=ORIENTED_EDGE('',*,*,#829,.F.);
#1063=ORIENTED_EDGE('',*,*,#830,.F.);
#1064=ORIENTED_EDGE('',*,*,#831,.F.);
#1065=ORIENTED_EDGE('',*,*,#828,.T.);
#1066=ORIENTED_EDGE('',*,*,#832,.F.);
#1067=ORIENTED_EDGE('',*,*,#833,.F.);
#1068=ORIENTED_EDGE('',*,*,#834,.F.);
#1069=ORIENTED_EDGE('',*,*,#812,.T.);
#1070=ORIENTED_EDGE('',*,*,#817,.T.);
#1071=ORIENTED_EDGE('',*,*,#829,.T.);
#1072=ORIENTED_EDGE('',*,*,#831,.T.);
#1073=ORIENTED_EDGE('',*,*,#835,.T.);
#1074=ORIENTED_EDGE('',*,*,#836,.T.);
#1075=ORIENTED_EDGE('',*,*,#837,.T.);
#1076=ORIENTED_EDGE('',*,*,#838,.F.);
#1077=ORIENTED_EDGE('',*,*,#839,.T.);
#1078=ORIENTED_EDGE('',*,*,#840,.T.);
#1079=ORIENTED_EDGE('',*,*,#818,.F.);
#1080=ORIENTED_EDGE('',*,*,#841,.T.);
#1081=ORIENTED_EDGE('',*,*,#842,.T.);
#1082=ORIENTED_EDGE('',*,*,#843,.T.);
#1083=ORIENTED_EDGE('',*,*,#844,.T.);
#1084=ORIENTED_EDGE('',*,*,#845,.T.);
#1085=ORIENTED_EDGE('',*,*,#846,.T.);
#1086=ORIENTED_EDGE('',*,*,#847,.T.);
#1087=ORIENTED_EDGE('',*,*,#848,.T.);
#1088=ORIENTED_EDGE('',*,*,#822,.T.);
#1089=ORIENTED_EDGE('',*,*,#849,.T.);
#1090=ORIENTED_EDGE('',*,*,#850,.T.);
#1091=ORIENTED_EDGE('',*,*,#851,.T.);
#1092=ORIENTED_EDGE('',*,*,#826,.T.);
#1093=ORIENTED_EDGE('',*,*,#852,.T.);
#1094=ORIENTED_EDGE('',*,*,#853,.T.);
#1095=ORIENTED_EDGE('',*,*,#854,.T.);
#1096=ORIENTED_EDGE('',*,*,#855,.T.);
#1097=ORIENTED_EDGE('',*,*,#856,.T.);
#1098=ORIENTED_EDGE('',*,*,#857,.T.);
#1099=ORIENTED_EDGE('',*,*,#858,.T.);
#1100=ORIENTED_EDGE('',*,*,#859,.T.);
#1101=ORIENTED_EDGE('',*,*,#860,.T.);
#1102=ORIENTED_EDGE('',*,*,#861,.T.);
#1103=ORIENTED_EDGE('',*,*,#862,.T.);
#1104=ORIENTED_EDGE('',*,*,#863,.T.);
#1105=ORIENTED_EDGE('',*,*,#864,.T.);
#1106=ORIENTED_EDGE('',*,*,#865,.T.);
#1107=ORIENTED_EDGE('',*,*,#866,.T.);
#1108=ORIENTED_EDGE('',*,*,#867,.T.);
#1109=ORIENTED_EDGE('',*,*,#832,.T.);
#1110=ORIENTED_EDGE('',*,*,#827,.T.);
#1111=ORIENTED_EDGE('',*,*,#815,.T.);
#1112=ORIENTED_EDGE('',*,*,#814,.T.);
#1113=ORIENTED_EDGE('',*,*,#868,.T.);
#1114=ORIENTED_EDGE('',*,*,#869,.T.);
#1115=ORIENTED_EDGE('',*,*,#870,.T.);
#1116=ORIENTED_EDGE('',*,*,#824,.T.);
#1117=ORIENTED_EDGE('',*,*,#871,.F.);
#1118=ORIENTED_EDGE('',*,*,#872,.F.);
#1119=ORIENTED_EDGE('',*,*,#873,.T.);
#1120=ORIENTED_EDGE('',*,*,#823,.T.);
#1121=ORIENTED_EDGE('',*,*,#848,.F.);
#1122=ORIENTED_EDGE('',*,*,#874,.F.);
#1123=ORIENTED_EDGE('',*,*,#875,.F.);
#1124=ORIENTED_EDGE('',*,*,#871,.T.);
#1125=ORIENTED_EDGE('',*,*,#833,.T.);
#1126=ORIENTED_EDGE('',*,*,#867,.F.);
#1127=ORIENTED_EDGE('',*,*,#876,.F.);
#1128=ORIENTED_EDGE('',*,*,#877,.F.);
#1129=ORIENTED_EDGE('',*,*,#878,.T.);
#1130=ORIENTED_EDGE('',*,*,#861,.F.);
#1131=ORIENTED_EDGE('',*,*,#879,.F.);
#1132=ORIENTED_EDGE('',*,*,#880,.F.);
#1133=ORIENTED_EDGE('',*,*,#881,.T.);
#1134=ORIENTED_EDGE('',*,*,#882,.T.);
#1135=ORIENTED_EDGE('',*,*,#883,.F.);
#1136=ORIENTED_EDGE('',*,*,#884,.F.);
#1137=ORIENTED_EDGE('',*,*,#885,.F.);
#1138=ORIENTED_EDGE('',*,*,#859,.F.);
#1139=ORIENTED_EDGE('',*,*,#886,.F.);
#1140=ORIENTED_EDGE('',*,*,#856,.F.);
#1141=ORIENTED_EDGE('',*,*,#887,.T.);
#1142=ORIENTED_EDGE('',*,*,#888,.T.);
#1143=ORIENTED_EDGE('',*,*,#889,.T.);
#1144=ORIENTED_EDGE('',*,*,#890,.T.);
#1145=ORIENTED_EDGE('',*,*,#891,.T.);
#1146=ORIENTED_EDGE('',*,*,#883,.T.);
#1147=ORIENTED_EDGE('',*,*,#892,.T.);
#1148=ORIENTED_EDGE('',*,*,#893,.T.);
#1149=ORIENTED_EDGE('',*,*,#894,.T.);
#1150=ORIENTED_EDGE('',*,*,#895,.T.);
#1151=ORIENTED_EDGE('',*,*,#896,.T.);
#1152=ORIENTED_EDGE('',*,*,#830,.T.);
#1153=ORIENTED_EDGE('',*,*,#897,.F.);
#1154=ORIENTED_EDGE('',*,*,#898,.F.);
#1155=ORIENTED_EDGE('',*,*,#899,.T.);
#1156=ORIENTED_EDGE('',*,*,#835,.F.);
#1157=ORIENTED_EDGE('',*,*,#834,.T.);
#1158=ORIENTED_EDGE('',*,*,#878,.F.);
#1159=ORIENTED_EDGE('',*,*,#900,.F.);
#1160=ORIENTED_EDGE('',*,*,#897,.T.);
#1161=ORIENTED_EDGE('',*,*,#901,.F.);
#1162=ORIENTED_EDGE('',*,*,#902,.F.);
#1163=ORIENTED_EDGE('',*,*,#903,.F.);
#1164=ORIENTED_EDGE('',*,*,#904,.T.);
#1165=ORIENTED_EDGE('',*,*,#905,.F.);
#1166=ORIENTED_EDGE('',*,*,#906,.F.);
#1167=ORIENTED_EDGE('',*,*,#904,.F.);
#1168=ORIENTED_EDGE('',*,*,#907,.F.);
#1169=ORIENTED_EDGE('',*,*,#869,.F.);
#1170=ORIENTED_EDGE('',*,*,#908,.T.);
#1171=ORIENTED_EDGE('',*,*,#849,.F.);
#1172=ORIENTED_EDGE('',*,*,#908,.F.);
#1173=ORIENTED_EDGE('',*,*,#825,.T.);
#1174=ORIENTED_EDGE('',*,*,#873,.F.);
#1175=ORIENTED_EDGE('',*,*,#909,.F.);
#1176=ORIENTED_EDGE('',*,*,#910,.T.);
#1177=ORIENTED_EDGE('',*,*,#852,.F.);
#1178=ORIENTED_EDGE('',*,*,#911,.F.);
#1179=ORIENTED_EDGE('',*,*,#912,.F.);
#1180=ORIENTED_EDGE('',*,*,#913,.F.);
#1181=ORIENTED_EDGE('',*,*,#914,.T.);
#1182=ORIENTED_EDGE('',*,*,#907,.T.);
#1183=ORIENTED_EDGE('',*,*,#903,.T.);
#1184=ORIENTED_EDGE('',*,*,#915,.T.);
#1185=ORIENTED_EDGE('',*,*,#912,.T.);
#1186=ORIENTED_EDGE('',*,*,#915,.F.);
#1187=ORIENTED_EDGE('',*,*,#902,.T.);
#1188=ORIENTED_EDGE('',*,*,#901,.T.);
#1189=ORIENTED_EDGE('',*,*,#914,.F.);
#1190=ORIENTED_EDGE('',*,*,#905,.T.);
#1191=ORIENTED_EDGE('',*,*,#906,.T.);
#1192=ORIENTED_EDGE('',*,*,#913,.T.);
#1193=ORIENTED_EDGE('',*,*,#916,.T.);
#1194=ORIENTED_EDGE('',*,*,#910,.F.);
#1195=ORIENTED_EDGE('',*,*,#917,.F.);
#1196=ORIENTED_EDGE('',*,*,#876,.T.);
#1197=ORIENTED_EDGE('',*,*,#918,.T.);
#1198=ORIENTED_EDGE('',*,*,#899,.F.);
#1199=ORIENTED_EDGE('',*,*,#919,.F.);
#1200=ORIENTED_EDGE('',*,*,#874,.T.);
#1201=ORIENTED_EDGE('',*,*,#911,.T.);
#1202=ORIENTED_EDGE('',*,*,#920,.T.);
#1203=ORIENTED_EDGE('',*,*,#921,.T.);
#1204=ORIENTED_EDGE('',*,*,#922,.T.);
#1205=ORIENTED_EDGE('',*,*,#923,.T.);
#1206=ORIENTED_EDGE('',*,*,#924,.T.);
#1207=ORIENTED_EDGE('',*,*,#923,.F.);
#1208=ORIENTED_EDGE('',*,*,#925,.T.);
#1209=ORIENTED_EDGE('',*,*,#926,.T.);
#1210=ORIENTED_EDGE('',*,*,#920,.F.);
#1211=ORIENTED_EDGE('',*,*,#927,.T.);
#1212=ORIENTED_EDGE('',*,*,#928,.T.);
#1213=ORIENTED_EDGE('',*,*,#877,.T.);
#1214=ORIENTED_EDGE('',*,*,#917,.T.);
#1215=ORIENTED_EDGE('',*,*,#909,.T.);
#1216=ORIENTED_EDGE('',*,*,#872,.T.);
#1217=ORIENTED_EDGE('',*,*,#875,.T.);
#1218=ORIENTED_EDGE('',*,*,#919,.T.);
#1219=ORIENTED_EDGE('',*,*,#898,.T.);
#1220=ORIENTED_EDGE('',*,*,#900,.T.);
#1221=ORIENTED_EDGE('',*,*,#924,.F.);
#1222=ORIENTED_EDGE('',*,*,#929,.T.);
#1223=ORIENTED_EDGE('',*,*,#844,.F.);
#1224=ORIENTED_EDGE('',*,*,#930,.F.);
#1225=ORIENTED_EDGE('',*,*,#842,.F.);
#1226=ORIENTED_EDGE('',*,*,#931,.F.);
#1227=ORIENTED_EDGE('',*,*,#932,.T.);
#1228=ORIENTED_EDGE('',*,*,#888,.F.);
#1229=ORIENTED_EDGE('',*,*,#933,.F.);
#1230=ORIENTED_EDGE('',*,*,#934,.F.);
#1231=ORIENTED_EDGE('',*,*,#935,.F.);
#1232=ORIENTED_EDGE('',*,*,#894,.F.);
#1233=ORIENTED_EDGE('',*,*,#936,.F.);
#1234=ORIENTED_EDGE('',*,*,#937,.T.);
#1235=ORIENTED_EDGE('',*,*,#896,.F.);
#1236=ORIENTED_EDGE('',*,*,#937,.F.);
#1237=ORIENTED_EDGE('',*,*,#932,.F.);
#1238=ORIENTED_EDGE('',*,*,#938,.F.);
#1239=ORIENTED_EDGE('',*,*,#939,.T.);
#1240=ORIENTED_EDGE('',*,*,#889,.F.);
#1241=ORIENTED_EDGE('',*,*,#939,.F.);
#1242=ORIENTED_EDGE('',*,*,#940,.F.);
#1243=ORIENTED_EDGE('',*,*,#941,.T.);
#1244=ORIENTED_EDGE('',*,*,#890,.F.);
#1245=ORIENTED_EDGE('',*,*,#941,.F.);
#1246=ORIENTED_EDGE('',*,*,#942,.F.);
#1247=ORIENTED_EDGE('',*,*,#884,.T.);
#1248=ORIENTED_EDGE('',*,*,#891,.F.);
#1249=ORIENTED_EDGE('',*,*,#886,.T.);
#1250=ORIENTED_EDGE('',*,*,#858,.F.);
#1251=ORIENTED_EDGE('',*,*,#943,.T.);
#1252=ORIENTED_EDGE('',*,*,#843,.F.);
#1253=ORIENTED_EDGE('',*,*,#930,.T.);
#1254=ORIENTED_EDGE('',*,*,#943,.F.);
#1255=ORIENTED_EDGE('',*,*,#857,.F.);
#1256=ORIENTED_EDGE('',*,*,#944,.F.);
#1257=ORIENTED_EDGE('',*,*,#945,.T.);
#1258=ORIENTED_EDGE('',*,*,#946,.F.);
#1259=ORIENTED_EDGE('',*,*,#945,.F.);
#1260=ORIENTED_EDGE('',*,*,#947,.F.);
#1261=ORIENTED_EDGE('',*,*,#948,.T.);
#1262=ORIENTED_EDGE('',*,*,#921,.F.);
#1263=ORIENTED_EDGE('',*,*,#926,.F.);
#1264=ORIENTED_EDGE('',*,*,#925,.F.);
#1265=ORIENTED_EDGE('',*,*,#922,.F.);
#1266=ORIENTED_EDGE('',*,*,#948,.F.);
#1267=ORIENTED_EDGE('',*,*,#949,.F.);
#1268=ORIENTED_EDGE('',*,*,#950,.T.);
#1269=ORIENTED_EDGE('',*,*,#951,.F.);
#1270=ORIENTED_EDGE('',*,*,#950,.F.);
#1271=ORIENTED_EDGE('',*,*,#952,.F.);
#1272=ORIENTED_EDGE('',*,*,#953,.T.);
#1273=ORIENTED_EDGE('',*,*,#954,.F.);
#1274=ORIENTED_EDGE('',*,*,#955,.F.);
#1275=ORIENTED_EDGE('',*,*,#956,.F.);
#1276=ORIENTED_EDGE('',*,*,#957,.F.);
#1277=ORIENTED_EDGE('',*,*,#958,.F.);
#1278=ORIENTED_EDGE('',*,*,#959,.F.);
#1279=ORIENTED_EDGE('',*,*,#952,.T.);
#1280=ORIENTED_EDGE('',*,*,#960,.T.);
#1281=ORIENTED_EDGE('',*,*,#956,.T.);
#1282=ORIENTED_EDGE('',*,*,#961,.F.);
#1283=ORIENTED_EDGE('',*,*,#951,.T.);
#1284=ORIENTED_EDGE('',*,*,#955,.T.);
#1285=ORIENTED_EDGE('',*,*,#962,.T.);
#1286=ORIENTED_EDGE('',*,*,#957,.T.);
#1287=ORIENTED_EDGE('',*,*,#960,.F.);
#1288=ORIENTED_EDGE('',*,*,#963,.F.);
#1289=ORIENTED_EDGE('',*,*,#964,.T.);
#1290=ORIENTED_EDGE('',*,*,#965,.F.);
#1291=ORIENTED_EDGE('',*,*,#966,.F.);
#1292=ORIENTED_EDGE('',*,*,#967,.F.);
#1293=ORIENTED_EDGE('',*,*,#968,.F.);
#1294=ORIENTED_EDGE('',*,*,#969,.F.);
#1295=ORIENTED_EDGE('',*,*,#970,.F.);
#1296=ORIENTED_EDGE('',*,*,#963,.T.);
#1297=ORIENTED_EDGE('',*,*,#971,.F.);
#1298=ORIENTED_EDGE('',*,*,#967,.T.);
#1299=ORIENTED_EDGE('',*,*,#972,.F.);
#1300=ORIENTED_EDGE('',*,*,#946,.T.);
#1301=ORIENTED_EDGE('',*,*,#954,.T.);
#1302=ORIENTED_EDGE('',*,*,#973,.F.);
#1303=ORIENTED_EDGE('',*,*,#958,.T.);
#1304=ORIENTED_EDGE('',*,*,#962,.F.);
#1305=ORIENTED_EDGE('',*,*,#947,.T.);
#1306=ORIENTED_EDGE('',*,*,#974,.T.);
#1307=ORIENTED_EDGE('',*,*,#975,.F.);
#1308=ORIENTED_EDGE('',*,*,#976,.F.);
#1309=ORIENTED_EDGE('',*,*,#837,.F.);
#1310=ORIENTED_EDGE('',*,*,#977,.F.);
#1311=ORIENTED_EDGE('',*,*,#846,.F.);
#1312=ORIENTED_EDGE('',*,*,#978,.T.);
#1313=ORIENTED_EDGE('',*,*,#979,.F.);
#1314=ORIENTED_EDGE('',*,*,#966,.T.);
#1315=ORIENTED_EDGE('',*,*,#980,.T.);
#1316=ORIENTED_EDGE('',*,*,#968,.T.);
#1317=ORIENTED_EDGE('',*,*,#971,.T.);
#1318=ORIENTED_EDGE('',*,*,#965,.T.);
#1319=ORIENTED_EDGE('',*,*,#981,.F.);
#1320=ORIENTED_EDGE('',*,*,#969,.T.);
#1321=ORIENTED_EDGE('',*,*,#980,.F.);
#1322=ORIENTED_EDGE('',*,*,#982,.T.);
#1323=ORIENTED_EDGE('',*,*,#819,.F.);
#1324=ORIENTED_EDGE('',*,*,#840,.F.);
#1325=ORIENTED_EDGE('',*,*,#983,.T.);
#1326=ORIENTED_EDGE('',*,*,#984,.F.);
#1327=ORIENTED_EDGE('',*,*,#964,.F.);
#1328=ORIENTED_EDGE('',*,*,#972,.T.);
#1329=ORIENTED_EDGE('',*,*,#970,.T.);
#1330=ORIENTED_EDGE('',*,*,#981,.T.);
#1331=ORIENTED_EDGE('',*,*,#845,.F.);
#1332=ORIENTED_EDGE('',*,*,#929,.F.);
#1333=ORIENTED_EDGE('',*,*,#887,.F.);
#1334=ORIENTED_EDGE('',*,*,#985,.F.);
#1335=ORIENTED_EDGE('',*,*,#978,.F.);
#1336=ORIENTED_EDGE('',*,*,#974,.F.);
#1337=ORIENTED_EDGE('',*,*,#836,.F.);
#1338=ORIENTED_EDGE('',*,*,#918,.F.);
#1339=ORIENTED_EDGE('',*,*,#847,.F.);
#1340=ORIENTED_EDGE('',*,*,#977,.T.);
#1341=ORIENTED_EDGE('',*,*,#986,.F.);
#1342=ORIENTED_EDGE('',*,*,#961,.T.);
#1343=ORIENTED_EDGE('',*,*,#959,.T.);
#1344=ORIENTED_EDGE('',*,*,#973,.T.);
#1345=ORIENTED_EDGE('',*,*,#953,.F.);
#1346=ORIENTED_EDGE('',*,*,#838,.T.);
#1347=ORIENTED_EDGE('',*,*,#976,.T.);
#1348=ORIENTED_EDGE('',*,*,#987,.F.);
#1349=ORIENTED_EDGE('',*,*,#988,.F.);
#1350=ORIENTED_EDGE('',*,*,#983,.F.);
#1351=ORIENTED_EDGE('',*,*,#839,.F.);
#1352=ORIENTED_EDGE('',*,*,#988,.T.);
#1353=ORIENTED_EDGE('',*,*,#989,.F.);
#1354=ORIENTED_EDGE('',*,*,#985,.T.);
#1355=ORIENTED_EDGE('',*,*,#895,.F.);
#1356=ORIENTED_EDGE('',*,*,#935,.T.);
#1357=ORIENTED_EDGE('',*,*,#990,.T.);
#1358=ORIENTED_EDGE('',*,*,#820,.T.);
#1359=ORIENTED_EDGE('',*,*,#984,.T.);
#1360=ORIENTED_EDGE('',*,*,#989,.T.);
#1361=ORIENTED_EDGE('',*,*,#987,.T.);
#1362=ORIENTED_EDGE('',*,*,#975,.T.);
#1363=ORIENTED_EDGE('',*,*,#986,.T.);
#1364=ORIENTED_EDGE('',*,*,#979,.T.);
#1365=ORIENTED_EDGE('',*,*,#944,.T.);
#1366=ORIENTED_EDGE('',*,*,#949,.T.);
#1367=ORIENTED_EDGE('',*,*,#868,.F.);
#1368=ORIENTED_EDGE('',*,*,#991,.T.);
#1369=ORIENTED_EDGE('',*,*,#850,.F.);
#1370=ORIENTED_EDGE('',*,*,#991,.F.);
#1371=ORIENTED_EDGE('',*,*,#870,.F.);
#1372=ORIENTED_EDGE('',*,*,#992,.T.);
#1373=ORIENTED_EDGE('',*,*,#851,.F.);
#1374=ORIENTED_EDGE('',*,*,#992,.F.);
#1375=ORIENTED_EDGE('',*,*,#993,.F.);
#1376=ORIENTED_EDGE('',*,*,#994,.T.);
#1377=ORIENTED_EDGE('',*,*,#995,.F.);
#1378=ORIENTED_EDGE('',*,*,#994,.F.);
#1379=ORIENTED_EDGE('',*,*,#982,.F.);
#1380=ORIENTED_EDGE('',*,*,#996,.T.);
#1381=ORIENTED_EDGE('',*,*,#997,.F.);
#1382=ORIENTED_EDGE('',*,*,#996,.F.);
#1383=ORIENTED_EDGE('',*,*,#998,.F.);
#1384=ORIENTED_EDGE('',*,*,#999,.T.);
#1385=ORIENTED_EDGE('',*,*,#1000,.F.);
#1386=ORIENTED_EDGE('',*,*,#999,.F.);
#1387=ORIENTED_EDGE('',*,*,#927,.F.);
#1388=ORIENTED_EDGE('',*,*,#928,.F.);
#1389=ORIENTED_EDGE('',*,*,#1001,.T.);
#1390=ORIENTED_EDGE('',*,*,#1002,.F.);
#1391=ORIENTED_EDGE('',*,*,#1001,.F.);
#1392=ORIENTED_EDGE('',*,*,#1003,.F.);
#1393=ORIENTED_EDGE('',*,*,#1004,.T.);
#1394=ORIENTED_EDGE('',*,*,#1005,.F.);
#1395=ORIENTED_EDGE('',*,*,#1006,.F.);
#1396=ORIENTED_EDGE('',*,*,#1007,.F.);
#1397=ORIENTED_EDGE('',*,*,#1008,.F.);
#1398=ORIENTED_EDGE('',*,*,#1009,.F.);
#1399=ORIENTED_EDGE('',*,*,#1010,.F.);
#1400=ORIENTED_EDGE('',*,*,#1003,.T.);
#1401=ORIENTED_EDGE('',*,*,#1011,.T.);
#1402=ORIENTED_EDGE('',*,*,#1007,.T.);
#1403=ORIENTED_EDGE('',*,*,#1012,.F.);
#1404=ORIENTED_EDGE('',*,*,#1002,.T.);
#1405=ORIENTED_EDGE('',*,*,#1006,.T.);
#1406=ORIENTED_EDGE('',*,*,#1013,.T.);
#1407=ORIENTED_EDGE('',*,*,#1008,.T.);
#1408=ORIENTED_EDGE('',*,*,#1011,.F.);
#1409=ORIENTED_EDGE('',*,*,#1014,.F.);
#1410=ORIENTED_EDGE('',*,*,#1015,.T.);
#1411=ORIENTED_EDGE('',*,*,#1016,.F.);
#1412=ORIENTED_EDGE('',*,*,#1017,.F.);
#1413=ORIENTED_EDGE('',*,*,#1018,.F.);
#1414=ORIENTED_EDGE('',*,*,#1019,.F.);
#1415=ORIENTED_EDGE('',*,*,#1020,.F.);
#1416=ORIENTED_EDGE('',*,*,#1021,.F.);
#1417=ORIENTED_EDGE('',*,*,#1014,.T.);
#1418=ORIENTED_EDGE('',*,*,#1022,.F.);
#1419=ORIENTED_EDGE('',*,*,#1018,.T.);
#1420=ORIENTED_EDGE('',*,*,#1023,.F.);
#1421=ORIENTED_EDGE('',*,*,#997,.T.);
#1422=ORIENTED_EDGE('',*,*,#1005,.T.);
#1423=ORIENTED_EDGE('',*,*,#1024,.F.);
#1424=ORIENTED_EDGE('',*,*,#1009,.T.);
#1425=ORIENTED_EDGE('',*,*,#1013,.F.);
#1426=ORIENTED_EDGE('',*,*,#998,.T.);
#1427=ORIENTED_EDGE('',*,*,#1025,.T.);
#1428=ORIENTED_EDGE('',*,*,#865,.F.);
#1429=ORIENTED_EDGE('',*,*,#1026,.F.);
#1430=ORIENTED_EDGE('',*,*,#1027,.F.);
#1431=ORIENTED_EDGE('',*,*,#1028,.F.);
#1432=ORIENTED_EDGE('',*,*,#1029,.F.);
#1433=ORIENTED_EDGE('',*,*,#1030,.T.);
#1434=ORIENTED_EDGE('',*,*,#854,.F.);
#1435=ORIENTED_EDGE('',*,*,#1017,.T.);
#1436=ORIENTED_EDGE('',*,*,#1031,.T.);
#1437=ORIENTED_EDGE('',*,*,#1019,.T.);
#1438=ORIENTED_EDGE('',*,*,#1022,.T.);
#1439=ORIENTED_EDGE('',*,*,#1016,.T.);
#1440=ORIENTED_EDGE('',*,*,#1032,.F.);
#1441=ORIENTED_EDGE('',*,*,#1020,.T.);
#1442=ORIENTED_EDGE('',*,*,#1031,.F.);
#1443=ORIENTED_EDGE('',*,*,#993,.T.);
#1444=ORIENTED_EDGE('',*,*,#881,.F.);
#1445=ORIENTED_EDGE('',*,*,#1033,.F.);
#1446=ORIENTED_EDGE('',*,*,#1034,.T.);
#1447=ORIENTED_EDGE('',*,*,#862,.F.);
#1448=ORIENTED_EDGE('',*,*,#1015,.F.);
#1449=ORIENTED_EDGE('',*,*,#1023,.T.);
#1450=ORIENTED_EDGE('',*,*,#1021,.T.);
#1451=ORIENTED_EDGE('',*,*,#1032,.T.);
#1452=ORIENTED_EDGE('',*,*,#1035,.F.);
#1453=ORIENTED_EDGE('',*,*,#879,.T.);
#1454=ORIENTED_EDGE('',*,*,#860,.F.);
#1455=ORIENTED_EDGE('',*,*,#885,.T.);
#1456=ORIENTED_EDGE('',*,*,#942,.T.);
#1457=ORIENTED_EDGE('',*,*,#940,.T.);
#1458=ORIENTED_EDGE('',*,*,#938,.T.);
#1459=ORIENTED_EDGE('',*,*,#931,.T.);
#1460=ORIENTED_EDGE('',*,*,#841,.F.);
#1461=ORIENTED_EDGE('',*,*,#821,.T.);
#1462=ORIENTED_EDGE('',*,*,#990,.F.);
#1463=ORIENTED_EDGE('',*,*,#934,.T.);
#1464=ORIENTED_EDGE('',*,*,#936,.T.);
#1465=ORIENTED_EDGE('',*,*,#1036,.F.);
#1466=ORIENTED_EDGE('',*,*,#892,.F.);
#1467=ORIENTED_EDGE('',*,*,#882,.F.);
#1468=ORIENTED_EDGE('',*,*,#855,.F.);
#1469=ORIENTED_EDGE('',*,*,#1030,.F.);
#1470=ORIENTED_EDGE('',*,*,#1025,.F.);
#1471=ORIENTED_EDGE('',*,*,#1037,.F.);
#1472=ORIENTED_EDGE('',*,*,#1028,.T.);
#1473=ORIENTED_EDGE('',*,*,#853,.F.);
#1474=ORIENTED_EDGE('',*,*,#916,.F.);
#1475=ORIENTED_EDGE('',*,*,#866,.F.);
#1476=ORIENTED_EDGE('',*,*,#1012,.T.);
#1477=ORIENTED_EDGE('',*,*,#1010,.T.);
#1478=ORIENTED_EDGE('',*,*,#1024,.T.);
#1479=ORIENTED_EDGE('',*,*,#1004,.F.);
#1480=ORIENTED_EDGE('',*,*,#1038,.T.);
#1481=ORIENTED_EDGE('',*,*,#1026,.T.);
#1482=ORIENTED_EDGE('',*,*,#864,.F.);
#1483=ORIENTED_EDGE('',*,*,#1039,.F.);
#1484=ORIENTED_EDGE('',*,*,#1034,.F.);
#1485=ORIENTED_EDGE('',*,*,#1040,.F.);
#1486=ORIENTED_EDGE('',*,*,#1039,.T.);
#1487=ORIENTED_EDGE('',*,*,#863,.F.);
#1488=ORIENTED_EDGE('',*,*,#1036,.T.);
#1489=ORIENTED_EDGE('',*,*,#1029,.T.);
#1490=ORIENTED_EDGE('',*,*,#1037,.T.);
#1491=ORIENTED_EDGE('',*,*,#1027,.T.);
#1492=ORIENTED_EDGE('',*,*,#1038,.F.);
#1493=ORIENTED_EDGE('',*,*,#1040,.T.);
#1494=ORIENTED_EDGE('',*,*,#1033,.T.);
#1495=ORIENTED_EDGE('',*,*,#880,.T.);
#1496=ORIENTED_EDGE('',*,*,#1035,.T.);
#1497=ORIENTED_EDGE('',*,*,#933,.T.);
#1498=ORIENTED_EDGE('',*,*,#893,.F.);
#1499=ORIENTED_EDGE('',*,*,#995,.T.);
#1500=ORIENTED_EDGE('',*,*,#1000,.T.);
#1501=PLANE('',#1653);
#1502=PLANE('',#1654);
#1503=PLANE('',#1655);
#1504=PLANE('',#1656);
#1505=PLANE('',#1657);
#1506=PLANE('',#1658);
#1507=PLANE('',#1659);
#1508=PLANE('',#1665);
#1509=PLANE('',#1672);
#1510=PLANE('',#1673);
#1511=PLANE('',#1674);
#1512=PLANE('',#1675);
#1513=PLANE('',#1676);
#1514=PLANE('',#1678);
#1515=PLANE('',#1683);
#1516=PLANE('',#1684);
#1517=PLANE('',#1687);
#1518=PLANE('',#1688);
#1519=PLANE('',#1693);
#1520=PLANE('',#1694);
#1521=PLANE('',#1695);
#1522=PLANE('',#1698);
#1523=PLANE('',#1699);
#1524=PLANE('',#1707);
#1525=PLANE('',#1719);
#1526=PLANE('',#1720);
#1527=PLANE('',#1721);
#1528=PLANE('',#1722);
#1529=PLANE('',#1723);
#1530=PLANE('',#1724);
#1531=PLANE('',#1725);
#1532=PLANE('',#1726);
#1533=PLANE('',#1727);
#1534=PLANE('',#1728);
#1535=PLANE('',#1729);
#1536=PLANE('',#1730);
#1537=PLANE('',#1732);
#1538=PLANE('',#1733);
#1539=PLANE('',#1734);
#1540=PLANE('',#1737);
#1541=PLANE('',#1738);
#1542=PLANE('',#1751);
#1543=PLANE('',#1752);
#1544=PLANE('',#1753);
#1545=PLANE('',#1754);
#1546=PLANE('',#1755);
#1547=PLANE('',#1756);
#1548=PLANE('',#1757);
#1549=PLANE('',#1758);
#1550=PLANE('',#1759);
#1551=PLANE('',#1760);
#1552=PLANE('',#1761);
#1553=PLANE('',#1762);
#1554=PLANE('',#1763);
#1555=PLANE('',#1764);
#1556=PLANE('',#1765);
#1557=PLANE('',#1766);
#1558=PLANE('',#1769);
#1559=PLANE('',#1770);
#1560=ADVANCED_FACE('',(#114),#1501,.F.);
#1561=ADVANCED_FACE('',(#115),#1502,.F.);
#1562=ADVANCED_FACE('',(#116),#1503,.T.);
#1563=ADVANCED_FACE('',(#117),#1504,.T.);
#1564=ADVANCED_FACE('',(#118),#1505,.T.);
#1565=ADVANCED_FACE('',(#119),#1506,.T.);
#1566=ADVANCED_FACE('',(#120,#49,#50,#51),#1507,.T.);
#1567=ADVANCED_FACE('',(#121,#52,#53,#54),#1508,.F.);
#1568=ADVANCED_FACE('',(#122),#1509,.T.);
#1569=ADVANCED_FACE('',(#123),#1510,.T.);
#1570=ADVANCED_FACE('',(#124),#1511,.T.);
#1571=ADVANCED_FACE('',(#125),#1512,.T.);
#1572=ADVANCED_FACE('',(#126),#1513,.T.);
#1573=ADVANCED_FACE('',(#127,#55),#1514,.T.);
#1574=ADVANCED_FACE('',(#128),#1515,.T.);
#1575=ADVANCED_FACE('',(#129),#1516,.T.);
#1576=ADVANCED_FACE('',(#130),#27,.F.);
#1577=ADVANCED_FACE('',(#131),#28,.T.);
#1578=ADVANCED_FACE('',(#132),#1517,.T.);
#1579=ADVANCED_FACE('',(#133,#56),#1518,.F.);
#1580=ADVANCED_FACE('',(#134,#57),#29,.T.);
#1581=ADVANCED_FACE('',(#135),#1519,.F.);
#1582=ADVANCED_FACE('',(#136),#1520,.T.);
#1583=ADVANCED_FACE('',(#137),#1521,.T.);
#1584=ADVANCED_FACE('',(#138,#58),#30,.F.);
#1585=ADVANCED_FACE('',(#139,#59),#1522,.T.);
#1586=ADVANCED_FACE('',(#140),#1523,.T.);
#1587=ADVANCED_FACE('',(#141),#31,.T.);
#1588=ADVANCED_FACE('',(#142),#32,.F.);
#1589=ADVANCED_FACE('',(#143),#33,.F.);
#1590=ADVANCED_FACE('',(#144),#1524,.T.);
#1591=ADVANCED_FACE('',(#145),#34,.F.);
#1592=ADVANCED_FACE('',(#146),#35,.T.);
#1593=ADVANCED_FACE('',(#147),#36,.F.);
#1594=ADVANCED_FACE('',(#148),#37,.F.);
#1595=ADVANCED_FACE('',(#149),#38,.F.);
#1596=ADVANCED_FACE('',(#150),#1525,.T.);
#1597=ADVANCED_FACE('',(#151),#1526,.T.);
#1598=ADVANCED_FACE('',(#152,#60),#1527,.T.);
#1599=ADVANCED_FACE('',(#153),#1528,.F.);
#1600=ADVANCED_FACE('',(#154),#1529,.T.);
#1601=ADVANCED_FACE('',(#155),#1530,.T.);
#1602=ADVANCED_FACE('',(#156,#61),#1531,.F.);
#1603=ADVANCED_FACE('',(#157,#62),#1532,.F.);
#1604=ADVANCED_FACE('',(#158),#1533,.T.);
#1605=ADVANCED_FACE('',(#159),#1534,.T.);
#1606=ADVANCED_FACE('',(#160),#1535,.F.);
#1607=ADVANCED_FACE('',(#161,#63),#1536,.F.);
#1608=ADVANCED_FACE('',(#162,#64),#1537,.T.);
#1609=ADVANCED_FACE('',(#163),#1538,.T.);
#1610=ADVANCED_FACE('',(#164,#65),#1539,.T.);
#1611=ADVANCED_FACE('',(#165),#39,.F.);
#1612=ADVANCED_FACE('',(#166),#1540,.T.);
#1613=ADVANCED_FACE('',(#167,#66,#67),#1541,.F.);
#1614=ADVANCED_FACE('',(#168),#40,.T.);
#1615=ADVANCED_FACE('',(#169),#41,.T.);
#1616=ADVANCED_FACE('',(#170),#42,.F.);
#1617=ADVANCED_FACE('',(#171),#43,.F.);
#1618=ADVANCED_FACE('',(#172),#44,.F.);
#1619=ADVANCED_FACE('',(#173),#45,.F.);
#1620=ADVANCED_FACE('',(#174),#1542,.T.);
#1621=ADVANCED_FACE('',(#175),#1543,.T.);
#1622=ADVANCED_FACE('',(#176,#68),#1544,.T.);
#1623=ADVANCED_FACE('',(#177),#1545,.F.);
#1624=ADVANCED_FACE('',(#178),#1546,.T.);
#1625=ADVANCED_FACE('',(#179),#1547,.T.);
#1626=ADVANCED_FACE('',(#180,#69),#1548,.F.);
#1627=ADVANCED_FACE('',(#181,#70),#1549,.F.);
#1628=ADVANCED_FACE('',(#182),#1550,.T.);
#1629=ADVANCED_FACE('',(#183),#1551,.T.);
#1630=ADVANCED_FACE('',(#184),#1552,.F.);
#1631=ADVANCED_FACE('',(#185,#71),#1553,.F.);
#1632=ADVANCED_FACE('',(#186,#72),#1554,.T.);
#1633=ADVANCED_FACE('',(#187,#73),#1555,.T.);
#1634=ADVANCED_FACE('',(#188),#1556,.T.);
#1635=ADVANCED_FACE('',(#189,#74),#1557,.T.);
#1636=ADVANCED_FACE('',(#190),#46,.F.);
#1637=ADVANCED_FACE('',(#191),#1558,.T.);
#1638=ADVANCED_FACE('',(#192,#75,#76),#1559,.T.);
#1639=CLOSED_SHELL('',(#1560,#1561,#1562,#1563,#1564,#1565,#1566,#1567,
#1568,#1569,#1570,#1571,#1572,#1573,#1574,#1575,#1576,#1577,#1578,#1579,
#1580,#1581,#1582,#1583,#1584,#1585,#1586,#1587,#1588,#1589,#1590,#1591,
#1592,#1593,#1594,#1595,#1596,#1597,#1598,#1599,#1600,#1601,#1602,#1603,
#1604,#1605,#1606,#1607,#1608,#1609,#1610,#1611,#1612,#1613,#1614,#1615,
#1616,#1617,#1618,#1619,#1620,#1621,#1622,#1623,#1624,#1625,#1626,#1627,
#1628,#1629,#1630,#1631,#1632,#1633,#1634,#1635,#1636,#1637,#1638));
#1640=DERIVED_UNIT_ELEMENT(#1642,1.);
#1641=DERIVED_UNIT_ELEMENT(#2796,-3.);
#1642=(
MASS_UNIT()
NAMED_UNIT(*)
SI_UNIT(.KILO.,.GRAM.)
);
#1643=DERIVED_UNIT((#1640,#1641));
#1644=MEASURE_REPRESENTATION_ITEM('density measure',
POSITIVE_RATIO_MEASURE(7850.),#1643);
#1645=PROPERTY_DEFINITION_REPRESENTATION(#1650,#1647);
#1646=PROPERTY_DEFINITION_REPRESENTATION(#1651,#1648);
#1647=REPRESENTATION('material name',(#1649),#2793);
#1648=REPRESENTATION('density',(#1644),#2793);
#1649=DESCRIPTIVE_REPRESENTATION_ITEM('Steel','Steel');
#1650=PROPERTY_DEFINITION('material property','material name',#2803);
#1651=PROPERTY_DEFINITION('material property','density of part',#2803);
#1652=AXIS2_PLACEMENT_3D('',#2188,#1771,#1772);
#1653=AXIS2_PLACEMENT_3D('',#2189,#1773,#1774);
#1654=AXIS2_PLACEMENT_3D('',#2198,#1779,#1780);
#1655=AXIS2_PLACEMENT_3D('',#2204,#1784,#1785);
#1656=AXIS2_PLACEMENT_3D('',#2213,#1790,#1791);
#1657=AXIS2_PLACEMENT_3D('',#2223,#1797,#1798);
#1658=AXIS2_PLACEMENT_3D('',#2229,#1802,#1803);
#1659=AXIS2_PLACEMENT_3D('',#2239,#1809,#1810);
#1660=AXIS2_PLACEMENT_3D('',#2247,#1814,#1815);
#1661=AXIS2_PLACEMENT_3D('',#2256,#1820,#1821);
#1662=AXIS2_PLACEMENT_3D('',#2267,#1827,#1828);
#1663=AXIS2_PLACEMENT_3D('',#2269,#1829,#1830);
#1664=AXIS2_PLACEMENT_3D('',#2271,#1831,#1832);
#1665=AXIS2_PLACEMENT_3D('',#2272,#1833,#1834);
#1666=AXIS2_PLACEMENT_3D('',#2284,#1840,#1841);
#1667=AXIS2_PLACEMENT_3D('',#2286,#1842,#1843);
#1668=AXIS2_PLACEMENT_3D('',#2298,#1849,#1850);
#1669=AXIS2_PLACEMENT_3D('',#2305,#1854,#1855);
#1670=AXIS2_PLACEMENT_3D('',#2307,#1856,#1857);
#1671=AXIS2_PLACEMENT_3D('',#2309,#1858,#1859);
#1672=AXIS2_PLACEMENT_3D('',#2310,#1860,#1861);
#1673=AXIS2_PLACEMENT_3D('',#2316,#1865,#1866);
#1674=AXIS2_PLACEMENT_3D('',#2320,#1869,#1870);
#1675=AXIS2_PLACEMENT_3D('',#2326,#1874,#1875);
#1676=AXIS2_PLACEMENT_3D('',#2332,#1879,#1880);
#1677=AXIS2_PLACEMENT_3D('',#2340,#1885,#1886);
#1678=AXIS2_PLACEMENT_3D('',#2341,#1887,#1888);
#1679=AXIS2_PLACEMENT_3D('',#2348,#1891,#1892);
#1680=AXIS2_PLACEMENT_3D('',#2351,#1894,#1895);
#1681=AXIS2_PLACEMENT_3D('',#2357,#1898,#1899);
#1682=AXIS2_PLACEMENT_3D('',#2360,#1901,#1902);
#1683=AXIS2_PLACEMENT_3D('',#2361,#1903,#1904);
#1684=AXIS2_PLACEMENT_3D('',#2367,#1908,#1909);
#1685=AXIS2_PLACEMENT_3D('',#2369,#1911,#1912);
#1686=AXIS2_PLACEMENT_3D('',#2453,#1914,#1915);
#1687=AXIS2_PLACEMENT_3D('',#2455,#1917,#1918);
#1688=AXIS2_PLACEMENT_3D('',#2459,#1921,#1922);
#1689=AXIS2_PLACEMENT_3D('',#2461,#1923,#1924);
#1690=AXIS2_PLACEMENT_3D('',#2463,#1925,#1926);
#1691=AXIS2_PLACEMENT_3D('',#2464,#1927,#1928);
#1692=AXIS2_PLACEMENT_3D('',#2466,#1929,#1930);
#1693=AXIS2_PLACEMENT_3D('',#2469,#1933,#1934);
#1694=AXIS2_PLACEMENT_3D('',#2470,#1935,#1936);
#1695=AXIS2_PLACEMENT_3D('',#2473,#1939,#1940);
#1696=AXIS2_PLACEMENT_3D('',#2476,#1943,#1944);
#1697=AXIS2_PLACEMENT_3D('',#2503,#1947,#1948);
#1698=AXIS2_PLACEMENT_3D('',#2563,#1949,#1950);
#1699=AXIS2_PLACEMENT_3D('',#2564,#1951,#1952);
#1700=AXIS2_PLACEMENT_3D('',#2566,#1954,#1955);
#1701=AXIS2_PLACEMENT_3D('',#2570,#1958,#1959);
#1702=AXIS2_PLACEMENT_3D('',#2574,#1961,#1962);
#1703=AXIS2_PLACEMENT_3D('',#2576,#1964,#1965);
#1704=AXIS2_PLACEMENT_3D('',#2578,#1966,#1967);
#1705=AXIS2_PLACEMENT_3D('',#2580,#1969,#1970);
#1706=AXIS2_PLACEMENT_3D('',#2582,#1971,#1972);
#1707=AXIS2_PLACEMENT_3D('',#2584,#1974,#1975);
#1708=AXIS2_PLACEMENT_3D('',#2588,#1978,#1979);
#1709=AXIS2_PLACEMENT_3D('',#2589,#1980,#1981);
#1710=AXIS2_PLACEMENT_3D('',#2590,#1982,#1983);
#1711=AXIS2_PLACEMENT_3D('',#2592,#1985,#1986);
#1712=AXIS2_PLACEMENT_3D('',#2594,#1987,#1988);
#1713=AXIS2_PLACEMENT_3D('',#2597,#1990,#1991);
#1714=AXIS2_PLACEMENT_3D('',#2598,#1992,#1993);
#1715=AXIS2_PLACEMENT_3D('',#2600,#1994,#1995);
#1716=AXIS2_PLACEMENT_3D('',#2602,#1997,#1998);
#1717=AXIS2_PLACEMENT_3D('',#2604,#1999,#2000);
#1718=AXIS2_PLACEMENT_3D('',#2607,#2002,#2003);
#1719=AXIS2_PLACEMENT_3D('',#2608,#2004,#2005);
#1720=AXIS2_PLACEMENT_3D('',#2617,#2010,#2011);
#1721=AXIS2_PLACEMENT_3D('',#2626,#2016,#2017);
#1722=AXIS2_PLACEMENT_3D('',#2629,#2020,#2021);
#1723=AXIS2_PLACEMENT_3D('',#2631,#2023,#2024);
#1724=AXIS2_PLACEMENT_3D('',#2640,#2029,#2030);
#1725=AXIS2_PLACEMENT_3D('',#2649,#2035,#2036);
#1726=AXIS2_PLACEMENT_3D('',#2652,#2039,#2040);
#1727=AXIS2_PLACEMENT_3D('',#2654,#2042,#2043);
#1728=AXIS2_PLACEMENT_3D('',#2660,#2047,#2048);
#1729=AXIS2_PLACEMENT_3D('',#2666,#2052,#2053);
#1730=AXIS2_PLACEMENT_3D('',#2668,#2055,#2056);
#1731=AXIS2_PLACEMENT_3D('',#2671,#2058,#2059);
#1732=AXIS2_PLACEMENT_3D('',#2672,#2060,#2061);
#1733=AXIS2_PLACEMENT_3D('',#2676,#2064,#2065);
#1734=AXIS2_PLACEMENT_3D('',#2678,#2067,#2068);
#1735=AXIS2_PLACEMENT_3D('',#2680,#2070,#2071);
#1736=AXIS2_PLACEMENT_3D('',#2682,#2072,#2073);
#1737=AXIS2_PLACEMENT_3D('',#2684,#2075,#2076);
#1738=AXIS2_PLACEMENT_3D('',#2686,#2078,#2079);
#1739=AXIS2_PLACEMENT_3D('',#2688,#2081,#2082);
#1740=AXIS2_PLACEMENT_3D('',#2690,#2084,#2085);
#1741=AXIS2_PLACEMENT_3D('',#2692,#2087,#2088);
#1742=AXIS2_PLACEMENT_3D('',#2694,#2089,#2090);
#1743=AXIS2_PLACEMENT_3D('',#2697,#2092,#2093);
#1744=AXIS2_PLACEMENT_3D('',#2698,#2094,#2095);
#1745=AXIS2_PLACEMENT_3D('',#2701,#2097,#2098);
#1746=AXIS2_PLACEMENT_3D('',#2702,#2099,#2100);
#1747=AXIS2_PLACEMENT_3D('',#2704,#2101,#2102);
#1748=AXIS2_PLACEMENT_3D('',#2707,#2104,#2105);
#1749=AXIS2_PLACEMENT_3D('',#2708,#2106,#2107);
#1750=AXIS2_PLACEMENT_3D('',#2711,#2109,#2110);
#1751=AXIS2_PLACEMENT_3D('',#2712,#2111,#2112);
#1752=AXIS2_PLACEMENT_3D('',#2721,#2117,#2118);
#1753=AXIS2_PLACEMENT_3D('',#2730,#2123,#2124);
#1754=AXIS2_PLACEMENT_3D('',#2733,#2127,#2128);
#1755=AXIS2_PLACEMENT_3D('',#2735,#2130,#2131);
#1756=AXIS2_PLACEMENT_3D('',#2744,#2136,#2137);
#1757=AXIS2_PLACEMENT_3D('',#2753,#2142,#2143);
#1758=AXIS2_PLACEMENT_3D('',#2756,#2146,#2147);
#1759=AXIS2_PLACEMENT_3D('',#2758,#2149,#2150);
#1760=AXIS2_PLACEMENT_3D('',#2764,#2154,#2155);
#1761=AXIS2_PLACEMENT_3D('',#2770,#2159,#2160);
#1762=AXIS2_PLACEMENT_3D('',#2772,#2162,#2163);
#1763=AXIS2_PLACEMENT_3D('',#2774,#2165,#2166);
#1764=AXIS2_PLACEMENT_3D('',#2778,#2169,#2170);
#1765=AXIS2_PLACEMENT_3D('',#2780,#2172,#2173);
#1766=AXIS2_PLACEMENT_3D('',#2782,#2175,#2176);
#1767=AXIS2_PLACEMENT_3D('',#2784,#2178,#2179);
#1768=AXIS2_PLACEMENT_3D('',#2786,#2180,#2181);
#1769=AXIS2_PLACEMENT_3D('',#2788,#2183,#2184);
#1770=AXIS2_PLACEMENT_3D('',#2790,#2186,#2187);
#1771=DIRECTION('axis',(0.,0.,1.));
#1772=DIRECTION('refdir',(1.,0.,0.));
#1773=DIRECTION('center_axis',(-1.47196168001604E-16,-0.707106781186551,
-0.707106781186544));
#1774=DIRECTION('ref_axis',(-1.,8.32667268468869E-17,1.2490009027033E-16));
#1775=DIRECTION('',(1.,-8.32667268468869E-17,-1.2490009027033E-16));
#1776=DIRECTION('',(-1.35585468084861E-31,0.707106781186548,-0.707106781186547));
#1777=DIRECTION('',(-1.,8.32667268468869E-17,1.2490009027033E-16));
#1778=DIRECTION('',(1.35585468084861E-31,-0.707106781186548,0.707106781186547));
#1779=DIRECTION('center_axis',(2.94392336003207E-17,-0.707106781186547,
0.707106781186548));
#1780=DIRECTION('ref_axis',(1.,-8.32667268468869E-17,-1.2490009027033E-16));
#1781=DIRECTION('',(2.34893561022468E-16,0.707106781186548,0.707106781186547));
#1782=DIRECTION('',(1.,-1.45278148144322E-16,-1.86911511567765E-16));
#1783=DIRECTION('',(-2.34893561022468E-16,-0.707106781186548,-0.707106781186547));
#1784=DIRECTION('center_axis',(-9.81307786677359E-18,0.707106781186548,
-0.707106781186548));
#1785=DIRECTION('ref_axis',(-1.02868480863722E-16,-0.707106781186548,-0.707106781186548));
#1786=DIRECTION('',(-2.34893561022469E-16,-0.707106781186548,-0.707106781186548));
#1787=DIRECTION('',(-1.,0.,1.38777878078145E-17));
#1788=DIRECTION('',(-1.02868480863722E-16,-0.707106781186547,-0.707106781186547));
#1789=DIRECTION('',(-1.,0.,1.38777878078145E-17));
#1790=DIRECTION('center_axis',(2.94392336003204E-17,-0.707106781186548,
0.707106781186547));
#1791=DIRECTION('ref_axis',(1.,-8.32667268468869E-17,-1.2490009027033E-16));
#1792=DIRECTION('',(0.,0.707106781186547,0.707106781186548));
#1793=DIRECTION('',(-0.577350269189626,-0.577350269189625,-0.577350269189627));
#1794=DIRECTION('',(-1.,-2.77555756156284E-17,1.38777878078145E-17));
#1795=DIRECTION('',(-0.577350269189627,0.577350269189624,0.577350269189626));
#1796=DIRECTION('',(0.,-0.707106781186547,-0.707106781186548));
#1797=DIRECTION('center_axis',(-2.34893561022469E-16,-0.707106781186547,
-0.707106781186548));
#1798=DIRECTION('ref_axis',(1.,-8.32667268468868E-17,-2.489229328652E-16));
#1799=DIRECTION('',(0.,0.707106781186548,-0.707106781186547));
#1800=DIRECTION('',(1.,-8.32667268468868E-17,-2.489229328652E-16));
#1801=DIRECTION('',(0.,-0.707106781186548,0.707106781186547));
#1802=DIRECTION('center_axis',(2.94392336003204E-17,-0.707106781186548,
0.707106781186547));
#1803=DIRECTION('ref_axis',(1.,-8.32667268468869E-17,-1.2490009027033E-16));
#1804=DIRECTION('',(0.577350269189627,-0.577350269189625,-0.577350269189626));
#1805=DIRECTION('',(0.,0.707106781186547,0.707106781186548));
#1806=DIRECTION('',(0.,-0.707106781186547,-0.707106781186548));
#1807=DIRECTION('',(0.577350269189626,0.577350269189625,0.577350269189627));
#1808=DIRECTION('',(1.,2.77555756156284E-17,-1.38777878078145E-17));
#1809=DIRECTION('center_axis',(1.,0.,0.));
#1810=DIRECTION('ref_axis',(0.,0.,-1.));
#1811=DIRECTION('',(0.,-1.,0.));
#1812=DIRECTION('',(0.,1.7630424056412E-16,-1.));
#1813=DIRECTION('',(0.,1.,0.));
#1814=DIRECTION('center_axis',(1.,0.,0.));
#1815=DIRECTION('ref_axis',(0.,0.707106781186545,-0.70710678118655));
#1816=DIRECTION('',(2.1081531797931E-16,-0.707106781186547,-0.707106781186547));
#1817=DIRECTION('',(0.,1.7630424056412E-16,-1.));
#1818=DIRECTION('',(0.,-1.,0.));
#1819=DIRECTION('',(0.,0.,1.));
#1820=DIRECTION('center_axis',(-1.,0.,1.38777878078145E-17));
#1821=DIRECTION('ref_axis',(-1.38777878078145E-17,0.,-1.));
#1822=DIRECTION('',(0.,0.,1.));
#1823=DIRECTION('',(-4.48597845338221E-17,-0.707106781186548,-0.707106781186548));
#1824=DIRECTION('',(0.,-1.,-1.36642833800019E-16));
#1825=DIRECTION('',(0.,1.7630424056412E-16,-1.));
#1826=DIRECTION('',(0.,1.,0.));
#1827=DIRECTION('center_axis',(-1.,0.,0.));
#1828=DIRECTION('ref_axis',(-1.2490009027033E-16,-4.99600361081321E-16,
-1.));
#1829=DIRECTION('center_axis',(-1.,0.,1.38777878078145E-17));
#1830=DIRECTION('ref_axis',(-1.38777878078145E-17,0.,-1.));
#1831=DIRECTION('center_axis',(-1.,0.,1.38777878078145E-17));
#1832=DIRECTION('ref_axis',(-1.38777878078145E-17,0.,-1.));
#1833=DIRECTION('center_axis',(1.,0.,0.));
#1834=DIRECTION('ref_axis',(0.,0.,-1.));
#1835=DIRECTION('',(0.,-1.,0.));
#1836=DIRECTION('',(0.,-1.7630424056412E-16,1.));
#1837=DIRECTION('',(0.,1.,1.36642833800019E-16));
#1838=DIRECTION('',(4.48597845338221E-17,0.707106781186548,0.707106781186548));
#1839=DIRECTION('',(0.,0.,-1.));
#1840=DIRECTION('center_axis',(1.,0.,0.));
#1841=DIRECTION('ref_axis',(-1.38777878078145E-17,0.,-1.));
#1842=DIRECTION('center_axis',(1.,0.,0.));
#1843=DIRECTION('ref_axis',(-1.38777878078145E-17,0.,-1.));
#1844=DIRECTION('',(0.,0.,-1.));
#1845=DIRECTION('',(0.,1.,0.));
#1846=DIRECTION('',(-1.02868480863722E-16,-0.707106781186547,-0.707106781186547));
#1847=DIRECTION('',(0.,-1.7630424056412E-16,1.));
#1848=DIRECTION('',(-2.1081531797931E-16,0.707106781186547,0.707106781186547));
#1849=DIRECTION('center_axis',(1.,0.,0.));
#1850=DIRECTION('ref_axis',(0.,0.707106781186545,-0.70710678118655));
#1851=DIRECTION('',(0.,-1.,0.));
#1852=DIRECTION('',(0.,-1.7630424056412E-16,1.));
#1853=DIRECTION('',(0.,1.,0.));
#1854=DIRECTION('center_axis',(1.,0.,0.));
#1855=DIRECTION('ref_axis',(-1.38777878078145E-17,0.,-1.));
#1856=DIRECTION('center_axis',(1.,0.,0.));
#1857=DIRECTION('ref_axis',(-1.2490009027033E-16,-4.99600361081321E-16,
-1.));
#1858=DIRECTION('center_axis',(1.,0.,0.));
#1859=DIRECTION('ref_axis',(-1.38777878078145E-17,0.,-1.));
#1860=DIRECTION('center_axis',(1.38777878078145E-17,0.,1.));
#1861=DIRECTION('ref_axis',(1.,0.,-1.38777878078145E-17));
#1862=DIRECTION('',(0.,1.,0.));
#1863=DIRECTION('',(-1.,0.,1.38777878078145E-17));
#1864=DIRECTION('',(0.,1.,0.));
#1865=DIRECTION('center_axis',(-0.707106781186548,0.,0.707106781186547));
#1866=DIRECTION('ref_axis',(0.707106781186547,0.,0.707106781186548));
#1867=DIRECTION('',(0.,1.,0.));
#1868=DIRECTION('',(-0.707106781186547,0.,-0.707106781186548));
#1869=DIRECTION('center_axis',(0.707106781186548,0.,-0.707106781186547));
#1870=DIRECTION('ref_axis',(-0.707106781186547,0.,-0.707106781186548));
#1871=DIRECTION('',(0.,1.,0.));
#1872=DIRECTION('',(0.707106781186547,0.,0.707106781186548));
#1873=DIRECTION('',(0.,1.,0.));
#1874=DIRECTION('center_axis',(-9.81307786677359E-18,0.707106781186548,
-0.707106781186548));
#1875=DIRECTION('ref_axis',(-1.02868480863722E-16,-0.707106781186548,-0.707106781186548));
#1876=DIRECTION('',(-1.,0.,1.38777878078145E-17));
#1877=DIRECTION('',(1.02868480863722E-16,0.707106781186547,0.707106781186547));
#1878=DIRECTION('',(-1.,0.,1.38777878078145E-17));
#1879=DIRECTION('center_axis',(-0.928311513549139,-0.371803353685934,0.));
#1880=DIRECTION('ref_axis',(-0.371803353685934,0.928311513549139,0.));
#1881=DIRECTION('',(-0.272490390244757,0.68034880290343,0.68034880290343));
#1882=DIRECTION('',(0.371803353685934,-0.928311513549139,1.1339875512552E-30));
#1883=DIRECTION('',(1.2490009027033E-16,4.99600361081321E-16,1.));
#1884=DIRECTION('',(-0.371803353685934,0.928311513549139,0.));
#1885=DIRECTION('center_axis',(-0.928311513549139,-0.371803353685934,0.));
#1886=DIRECTION('ref_axis',(-0.371803353685934,0.928311513549139,5.15980804868718E-18));
#1887=DIRECTION('center_axis',(1.38777878078144E-17,1.18329135783152E-30,
1.));
#1888=DIRECTION('ref_axis',(-2.5807461254789E-31,1.,-1.18329135783152E-30));
#1889=DIRECTION('',(1.,2.77555756156288E-17,-1.38777878078144E-17));
#1890=DIRECTION('',(0.371390676354102,0.92847669088526,-1.08468374467889E-30));
#1891=DIRECTION('center_axis',(7.39557098644699E-32,-1.18329135783152E-30,
-1.));
#1892=DIRECTION('ref_axis',(-0.000222253308511335,0.999999975301733,-1.18329135783153E-30));
#1893=DIRECTION('',(0.999999975301733,0.00022225330852206,7.39557098644699E-32));
#1894=DIRECTION('center_axis',(7.39557098644699E-32,-1.18329135783152E-30,
-1.));
#1895=DIRECTION('ref_axis',(0.928311513549142,0.371803353685924,-2.95822839457883E-31));
#1896=DIRECTION('',(1.,2.77555756156288E-17,-1.38777878078144E-17));
#1897=DIRECTION('',(-2.5807461254789E-31,1.,-1.18329135783152E-30));
#1898=DIRECTION('center_axis',(-7.39557098644699E-32,1.18329135783152E-30,
1.));
#1899=DIRECTION('ref_axis',(1.,2.59615356503399E-31,7.39557098644698E-32));
#1900=DIRECTION('',(2.5807461254789E-31,-1.,1.18329135783152E-30));
#1901=DIRECTION('center_axis',(7.39557098644699E-32,-1.18329135783152E-30,
-1.));
#1902=DIRECTION('ref_axis',(1.,2.596153565034E-31,7.39557098644701E-32));
#1903=DIRECTION('center_axis',(-0.707106781186547,0.,-0.707106781186548));
#1904=DIRECTION('ref_axis',(-0.707106781186548,0.,0.707106781186547));
#1905=DIRECTION('',(0.,1.,0.));
#1906=DIRECTION('',(0.707106781186548,0.,-0.707106781186547));
#1907=DIRECTION('',(0.,1.,0.));
#1908=DIRECTION('center_axis',(-1.38777878078145E-17,0.,-1.));
#1909=DIRECTION('ref_axis',(-1.,0.,1.38777878078145E-17));
#1910=DIRECTION('',(1.,0.,-1.38777878078145E-17));
#1911=DIRECTION('center_axis',(-1.,8.32667268468869E-17,1.2490009027033E-16));
#1912=DIRECTION('ref_axis',(-1.2490009027033E-16,-4.99600361081321E-16,
-1.));
#1913=DIRECTION('',(-1.,8.32667268468869E-17,1.2490009027033E-16));
#1914=DIRECTION('center_axis',(1.,-8.32667268468869E-17,-1.2490009027033E-16));
#1915=DIRECTION('ref_axis',(-1.2490009027033E-16,-4.99600361081321E-16,
-1.));
#1916=DIRECTION('',(-1.,8.32667268468869E-17,1.2490009027033E-16));
#1917=DIRECTION('center_axis',(0.707106781186547,0.,0.707106781186548));
#1918=DIRECTION('ref_axis',(0.707106781186548,0.,-0.707106781186547));
#1919=DIRECTION('',(-0.707106781186548,0.,0.707106781186547));
#1920=DIRECTION('',(0.,1.,0.));
#1921=DIRECTION('center_axis',(-5.55111512312583E-17,1.,-3.62934336888388E-23));
#1922=DIRECTION('ref_axis',(-1.,-5.55111512312583E-17,-7.39557098644699E-32));
#1923=DIRECTION('center_axis',(-5.55111512312583E-17,1.,-3.62934336888388E-23));
#1924=DIRECTION('ref_axis',(1.,2.50087071515378E-31,-1.38777878078144E-17));
#1925=DIRECTION('center_axis',(5.55111512312583E-17,-1.,3.62934336888388E-23));
#1926=DIRECTION('ref_axis',(-1.,-5.55111512312582E-17,-7.54650100657856E-32));
#1927=DIRECTION('center_axis',(5.5511151231258E-17,-1.,3.0814879110196E-33));
#1928=DIRECTION('ref_axis',(-1.,-5.5511151231258E-17,-3.08148791101958E-33));
#1929=DIRECTION('center_axis',(5.5511151231258E-17,-1.,3.62934325086289E-23));
#1930=DIRECTION('ref_axis',(-1.,-5.5511151231258E-17,-3.08148791101958E-33));
#1931=DIRECTION('',(-5.5511151231258E-17,1.,-3.0814879110196E-33));
#1932=DIRECTION('',(-5.5511151231258E-17,1.,-3.0814879110196E-33));
#1933=DIRECTION('center_axis',(-5.5511151231258E-17,1.,-3.62934325086289E-23));
#1934=DIRECTION('ref_axis',(-1.,-5.5511151231258E-17,-3.08148791101958E-33));
#1935=DIRECTION('center_axis',(1.,0.,5.22185308853972E-16));
#1936=DIRECTION('ref_axis',(5.22185308853972E-16,0.,-1.));
#1937=DIRECTION('',(0.,-1.7630424056412E-16,1.));
#1938=DIRECTION('',(-5.22185308853972E-16,0.,1.));
#1939=DIRECTION('center_axis',(-1.,0.,-9.24232631350312E-16));
#1940=DIRECTION('ref_axis',(-9.24232631350312E-16,0.,1.));
#1941=DIRECTION('',(0.,1.7630424056412E-16,-1.));
#1942=DIRECTION('',(9.24232631350312E-16,0.,-1.));
#1943=DIRECTION('center_axis',(0.,1.,0.));
#1944=DIRECTION('ref_axis',(1.,0.,-1.38777878078145E-17));
#1945=DIRECTION('',(0.,-1.,0.));
#1946=DIRECTION('',(0.,-1.,0.));
#1947=DIRECTION('center_axis',(0.,-1.,0.));
#1948=DIRECTION('ref_axis',(1.,0.,-1.38777878078145E-17));
#1949=DIRECTION('center_axis',(0.,-1.,0.));
#1950=DIRECTION('ref_axis',(1.,0.,-1.38777878078145E-17));
#1951=DIRECTION('center_axis',(0.92847669088526,-0.371390676354102,0.));
#1952=DIRECTION('ref_axis',(-0.371390676354102,-0.92847669088526,0.));
#1953=DIRECTION('',(-0.272165526975907,-0.680413817439772,-0.680413817439772));
#1954=DIRECTION('center_axis',(0.92847669088526,-0.371390676354102,0.));
#1955=DIRECTION('ref_axis',(0.371390676354102,0.92847669088526,-5.15408100024292E-18));
#1956=DIRECTION('',(-0.371390676354102,-0.92847669088526,0.));
#1957=DIRECTION('',(1.2490009027033E-16,4.99600361081321E-16,1.));
#1958=DIRECTION('center_axis',(0.,0.,-1.));
#1959=DIRECTION('ref_axis',(1.,0.,0.));
#1960=DIRECTION('',(5.55111512312578E-17,0.,1.));
#1961=DIRECTION('center_axis',(0.,0.,-1.));
#1962=DIRECTION('ref_axis',(1.,0.,0.));
#1963=DIRECTION('',(-5.55111512312578E-17,0.,-1.));
#1964=DIRECTION('center_axis',(0.,0.,-1.));
#1965=DIRECTION('ref_axis',(1.,0.,0.));
#1966=DIRECTION('center_axis',(0.,0.,1.));
#1967=DIRECTION('ref_axis',(1.,0.,0.));
#1968=DIRECTION('',(0.,0.,1.));
#1969=DIRECTION('center_axis',(0.,0.,-1.));
#1970=DIRECTION('ref_axis',(-0.000222253308511335,0.999999975301733,0.));
#1971=DIRECTION('center_axis',(0.,0.,1.));
#1972=DIRECTION('ref_axis',(-0.000222253308511335,0.999999975301733,0.));
#1973=DIRECTION('',(1.2490009027033E-16,4.99600361081321E-16,1.));
#1974=DIRECTION('center_axis',(0.00022225330852206,-0.999999975301733,0.));
#1975=DIRECTION('ref_axis',(-0.999999975301733,-0.000222253308522059,0.));
#1976=DIRECTION('',(-0.999999975301733,-0.00022225330852206,0.));
#1977=DIRECTION('',(1.2490009027033E-16,4.99600361081321E-16,1.));
#1978=DIRECTION('center_axis',(0.,0.,-1.));
#1979=DIRECTION('ref_axis',(0.928311513549142,0.371803353685924,0.));
#1980=DIRECTION('center_axis',(0.,0.,1.));
#1981=DIRECTION('ref_axis',(0.928311513549142,0.371803353685924,0.));
#1982=DIRECTION('center_axis',(1.,0.,-1.38777878078145E-17));
#1983=DIRECTION('ref_axis',(-1.38777878078145E-17,0.,-1.));
#1984=DIRECTION('',(-1.,0.,1.38777878078145E-17));
#1985=DIRECTION('center_axis',(1.,0.,-1.38777878078145E-17));
#1986=DIRECTION('ref_axis',(1.38777878078145E-17,0.,1.));
#1987=DIRECTION('center_axis',(1.,0.,0.));
#1988=DIRECTION('ref_axis',(1.38777878078145E-17,0.,1.));
#1989=DIRECTION('',(1.,0.,-1.38777878078145E-17));
#1990=DIRECTION('center_axis',(-1.,0.,0.));
#1991=DIRECTION('ref_axis',(1.38777878078145E-17,0.,1.));
#1992=DIRECTION('center_axis',(1.,0.,-1.38777878078145E-17));
#1993=DIRECTION('ref_axis',(1.38777878078145E-17,0.,1.));
#1994=DIRECTION('center_axis',(1.,0.,-1.38777878078145E-17));
#1995=DIRECTION('ref_axis',(1.38777878078145E-17,0.,1.));
#1996=DIRECTION('',(1.,0.,-1.38777878078145E-17));
#1997=DIRECTION('center_axis',(1.,0.,-1.38777878078145E-17));
#1998=DIRECTION('ref_axis',(1.38777878078145E-17,0.,1.));
#1999=DIRECTION('center_axis',(1.,0.,0.));
#2000=DIRECTION('ref_axis',(1.38777878078145E-17,0.,1.));
#2001=DIRECTION('',(1.,0.,-1.38777878078145E-17));
#2002=DIRECTION('center_axis',(-1.,0.,1.38777878078145E-17));
#2003=DIRECTION('ref_axis',(1.38777878078145E-17,0.,1.));
#2004=DIRECTION('center_axis',(1.38777878078145E-17,0.,1.));
#2005=DIRECTION('ref_axis',(0.,-1.,0.));
#2006=DIRECTION('',(0.,1.,0.));
#2007=DIRECTION('',(1.,0.,-1.38777878078145E-17));
#2008=DIRECTION('',(0.,-1.,0.));
#2009=DIRECTION('',(1.,0.,-1.38777878078145E-17));
#2010=DIRECTION('center_axis',(-1.38777878078145E-17,0.,-1.));
#2011=DIRECTION('ref_axis',(0.,1.,0.));
#2012=DIRECTION('',(0.,-1.,0.));
#2013=DIRECTION('',(-1.,0.,1.38777878078145E-17));
#2014=DIRECTION('',(0.,1.,0.));
#2015=DIRECTION('',(1.,0.,-1.38777878078145E-17));
#2016=DIRECTION('center_axis',(1.,0.,-1.38777878078145E-17));
#2017=DIRECTION('ref_axis',(-1.38777878078145E-17,0.,-1.));
#2018=DIRECTION('',(1.38777878078145E-17,0.,1.));
#2019=DIRECTION('',(1.38777878078145E-17,-1.7630424056412E-16,1.));
#2020=DIRECTION('center_axis',(0.,1.,0.));
#2021=DIRECTION('ref_axis',(1.38777878078145E-17,0.,1.));
#2022=DIRECTION('',(1.38777878078145E-17,0.,1.));
#2023=DIRECTION('center_axis',(9.81307786677359E-18,-0.707106781186548,
0.707106781186547));
#2024=DIRECTION('ref_axis',(-1.77943811984161E-15,-0.707106781186547,-0.707106781186548));
#2025=DIRECTION('',(0.,0.707106781186547,0.707106781186548));
#2026=DIRECTION('',(1.,0.,-1.38777878078145E-17));
#2027=DIRECTION('',(-9.8130778667736E-18,-0.707106781186547,-0.707106781186548));
#2028=DIRECTION('',(1.,0.,-1.38777878078145E-17));
#2029=DIRECTION('center_axis',(-9.81307786677359E-18,0.707106781186548,
-0.707106781186548));
#2030=DIRECTION('ref_axis',(5.63020315516944E-16,0.707106781186548,0.707106781186548));
#2031=DIRECTION('',(0.,-0.707106781186548,-0.707106781186548));
#2032=DIRECTION('',(-1.,0.,1.38777878078145E-17));
#2033=DIRECTION('',(9.81307786677359E-18,0.707106781186548,0.707106781186548));
#2034=DIRECTION('',(1.,0.,-1.38777878078145E-17));
#2035=DIRECTION('center_axis',(-1.,0.,0.));
#2036=DIRECTION('ref_axis',(0.,0.,1.));
#2037=DIRECTION('',(1.02056009814445E-15,0.,-1.));
#2038=DIRECTION('',(0.,-1.7630424056412E-16,1.));
#2039=DIRECTION('center_axis',(1.,0.,-1.38777878078145E-17));
#2040=DIRECTION('ref_axis',(-1.38777878078145E-17,0.,-1.));
#2041=DIRECTION('',(-1.38777878078145E-17,1.7630424056412E-16,-1.));
#2042=DIRECTION('center_axis',(-1.38777878078145E-17,0.,-1.));
#2043=DIRECTION('ref_axis',(0.,-1.,0.));
#2044=DIRECTION('',(-1.,0.,1.38777878078145E-17));
#2045=DIRECTION('',(0.,-1.,0.));
#2046=DIRECTION('',(-1.,0.,1.38777878078145E-17));
#2047=DIRECTION('center_axis',(1.38777878078145E-17,-1.36642833800019E-16,
1.));
#2048=DIRECTION('ref_axis',(0.,1.,1.36642833800019E-16));
#2049=DIRECTION('',(-1.,0.,1.38777878078145E-17));
#2050=DIRECTION('',(-1.,0.,1.38777878078145E-17));
#2051=DIRECTION('',(0.,1.,1.36642833800019E-16));
#2052=DIRECTION('center_axis',(0.,1.,0.));
#2053=DIRECTION('ref_axis',(-1.02056009814445E-15,0.,1.));
#2054=DIRECTION('',(-1.02056009814445E-15,0.,1.));
#2055=DIRECTION('center_axis',(1.,0.,-1.38777878078145E-17));
#2056=DIRECTION('ref_axis',(-1.38777878078145E-17,0.,-1.));
#2057=DIRECTION('',(-1.38777878078145E-17,1.7630424056412E-16,-1.));
#2058=DIRECTION('center_axis',(1.,0.,-1.38777878078145E-17));
#2059=DIRECTION('ref_axis',(1.38777878078145E-17,0.,1.));
#2060=DIRECTION('center_axis',(-2.44671284016673E-33,-1.,-1.7630424056412E-16));
#2061=DIRECTION('ref_axis',(0.,-1.7630424056412E-16,1.));
#2062=DIRECTION('',(-1.,0.,1.38777878078145E-17));
#2063=DIRECTION('',(0.,-1.7630424056412E-16,1.));
#2064=DIRECTION('center_axis',(9.81307786677359E-18,-0.707106781186548,
0.707106781186548));
#2065=DIRECTION('ref_axis',(4.48597845338221E-17,0.707106781186548,0.707106781186548));
#2066=DIRECTION('',(4.48597845338221E-17,0.707106781186548,0.707106781186548));
#2067=DIRECTION('center_axis',(-2.44671284016673E-33,-1.,-1.7630424056412E-16));
#2068=DIRECTION('ref_axis',(0.,-1.7630424056412E-16,1.));
#2069=DIRECTION('',(0.,-1.7630424056412E-16,1.));
#2070=DIRECTION('center_axis',(-1.,0.,1.38777878078145E-17));
#2071=DIRECTION('ref_axis',(-9.81307786677363E-18,0.707106781186545,-0.70710678118655));
#2072=DIRECTION('center_axis',(1.,0.,0.));
#2073=DIRECTION('ref_axis',(0.,0.707106781186545,-0.70710678118655));
#2074=DIRECTION('',(-1.,0.,1.38777878078145E-17));
#2075=DIRECTION('center_axis',(9.81307786677359E-18,-0.707106781186548,
0.707106781186548));
#2076=DIRECTION('ref_axis',(-2.1081531797931E-16,0.707106781186548,0.707106781186548));
#2077=DIRECTION('',(-2.1081531797931E-16,0.707106781186547,0.707106781186547));
#2078=DIRECTION('center_axis',(1.,0.,0.));
#2079=DIRECTION('ref_axis',(0.,0.,-1.));
#2080=DIRECTION('',(0.,-1.,2.12537169715742E-15));
#2081=DIRECTION('center_axis',(1.,0.,-1.38777878078145E-17));
#2082=DIRECTION('ref_axis',(-1.38777878078145E-17,0.,-1.));
#2083=DIRECTION('',(-1.,0.,1.38777878078145E-17));
#2084=DIRECTION('center_axis',(1.,0.,-1.38777878078145E-17));
#2085=DIRECTION('ref_axis',(-1.38777878078145E-17,0.,-1.));
#2086=DIRECTION('',(-1.,0.,1.38777878078145E-17));
#2087=DIRECTION('center_axis',(1.,0.,-1.38777878078145E-17));
#2088=DIRECTION('ref_axis',(1.38777878078145E-17,0.,1.));
#2089=DIRECTION('center_axis',(1.,0.,-1.38777878078145E-17));
#2090=DIRECTION('ref_axis',(1.38777878078145E-17,0.,1.));
#2091=DIRECTION('',(1.,0.,-1.38777878078145E-17));
#2092=DIRECTION('center_axis',(-1.,0.,0.));
#2093=DIRECTION('ref_axis',(1.38777878078145E-17,0.,1.));
#2094=DIRECTION('center_axis',(1.,0.,-1.38777878078145E-17));
#2095=DIRECTION('ref_axis',(1.38777878078145E-17,0.,1.));
#2096=DIRECTION('',(1.,0.,-1.38777878078145E-17));
#2097=DIRECTION('center_axis',(-1.,0.,0.));
#2098=DIRECTION('ref_axis',(1.38777878078145E-17,0.,1.));
#2099=DIRECTION('center_axis',(1.,0.,-1.38777878078145E-17));
#2100=DIRECTION('ref_axis',(1.38777878078145E-17,0.,1.));
#2101=DIRECTION('center_axis',(1.,0.,-1.38777878078145E-17));
#2102=DIRECTION('ref_axis',(1.38777878078145E-17,0.,1.));
#2103=DIRECTION('',(1.,0.,-1.38777878078145E-17));
#2104=DIRECTION('center_axis',(-1.,0.,0.));
#2105=DIRECTION('ref_axis',(1.38777878078145E-17,0.,1.));
#2106=DIRECTION('center_axis',(1.,0.,-1.38777878078145E-17));
#2107=DIRECTION('ref_axis',(1.38777878078145E-17,0.,1.));
#2108=DIRECTION('',(1.,0.,-1.38777878078145E-17));
#2109=DIRECTION('center_axis',(-1.,0.,1.38777878078145E-17));
#2110=DIRECTION('ref_axis',(1.38777878078145E-17,0.,1.));
#2111=DIRECTION('center_axis',(1.38777878078145E-17,0.,1.));
#2112=DIRECTION('ref_axis',(0.,-1.,0.));
#2113=DIRECTION('',(0.,1.,0.));
#2114=DIRECTION('',(1.,0.,-1.38777878078145E-17));
#2115=DIRECTION('',(0.,-1.,0.));
#2116=DIRECTION('',(1.,0.,-1.38777878078145E-17));
#2117=DIRECTION('center_axis',(-1.38777878078145E-17,0.,-1.));
#2118=DIRECTION('ref_axis',(0.,1.,0.));
#2119=DIRECTION('',(0.,-1.,0.));
#2120=DIRECTION('',(-1.,0.,1.38777878078145E-17));
#2121=DIRECTION('',(0.,1.,0.));
#2122=DIRECTION('',(1.,0.,-1.38777878078145E-17));
#2123=DIRECTION('center_axis',(1.,0.,-1.38777878078145E-17));
#2124=DIRECTION('ref_axis',(-1.38777878078145E-17,0.,-1.));
#2125=DIRECTION('',(1.38777878078145E-17,0.,1.));
#2126=DIRECTION('',(1.38777878078145E-17,-1.7630424056412E-16,1.));
#2127=DIRECTION('center_axis',(0.,1.,0.));
#2128=DIRECTION('ref_axis',(1.38777878078145E-17,0.,1.));
#2129=DIRECTION('',(1.38777878078145E-17,0.,1.));
#2130=DIRECTION('center_axis',(9.81307786677359E-18,-0.707106781186548,
0.707106781186547));
#2131=DIRECTION('ref_axis',(-1.77943811984161E-15,-0.707106781186547,-0.707106781186548));
#2132=DIRECTION('',(0.,0.707106781186547,0.707106781186548));
#2133=DIRECTION('',(1.,0.,-1.38777878078145E-17));
#2134=DIRECTION('',(-9.8130778667736E-18,-0.707106781186547,-0.707106781186548));
#2135=DIRECTION('',(1.,0.,-1.38777878078145E-17));
#2136=DIRECTION('center_axis',(-9.81307786677359E-18,0.707106781186548,
-0.707106781186548));
#2137=DIRECTION('ref_axis',(5.63020315516944E-16,0.707106781186548,0.707106781186548));
#2138=DIRECTION('',(0.,-0.707106781186548,-0.707106781186548));
#2139=DIRECTION('',(-1.,0.,1.38777878078145E-17));
#2140=DIRECTION('',(9.81307786677359E-18,0.707106781186548,0.707106781186548));
#2141=DIRECTION('',(1.,0.,-1.38777878078145E-17));
#2142=DIRECTION('center_axis',(-1.,0.,0.));
#2143=DIRECTION('ref_axis',(0.,0.,1.));
#2144=DIRECTION('',(1.02056009814445E-15,0.,-1.));
#2145=DIRECTION('',(0.,-1.7630424056412E-16,1.));
#2146=DIRECTION('center_axis',(1.,0.,-1.38777878078145E-17));
#2147=DIRECTION('ref_axis',(-1.38777878078145E-17,0.,-1.));
#2148=DIRECTION('',(-1.38777878078145E-17,1.7630424056412E-16,-1.));
#2149=DIRECTION('center_axis',(-1.38777878078145E-17,0.,-1.));
#2150=DIRECTION('ref_axis',(0.,-1.,0.));
#2151=DIRECTION('',(-1.,0.,1.38777878078145E-17));
#2152=DIRECTION('',(-1.,0.,1.38777878078145E-17));
#2153=DIRECTION('',(0.,1.,0.));
#2154=DIRECTION('center_axis',(1.38777878078145E-17,-1.36642833800019E-16,
1.));
#2155=DIRECTION('ref_axis',(0.,1.,1.36642833800019E-16));
#2156=DIRECTION('',(-1.,0.,1.38777878078145E-17));
#2157=DIRECTION('',(0.,-1.,-1.36642833800019E-16));
#2158=DIRECTION('',(-1.,0.,1.38777878078145E-17));
#2159=DIRECTION('center_axis',(0.,1.,0.));
#2160=DIRECTION('ref_axis',(-1.02056009814445E-15,0.,1.));
#2161=DIRECTION('',(-1.02056009814445E-15,0.,1.));
#2162=DIRECTION('center_axis',(1.,0.,-1.38777878078145E-17));
#2163=DIRECTION('ref_axis',(-1.38777878078145E-17,0.,-1.));
#2164=DIRECTION('',(-1.38777878078145E-17,1.7630424056412E-16,-1.));
#2165=DIRECTION('center_axis',(-2.44671284016673E-33,-1.,-1.7630424056412E-16));
#2166=DIRECTION('ref_axis',(0.,-1.7630424056412E-16,1.));
#2167=DIRECTION('',(0.,1.7630424056412E-16,-1.));
#2168=DIRECTION('',(-1.,0.,1.38777878078145E-17));
#2169=DIRECTION('center_axis',(-1.38777878078145E-17,-2.12537169715742E-15,
-1.));
#2170=DIRECTION('ref_axis',(0.,-1.,2.12537169715742E-15));
#2171=DIRECTION('',(0.,1.,-2.12537169715742E-15));
#2172=DIRECTION('center_axis',(9.81307786677359E-18,-0.707106781186548,
0.707106781186548));
#2173=DIRECTION('ref_axis',(4.48597845338221E-17,0.707106781186548,0.707106781186548));
#2174=DIRECTION('',(-4.48597845338221E-17,-0.707106781186548,-0.707106781186548));
#2175=DIRECTION('center_axis',(-2.44671284016673E-33,-1.,-1.7630424056412E-16));
#2176=DIRECTION('ref_axis',(0.,-1.7630424056412E-16,1.));
#2177=DIRECTION('',(0.,1.7630424056412E-16,-1.));
#2178=DIRECTION('center_axis',(-1.,0.,1.38777878078145E-17));
#2179=DIRECTION('ref_axis',(-9.81307786677363E-18,0.707106781186545,-0.70710678118655));
#2180=DIRECTION('center_axis',(1.,0.,0.));
#2181=DIRECTION('ref_axis',(0.,0.707106781186545,-0.70710678118655));
#2182=DIRECTION('',(-1.,0.,1.38777878078145E-17));
#2183=DIRECTION('center_axis',(9.81307786677359E-18,-0.707106781186548,
0.707106781186548));
#2184=DIRECTION('ref_axis',(-2.1081531797931E-16,0.707106781186548,0.707106781186548));
#2185=DIRECTION('',(2.1081531797931E-16,-0.707106781186547,-0.707106781186547));
#2186=DIRECTION('center_axis',(1.,0.,0.));
#2187=DIRECTION('ref_axis',(0.,0.,-1.));
#2188=CARTESIAN_POINT('',(0.,0.,0.));
#2189=CARTESIAN_POINT('Origin',(12.5000011512798,188.549374963879,109.436447245495));
#2190=CARTESIAN_POINT('',(-12.5,186.781608010913,111.204214198462));
#2191=CARTESIAN_POINT('',(12.5000011512798,186.781608010913,111.204214198462));
#2192=CARTESIAN_POINT('',(6.25000057563993,186.781608010913,111.204214198462));
#2193=CARTESIAN_POINT('',(-12.5,181.920248890255,116.065573319119));
#2194=CARTESIAN_POINT('',(-12.5,204.319915199047,93.6659070103274));
#2195=CARTESIAN_POINT('',(12.5000011512798,181.920248890255,116.065573319119));
#2196=CARTESIAN_POINT('',(6.25000057563993,181.920248890255,116.065573319119));
#2197=CARTESIAN_POINT('',(12.5,204.319915199047,93.6659070103274));
#2198=CARTESIAN_POINT('Origin',(5.55111512312578E-14,161.372428079147,85.7950342666959));
#2199=CARTESIAN_POINT('',(12.5000011512798,160.265103751642,84.6877099391913));
#2200=CARTESIAN_POINT('',(12.5000011512798,160.265103751642,84.6877099391913));
#2201=CARTESIAN_POINT('',(-12.5,160.265103751642,84.6877099391913));
#2202=CARTESIAN_POINT('',(-6.24999999999995,160.265103751642,84.6877099391913));
#2203=CARTESIAN_POINT('',(-12.5,188.991316702121,113.41392288967));
#2204=CARTESIAN_POINT('Origin',(25.,257.362192816896,178.249265098512));
#2205=CARTESIAN_POINT('',(-12.5,257.362192816896,178.249265098512));
#2206=CARTESIAN_POINT('',(-12.5,68.9181972473301,-10.194730471053));
#2207=CARTESIAN_POINT('',(-12.4999999999999,224.060638235991,144.947710517608));
#2208=CARTESIAN_POINT('',(-25.,68.9181972473301,-10.194730471053));
#2209=CARTESIAN_POINT('',(-12.5,68.9181972473301,-10.194730471053));
#2210=CARTESIAN_POINT('',(-25.,257.362192816896,178.249265098512));
#2211=CARTESIAN_POINT('',(-25.,37.9550536808599,-41.1578740375232));
#2212=CARTESIAN_POINT('',(-12.5,257.362192816896,178.249265098512));
#2213=CARTESIAN_POINT('Origin',(4.44089209850063E-14,156.511068958489,90.6563933873533));
#2214=CARTESIAN_POINT('',(-12.5,174.281610199312,108.426934628176));
#2215=CARTESIAN_POINT('',(-12.5,127.986358086049,62.1316825149127));
#2216=CARTESIAN_POINT('',(-5.17766952966369,181.603940669648,115.749265098512));
#2217=CARTESIAN_POINT('',(-45.8859731538982,140.895637045414,75.0409614742778));
#2218=CARTESIAN_POINT('',(5.17766952966368,181.603940669648,115.749265098512));
#2219=CARTESIAN_POINT('',(-2.58883476483183,181.603940669648,115.749265098512));
#2220=CARTESIAN_POINT('',(12.5000011512798,174.281609048032,108.426933476896));
#2221=CARTESIAN_POINT('',(43.4451963304528,143.336413868859,77.4817382977234));
#2222=CARTESIAN_POINT('',(12.5,127.986358086049,62.1316825149127));
#2223=CARTESIAN_POINT('Origin',(-12.5,162.032870704609,82.9199429862249));
#2224=CARTESIAN_POINT('',(12.5000011512798,155.403744630985,89.5490690598488));
#2225=CARTESIAN_POINT('',(12.5,177.803410939777,67.149402751057));
#2226=CARTESIAN_POINT('',(-12.5,155.403744630985,89.5490690598488));
#2227=CARTESIAN_POINT('',(-12.5,155.403744630985,89.5490690598488));
#2228=CARTESIAN_POINT('',(-12.5,177.803410939777,67.149402751057));
#2229=CARTESIAN_POINT('Origin',(4.44089209850063E-14,156.511068958489,90.6563933873533));
#2230=CARTESIAN_POINT('',(-12.5,163.926271139985,98.0715955688486));
#2231=CARTESIAN_POINT('',(-5.17766952966368,156.603940669648,90.7492650985124));
#2232=CARTESIAN_POINT('',(22.3157471143467,129.110524025638,63.2558484545021));
#2233=CARTESIAN_POINT('',(-12.5,127.986358086049,62.1316825149127));
#2234=CARTESIAN_POINT('',(12.5000011512798,163.926272291264,98.0715967201285));
#2235=CARTESIAN_POINT('',(12.5,127.986358086049,62.1316825149127));
#2236=CARTESIAN_POINT('',(5.1776695296637,156.603940669648,90.7492650985124));
#2237=CARTESIAN_POINT('',(-19.8749702909012,131.551300849084,65.6966252779475));
#2238=CARTESIAN_POINT('',(2.58883476483187,156.603940669648,90.7492650985124));
#2239=CARTESIAN_POINT('Origin',(-12.5,137.631853757568,-4.5632349014876));
#2240=CARTESIAN_POINT('',(-12.5,68.91819724733,98.0715955688487));
#2241=CARTESIAN_POINT('',(-12.5,67.3193537575681,98.0715955688487));
#2242=CARTESIAN_POINT('',(-12.5,68.91819724733,90.7492650985124));
#2243=CARTESIAN_POINT('',(-12.5,68.91819724733,115.749265098512));
#2244=CARTESIAN_POINT('',(-12.5,104.329184227904,90.7492650985124));
#2245=CARTESIAN_POINT('',(-12.5,47.0068537575681,90.7492650985124));
#2246=CARTESIAN_POINT('',(-12.5,113.168018992736,69.4104303336805));
#2247=CARTESIAN_POINT('Origin',(-12.5,104.329184227904,78.2492650985124));
#2248=CARTESIAN_POINT('',(-12.5,68.9181972473301,25.1606085882744));
#2249=CARTESIAN_POINT('',(-12.5,113.168018992736,69.4104303336805));
#2250=CARTESIAN_POINT('',(-12.5,68.91819724733,115.749265098512));
#2251=CARTESIAN_POINT('',(-12.5,247.006853757568,178.249265098512));
#2252=CARTESIAN_POINT('',(-12.5,206.381853757568,178.249265098512));
#2253=CARTESIAN_POINT('',(-12.5,247.006853757568,179.321595568849));
#2254=CARTESIAN_POINT('',(-12.5,247.006853757568,99.3430150985124));
#2255=CARTESIAN_POINT('',(-12.5,247.006853757568,191.821595568849));
#2256=CARTESIAN_POINT('Origin',(-12.5,247.006853757568,185.571595568849));
#2257=CARTESIAN_POINT('',(-12.5,247.006853757568,203.249265098512));
#2258=CARTESIAN_POINT('',(-12.5,247.006853757568,99.3430150985124));
#2259=CARTESIAN_POINT('',(-12.5,159.506853757568,115.749265098512));
#2260=CARTESIAN_POINT('',(-12.5,247.006853757568,203.249265098512));
#2261=CARTESIAN_POINT('',(-12.5,68.91819724733,115.749265098512));
#2262=CARTESIAN_POINT('',(-12.5,159.506853757568,115.749265098512));
#2263=CARTESIAN_POINT('',(-12.5,68.91819724733,108.426934628176));
#2264=CARTESIAN_POINT('',(-12.5,68.91819724733,115.749265098512));
#2265=CARTESIAN_POINT('',(-12.5,67.3193537575681,108.426934628176));
#2266=CARTESIAN_POINT('',(-12.5,78.3124561986241,21.5646980099044));
#2267=CARTESIAN_POINT('Origin',(-12.5,78.3124561986241,16.8771980099044));
#2268=CARTESIAN_POINT('',(-12.5,138.97081140773,83.7855532190111));
#2269=CARTESIAN_POINT('Origin',(-12.5,138.97081140773,77.5355532190111));
#2270=CARTESIAN_POINT('',(-12.5,192.988832582649,137.80357439393));
#2271=CARTESIAN_POINT('Origin',(-12.5,192.988832582649,131.55357439393));
#2272=CARTESIAN_POINT('Origin',(12.5,137.631853757568,-4.5632349014876));
#2273=CARTESIAN_POINT('',(12.5,68.91819724733,108.426934628176));
#2274=CARTESIAN_POINT('',(12.5,67.3193537575681,108.426934628176));
#2275=CARTESIAN_POINT('',(12.5,68.91819724733,115.749265098512));
#2276=CARTESIAN_POINT('',(12.5,68.91819724733,115.749265098512));
#2277=CARTESIAN_POINT('',(12.5,159.506853757568,115.749265098512));
#2278=CARTESIAN_POINT('',(12.5,159.506853757568,115.749265098512));
#2279=CARTESIAN_POINT('',(12.5,247.047092456797,203.289503797741));
#2280=CARTESIAN_POINT('',(12.5,247.006853757568,203.249265098512));
#2281=CARTESIAN_POINT('',(12.5000001862645,247.047091991735,191.821466038267));
#2282=CARTESIAN_POINT('',(12.5,247.047092456797,99.3430150985124));
#2283=CARTESIAN_POINT('',(12.5000001862645,247.006853757568,191.821595568849));
#2284=CARTESIAN_POINT('Origin',(12.5,247.006853757568,185.571595568849));
#2285=CARTESIAN_POINT('',(12.5000001862645,247.047091991735,179.32172509943));
#2286=CARTESIAN_POINT('Origin',(12.5,247.006853757568,185.571595568849));
#2287=CARTESIAN_POINT('',(12.5000001862645,247.047091991735,178.249265098512));
#2288=CARTESIAN_POINT('',(12.5,247.047092456797,99.3430150985124));
#2289=CARTESIAN_POINT('',(12.5,257.362192816896,178.249265098512));
#2290=CARTESIAN_POINT('',(12.5,206.381853757568,178.249265098512));
#2291=CARTESIAN_POINT('',(12.5,68.9181972473301,-10.194730471053));
#2292=CARTESIAN_POINT('',(12.5,37.9550536808599,-41.1578740375232));
#2293=CARTESIAN_POINT('',(12.5,68.9181972473301,25.1606085882744));
#2294=CARTESIAN_POINT('',(12.5,68.91819724733,115.749265098512));
#2295=CARTESIAN_POINT('',(12.5,113.168018992736,69.4104303336805));
#2296=CARTESIAN_POINT('',(12.5,113.168018992736,69.4104303336805));
#2297=CARTESIAN_POINT('',(12.5,104.329184227904,90.7492650985124));
#2298=CARTESIAN_POINT('Origin',(12.5,104.329184227904,78.2492650985124));
#2299=CARTESIAN_POINT('',(12.5,68.91819724733,90.7492650985124));
#2300=CARTESIAN_POINT('',(12.5,47.0068537575681,90.7492650985124));
#2301=CARTESIAN_POINT('',(12.5,68.91819724733,98.0715955688487));
#2302=CARTESIAN_POINT('',(12.5,68.91819724733,115.749265098512));
#2303=CARTESIAN_POINT('',(12.5,67.3193537575681,98.0715955688487));
#2304=CARTESIAN_POINT('',(12.5,138.97081140773,83.7855532190111));
#2305=CARTESIAN_POINT('Origin',(12.5,138.97081140773,77.5355532190111));
#2306=CARTESIAN_POINT('',(12.5,78.3124561986241,21.5646980099044));
#2307=CARTESIAN_POINT('Origin',(12.5,78.3124561986241,16.8771980099044));
#2308=CARTESIAN_POINT('',(12.5,192.988832582649,137.80357439393));
#2309=CARTESIAN_POINT('Origin',(12.5,192.988832582649,131.55357439393));
#2310=CARTESIAN_POINT('Origin',(-5.17766952966369,-2.99314624243191,115.749265098512));
#2311=CARTESIAN_POINT('',(-5.17766952966369,-2.99314624243191,115.749265098512));
#2312=CARTESIAN_POINT('',(-5.17766952966369,-2.99314624243191,115.749265098512));
#2313=CARTESIAN_POINT('',(5.17766952966368,-2.99314624243191,115.749265098512));
#2314=CARTESIAN_POINT('',(5.17766952966368,-2.99314624243191,115.749265098512));
#2315=CARTESIAN_POINT('',(5.17766952966368,-2.99314624243191,115.749265098512));
#2316=CARTESIAN_POINT('Origin',(-12.5,-2.99314624243191,108.426934628176));
#2317=CARTESIAN_POINT('',(-12.5,-2.99314624243191,108.426934628176));
#2318=CARTESIAN_POINT('',(-12.5,-2.99314624243191,108.426934628176));
#2319=CARTESIAN_POINT('',(-5.17766952966369,-2.99314624243191,115.749265098512));
#2320=CARTESIAN_POINT('Origin',(12.5,-2.99314624243191,98.0715955688487));
#2321=CARTESIAN_POINT('',(12.5,-2.99314624243191,98.0715955688487));
#2322=CARTESIAN_POINT('',(12.5,-2.99314624243191,98.0715955688487));
#2323=CARTESIAN_POINT('',(5.1776695296637,-2.99314624243191,90.7492650985124));
#2324=CARTESIAN_POINT('',(5.1776695296637,-2.99314624243191,90.7492650985124));
#2325=CARTESIAN_POINT('',(5.1776695296637,-2.99314624243191,90.7492650985124));
#2326=CARTESIAN_POINT('Origin',(25.,257.362192816896,178.249265098512));
#2327=CARTESIAN_POINT('',(25.,257.362192816896,178.249265098512));
#2328=CARTESIAN_POINT('',(25.,257.362192816896,178.249265098512));
#2329=CARTESIAN_POINT('',(25.,68.9181972473301,-10.194730471053));
#2330=CARTESIAN_POINT('',(25.,37.9550536808599,-41.1578740375232));
#2331=CARTESIAN_POINT('',(25.,68.9181972473301,-10.194730471053));
#2332=CARTESIAN_POINT('Origin',(12.5000001862645,247.047091991735,203.249265098512));
#2333=CARTESIAN_POINT('',(10.0128929852558,253.256853757568,209.499265098512));
#2334=CARTESIAN_POINT('',(11.8165803761265,248.753441523145,204.995852864089));
#2335=CARTESIAN_POINT('',(8.36497630434348,257.371340657955,209.499265098512));
#2336=CARTESIAN_POINT('',(12.5000001862645,247.047091991735,209.499265098512));
#2337=CARTESIAN_POINT('',(8.3649763043435,257.371340657955,178.249265098512));
#2338=CARTESIAN_POINT('',(8.36497630434348,257.371340657955,203.249265098512));
#2339=CARTESIAN_POINT('',(12.5000001862645,247.047091991735,178.249265098512));
#2340=CARTESIAN_POINT('Origin',(12.5161162315697,247.006853757568,185.571595568849));
#2341=CARTESIAN_POINT('Origin',(25.,247.006853757568,209.499265098512));
#2342=CARTESIAN_POINT('',(-25.,253.256853757568,209.499265098512));
#2343=CARTESIAN_POINT('',(-10.,253.256853757568,209.499265098512));
#2344=CARTESIAN_POINT('',(25.,253.256853757568,209.499265098512));
#2345=CARTESIAN_POINT('',(-8.35569172939847,257.367624434072,209.499265098512));
#2346=CARTESIAN_POINT('',(-12.5,247.006853757568,209.499265098512));
#2347=CARTESIAN_POINT('',(-2.55410149454384,261.296432552495,209.499265098512));
#2348=CARTESIAN_POINT('Origin',(-2.55271241136564,255.046432706859,209.499265098512));
#2349=CARTESIAN_POINT('',(2.56164026148318,261.297569543053,209.499265098512));
#2350=CARTESIAN_POINT('',(2.56164026148318,261.297569543053,209.499265098512));
#2351=CARTESIAN_POINT('Origin',(2.5630293446614,255.047569697418,209.499265098512));
#2352=CARTESIAN_POINT('',(25.,253.256853757568,209.499265098512));
#2353=CARTESIAN_POINT('',(25.,253.256853757568,209.499265098512));
#2354=CARTESIAN_POINT('',(25.,278.256853757568,209.499265098512));
#2355=CARTESIAN_POINT('',(25.,278.256853757568,209.499265098512));
#2356=CARTESIAN_POINT('',(-25.,278.256853757568,209.499265098512));
#2357=CARTESIAN_POINT('Origin',(-2.22044604925031E-14,278.256853757568,
209.499265098512));
#2358=CARTESIAN_POINT('',(-25.,278.256853757568,209.499265098512));
#2359=CARTESIAN_POINT('',(-3.12500000000002,278.256853757568,209.499265098512));
#2360=CARTESIAN_POINT('Origin',(-2.22044604925031E-14,278.256853757568,
209.499265098512));
#2361=CARTESIAN_POINT('Origin',(-5.17766952966368,-2.99314624243191,90.7492650985124));
#2362=CARTESIAN_POINT('',(-5.17766952966368,-2.99314624243191,90.7492650985124));
#2363=CARTESIAN_POINT('',(-5.17766952966368,-2.99314624243191,90.7492650985124));
#2364=CARTESIAN_POINT('',(-12.5,-2.99314624243191,98.0715955688487));
#2365=CARTESIAN_POINT('',(-12.5,-2.99314624243191,98.0715955688487));
#2366=CARTESIAN_POINT('',(-12.5,-2.99314624243191,98.0715955688487));
#2367=CARTESIAN_POINT('Origin',(5.1776695296637,-2.99314624243191,90.7492650985124));
#2368=CARTESIAN_POINT('',(-5.17766952966368,-2.99314624243191,90.7492650985124));
#2369=CARTESIAN_POINT('Origin',(25.,78.2931972473306,103.249265098513));
#2370=CARTESIAN_POINT('',(5.26782687642651,78.2931972473306,100.124265098513));
#2371=CARTESIAN_POINT('',(6.125,75.1681972473306,103.249265098512));
#2372=CARTESIAN_POINT('Ctrl Pts',(5.26782687642652,78.2931972473306,100.124265098513));
#2373=CARTESIAN_POINT('Ctrl Pts',(5.26782687642652,77.8918060464729,100.124265098513));
#2374=CARTESIAN_POINT('Ctrl Pts',(5.3185888662837,77.4703554950886,100.206026261288));
#2375=CARTESIAN_POINT('Ctrl Pts',(5.48975275523941,76.7035198582026,100.526894567027));
#2376=CARTESIAN_POINT('Ctrl Pts',(5.60661418561723,76.3572587097501,100.765786253677));
#2377=CARTESIAN_POINT('Ctrl Pts',(5.81809646182591,75.8105371441842,101.312507819243));
#2378=CARTESIAN_POINT('Ctrl Pts',(5.92791978290669,75.5710473239546,101.659040665645));
#2379=CARTESIAN_POINT('Ctrl Pts',(6.0821921412398,75.2496912296601,102.427081694907));
#2380=CARTESIAN_POINT('Ctrl Pts',(6.12500000000002,75.1681972473306,102.849074305024));
#2381=CARTESIAN_POINT('Ctrl Pts',(6.125,75.1681972473306,103.249265098513));
#2382=CARTESIAN_POINT('',(6.125,81.4181972473306,103.249265098513));
#2383=CARTESIAN_POINT('Ctrl Pts',(6.125,81.4181972473306,103.249265098513));
#2384=CARTESIAN_POINT('Ctrl Pts',(6.12500000000002,81.4181972473306,102.849074305024));
#2385=CARTESIAN_POINT('Ctrl Pts',(6.0821921412398,81.336703265001,102.427081694907));
#2386=CARTESIAN_POINT('Ctrl Pts',(5.92791978290669,81.0153471707065,101.659040665645));
#2387=CARTESIAN_POINT('Ctrl Pts',(5.81809646182591,80.7758573504769,101.312507819243));
#2388=CARTESIAN_POINT('Ctrl Pts',(5.60661418561723,80.229135784911,100.765786253677));
#2389=CARTESIAN_POINT('Ctrl Pts',(5.48975275523941,79.8828746364585,100.526894567027));
#2390=CARTESIAN_POINT('Ctrl Pts',(5.31858886628369,79.1160389995725,100.206026261288));
#2391=CARTESIAN_POINT('Ctrl Pts',(5.26782687642652,78.6945884481882,100.124265098513));
#2392=CARTESIAN_POINT('Ctrl Pts',(5.26782687642652,78.2931972473306,100.124265098513));
#2393=CARTESIAN_POINT('',(5.26782687642622,78.2931972473306,106.374265098513));
#2394=CARTESIAN_POINT('Ctrl Pts',(5.26782687642622,78.2931972473306,106.374265098513));
#2395=CARTESIAN_POINT('Ctrl Pts',(5.26782687642622,78.6945884481882,106.374265098513));
#2396=CARTESIAN_POINT('Ctrl Pts',(5.31858886628342,79.1160389995725,106.292503935737));
#2397=CARTESIAN_POINT('Ctrl Pts',(5.48975275523917,79.8828746364585,105.971635629998));
#2398=CARTESIAN_POINT('Ctrl Pts',(5.60661418561701,80.229135784911,105.732743943348));
#2399=CARTESIAN_POINT('Ctrl Pts',(5.81809646182574,80.7758573504769,105.186022377782));
#2400=CARTESIAN_POINT('Ctrl Pts',(5.92791978290656,81.0153471707065,104.83948953138));
#2401=CARTESIAN_POINT('Ctrl Pts',(6.08219214123974,81.336703265001,104.071448502118));
#2402=CARTESIAN_POINT('Ctrl Pts',(6.12499999999999,81.4181972473306,103.649455892001));
#2403=CARTESIAN_POINT('Ctrl Pts',(6.125,81.4181972473306,103.249265098513));
#2404=CARTESIAN_POINT('',(-5.26782687642622,78.2931972473306,106.374265098513));
#2405=CARTESIAN_POINT('',(25.,78.2931972473306,106.374265098513));
#2406=CARTESIAN_POINT('',(-5.26782687642651,78.2931972473305,100.124265098513));
#2407=CARTESIAN_POINT('Ctrl Pts',(-5.26782687642652,78.2931972473306,100.124265098513));
#2408=CARTESIAN_POINT('Ctrl Pts',(-5.26782687642652,78.6945884481882,100.124265098513));
#2409=CARTESIAN_POINT('Ctrl Pts',(-5.3185888662837,79.1160389995725,100.206026261288));
#2410=CARTESIAN_POINT('Ctrl Pts',(-5.48975275523941,79.8828746364585,100.526894567027));
#2411=CARTESIAN_POINT('Ctrl Pts',(-5.60661418561723,80.229135784911,100.765786253677));
#2412=CARTESIAN_POINT('Ctrl Pts',(-5.81809646182591,80.7758573504769,101.312507819243));
#2413=CARTESIAN_POINT('Ctrl Pts',(-5.92791978290668,81.0153471707065,101.659040665645));
#2414=CARTESIAN_POINT('Ctrl Pts',(-6.0821921412398,81.336703265001,102.427081694907));
#2415=CARTESIAN_POINT('Ctrl Pts',(-6.12500000000002,81.4181972473306,102.849074305024));
#2416=CARTESIAN_POINT('Ctrl Pts',(-6.12499999999998,81.4181972473306,103.649455892001));
#2417=CARTESIAN_POINT('Ctrl Pts',(-6.08219214123974,81.336703265001,104.071448502118));
#2418=CARTESIAN_POINT('Ctrl Pts',(-5.92791978290656,81.0153471707065,104.83948953138));
#2419=CARTESIAN_POINT('Ctrl Pts',(-5.81809646182574,80.7758573504769,105.186022377782));
#2420=CARTESIAN_POINT('Ctrl Pts',(-5.60661418561701,80.229135784911,105.732743943348));
#2421=CARTESIAN_POINT('Ctrl Pts',(-5.48975275523917,79.8828746364585,105.971635629998));
#2422=CARTESIAN_POINT('Ctrl Pts',(-5.31858886628342,79.1160389995725,106.292503935737));
#2423=CARTESIAN_POINT('Ctrl Pts',(-5.26782687642622,78.6945884481882,106.374265098513));
#2424=CARTESIAN_POINT('Ctrl Pts',(-5.26782687642622,78.2931972473306,106.374265098513));
#2425=CARTESIAN_POINT('Ctrl Pts',(-5.26782687642622,78.2931972473306,106.374265098513));
#2426=CARTESIAN_POINT('Ctrl Pts',(-5.26782687642622,77.8918060464729,106.374265098513));
#2427=CARTESIAN_POINT('Ctrl Pts',(-5.31858886628342,77.4703554950886,106.292503935737));
#2428=CARTESIAN_POINT('Ctrl Pts',(-5.48975275523916,76.7035198582026,105.971635629998));
#2429=CARTESIAN_POINT('Ctrl Pts',(-5.60661418561701,76.3572587097502,105.732743943348));
#2430=CARTESIAN_POINT('Ctrl Pts',(-5.81809646182574,75.8105371441842,105.186022377782));
#2431=CARTESIAN_POINT('Ctrl Pts',(-5.92791978290656,75.5710473239546,104.83948953138));
#2432=CARTESIAN_POINT('Ctrl Pts',(-6.08219214123973,75.2496912296601,104.071448502118));
#2433=CARTESIAN_POINT('Ctrl Pts',(-6.12499999999998,75.1681972473306,103.649455892001));
#2434=CARTESIAN_POINT('Ctrl Pts',(-6.12500000000002,75.1681972473306,102.849074305024));
#2435=CARTESIAN_POINT('Ctrl Pts',(-6.0821921412398,75.2496912296601,102.427081694907));
#2436=CARTESIAN_POINT('Ctrl Pts',(-5.92791978290669,75.5710473239546,101.659040665645));
#2437=CARTESIAN_POINT('Ctrl Pts',(-5.81809646182591,75.8105371441842,101.312507819243));
#2438=CARTESIAN_POINT('Ctrl Pts',(-5.60661418561723,76.3572587097501,100.765786253677));
#2439=CARTESIAN_POINT('Ctrl Pts',(-5.48975275523941,76.7035198582026,100.526894567027));
#2440=CARTESIAN_POINT('Ctrl Pts',(-5.3185888662837,77.4703554950886,100.206026261288));
#2441=CARTESIAN_POINT('Ctrl Pts',(-5.26782687642652,77.8918060464729,100.124265098513));
#2442=CARTESIAN_POINT('Ctrl Pts',(-5.26782687642652,78.2931972473306,100.124265098513));
#2443=CARTESIAN_POINT('Ctrl Pts',(6.125,75.1681972473306,103.249265098513));
#2444=CARTESIAN_POINT('Ctrl Pts',(6.12499999999998,75.1681972473306,103.649455892001));
#2445=CARTESIAN_POINT('Ctrl Pts',(6.08219214123973,75.2496912296601,104.071448502118));
#2446=CARTESIAN_POINT('Ctrl Pts',(5.92791978290656,75.5710473239546,104.83948953138));
#2447=CARTESIAN_POINT('Ctrl Pts',(5.81809646182574,75.8105371441842,105.186022377782));
#2448=CARTESIAN_POINT('Ctrl Pts',(5.60661418561701,76.3572587097502,105.732743943348));
#2449=CARTESIAN_POINT('Ctrl Pts',(5.48975275523916,76.7035198582026,105.971635629998));
#2450=CARTESIAN_POINT('Ctrl Pts',(5.31858886628341,77.4703554950886,106.292503935737));
#2451=CARTESIAN_POINT('Ctrl Pts',(5.26782687642622,77.8918060464729,106.374265098513));
#2452=CARTESIAN_POINT('Ctrl Pts',(5.26782687642622,78.2931972473306,106.374265098513));
#2453=CARTESIAN_POINT('Origin',(-12.5,78.3124561986241,16.8771980099044));
#2454=CARTESIAN_POINT('',(-12.5,78.3124561986241,21.5646980099044));
#2455=CARTESIAN_POINT('Origin',(5.17766952966368,-2.99314624243191,115.749265098512));
#2456=CARTESIAN_POINT('',(12.5,-2.99314624243191,108.426934628176));
#2457=CARTESIAN_POINT('',(12.5,-2.99314624243191,108.426934628176));
#2458=CARTESIAN_POINT('',(12.5,-2.99314624243191,108.426934628176));
#2459=CARTESIAN_POINT('Origin',(-2.22044604925031E-14,90.7568543395985,
103.249265098512));
#2460=CARTESIAN_POINT('',(-9.50000000000002,90.7568543395985,103.249265098512));
#2461=CARTESIAN_POINT('Origin',(-2.22044604925031E-14,90.7568543395985,
103.249265098512));
#2462=CARTESIAN_POINT('',(6.12499999999998,90.7568543395985,103.249265098512));
#2463=CARTESIAN_POINT('Origin',(-2.22044604925031E-14,90.7568543395985,
103.249265098512));
#2464=CARTESIAN_POINT('Origin',(-5.82381163577494E-15,184.506853757569,
103.249265098512));
#2465=CARTESIAN_POINT('',(6.12500000000001,-2.99314566040162,103.249265098512));
#2466=CARTESIAN_POINT('Origin',(4.58452918777678E-15,-2.99314566040162,
103.249265098512));
#2467=CARTESIAN_POINT('',(6.12499999999999,184.506853757569,103.249265098512));
#2468=CARTESIAN_POINT('',(6.12499999999999,184.506853757569,103.249265098512));
#2469=CARTESIAN_POINT('Origin',(6.40599063311456E-15,-2.99314566040162,
103.249265098512));
#2470=CARTESIAN_POINT('Origin',(12.5,-2.99314624243191,108.426934628176));
#2471=CARTESIAN_POINT('',(12.5,68.91819724733,115.749265098512));
#2472=CARTESIAN_POINT('',(12.5,-2.99314624243191,98.0715955688487));
#2473=CARTESIAN_POINT('Origin',(-12.5,-2.99314624243191,98.0715955688487));
#2474=CARTESIAN_POINT('',(-12.5,68.91819724733,115.749265098512));
#2475=CARTESIAN_POINT('',(-12.5,-2.99314624243191,108.426934628176));
#2476=CARTESIAN_POINT('Origin',(1.4965455884352E-15,-2.99314624243191,103.249265098512));
#2477=CARTESIAN_POINT('',(-9.5,81.4181972473306,103.249265098513));
#2478=CARTESIAN_POINT('',(-9.5,-2.99314624243191,103.249265098512));
#2479=CARTESIAN_POINT('',(-8.97130843299897,78.2931972473301,100.124265098512));
#2480=CARTESIAN_POINT('Ctrl Pts',(-9.5,81.4181972473306,103.249265098513));
#2481=CARTESIAN_POINT('Ctrl Pts',(-9.50000000000001,81.4181972473306,102.853765787321));
#2482=CARTESIAN_POINT('Ctrl Pts',(-9.47287785976875,81.3385574190234,102.433869925185));
#2483=CARTESIAN_POINT('Ctrl Pts',(-9.37494505563225,81.0187060440265,101.664749575651));
#2484=CARTESIAN_POINT('Ctrl Pts',(-9.30538387032235,80.7786509785927,101.315301447359));
#2485=CARTESIAN_POINT('Ctrl Pts',(-9.17346026582626,80.2270399105039,100.76369037927));
#2486=CARTESIAN_POINT('Ctrl Pts',(-9.10217627717589,79.8776401066771,100.523728533779));
#2487=CARTESIAN_POINT('Ctrl Pts',(-9.00023327527736,79.108698471652,100.203946579702));
#2488=CARTESIAN_POINT('Ctrl Pts',(-8.97130843299914,78.6888700907928,100.124265098513));
#2489=CARTESIAN_POINT('Ctrl Pts',(-8.97130843299914,78.2931972473306,100.124265098513));
#2490=CARTESIAN_POINT('',(-9.5,75.1681972473306,103.249265098512));
#2491=CARTESIAN_POINT('Ctrl Pts',(-8.97130843299914,78.2931972473306,100.124265098513));
#2492=CARTESIAN_POINT('Ctrl Pts',(-8.97130843299914,77.8975244038684,100.124265098513));
#2493=CARTESIAN_POINT('Ctrl Pts',(-9.00023327527736,77.4776960230091,100.203946579702));
#2494=CARTESIAN_POINT('Ctrl Pts',(-9.10217627717589,76.708754387984,100.523728533779));
#2495=CARTESIAN_POINT('Ctrl Pts',(-9.17346026582626,76.3593545841572,100.76369037927));
#2496=CARTESIAN_POINT('Ctrl Pts',(-9.30538387032235,75.8077435160684,101.315301447359));
#2497=CARTESIAN_POINT('Ctrl Pts',(-9.37494505563225,75.5676884506346,101.664749575651));
#2498=CARTESIAN_POINT('Ctrl Pts',(-9.47287785976875,75.2478370756377,102.433869925185));
#2499=CARTESIAN_POINT('Ctrl Pts',(-9.50000000000001,75.1681972473306,102.853765787321));
#2500=CARTESIAN_POINT('Ctrl Pts',(-9.5,75.1681972473306,103.249265098513));
#2501=CARTESIAN_POINT('',(-9.5,-2.99314624243191,103.249265098512));
#2502=CARTESIAN_POINT('',(-9.5,-2.99314624243191,103.249265098512));
#2503=CARTESIAN_POINT('Origin',(1.4965455884352E-15,-2.99314624243191,103.249265098512));
#2504=CARTESIAN_POINT('',(-8.97130843299897,78.2931972473306,106.374265098513));
#2505=CARTESIAN_POINT('Ctrl Pts',(-9.5,75.1681972473306,103.249265098513));
#2506=CARTESIAN_POINT('Ctrl Pts',(-9.49999999999999,75.1681972473306,103.644764409704));
#2507=CARTESIAN_POINT('Ctrl Pts',(-9.47287785976871,75.2478370756377,104.064660271841));
#2508=CARTESIAN_POINT('Ctrl Pts',(-9.37494505563217,75.5676884506346,104.833780621375));
#2509=CARTESIAN_POINT('Ctrl Pts',(-9.30538387032225,75.8077435160684,105.183228749666));
#2510=CARTESIAN_POINT('Ctrl Pts',(-9.17346026582613,76.3593545841572,105.734839817755));
#2511=CARTESIAN_POINT('Ctrl Pts',(-9.10217627717575,76.708754387984,105.974801663247));
#2512=CARTESIAN_POINT('Ctrl Pts',(-9.0002332752772,77.4776960230091,106.294583617323));
#2513=CARTESIAN_POINT('Ctrl Pts',(-8.97130843299897,77.8975244038683,106.374265098513));
#2514=CARTESIAN_POINT('Ctrl Pts',(-8.97130843299897,78.2931972473306,106.374265098513));
#2515=CARTESIAN_POINT('Ctrl Pts',(-8.97130843299897,78.2931972473306,106.374265098513));
#2516=CARTESIAN_POINT('Ctrl Pts',(-8.97130843299897,78.6888700907928,106.374265098513));
#2517=CARTESIAN_POINT('Ctrl Pts',(-9.0002332752772,79.108698471652,106.294583617323));
#2518=CARTESIAN_POINT('Ctrl Pts',(-9.10217627717575,79.8776401066771,105.974801663247));
#2519=CARTESIAN_POINT('Ctrl Pts',(-9.17346026582613,80.2270399105039,105.734839817755));
#2520=CARTESIAN_POINT('Ctrl Pts',(-9.30538387032225,80.7786509785927,105.183228749666));
#2521=CARTESIAN_POINT('Ctrl Pts',(-9.37494505563217,81.0187060440265,104.833780621375));
#2522=CARTESIAN_POINT('Ctrl Pts',(-9.47287785976871,81.3385574190234,104.064660271841));
#2523=CARTESIAN_POINT('Ctrl Pts',(-9.49999999999999,81.4181972473306,103.644764409704));
#2524=CARTESIAN_POINT('Ctrl Pts',(-9.5,81.4181972473306,103.249265098513));
#2525=CARTESIAN_POINT('',(8.97130843299897,78.2931972473306,106.374265098513));
#2526=CARTESIAN_POINT('',(8.97130843299897,78.2931972473301,100.124265098512));
#2527=CARTESIAN_POINT('Ctrl Pts',(8.97130843299897,78.2931972473306,106.374265098513));
#2528=CARTESIAN_POINT('Ctrl Pts',(8.97130843299897,77.8975244038683,106.374265098513));
#2529=CARTESIAN_POINT('Ctrl Pts',(9.0002332752772,77.4776960230091,106.294583617323));
#2530=CARTESIAN_POINT('Ctrl Pts',(9.10217627717575,76.708754387984,105.974801663247));
#2531=CARTESIAN_POINT('Ctrl Pts',(9.17346026582613,76.3593545841572,105.734839817755));
#2532=CARTESIAN_POINT('Ctrl Pts',(9.30538387032225,75.8077435160684,105.183228749666));
#2533=CARTESIAN_POINT('Ctrl Pts',(9.37494505563217,75.5676884506346,104.833780621375));
#2534=CARTESIAN_POINT('Ctrl Pts',(9.47287785976871,75.2478370756377,104.064660271841));
#2535=CARTESIAN_POINT('Ctrl Pts',(9.49999999999999,75.1681972473305,103.644764409704));
#2536=CARTESIAN_POINT('Ctrl Pts',(9.50000000000001,75.1681972473305,102.853765787321));
#2537=CARTESIAN_POINT('Ctrl Pts',(9.47287785976875,75.2478370756377,102.433869925185));
#2538=CARTESIAN_POINT('Ctrl Pts',(9.37494505563226,75.5676884506346,101.664749575651));
#2539=CARTESIAN_POINT('Ctrl Pts',(9.30538387032235,75.8077435160684,101.315301447359));
#2540=CARTESIAN_POINT('Ctrl Pts',(9.17346026582626,76.3593545841572,100.76369037927));
#2541=CARTESIAN_POINT('Ctrl Pts',(9.10217627717589,76.708754387984,100.523728533779));
#2542=CARTESIAN_POINT('Ctrl Pts',(9.00023327527737,77.4776960230091,100.203946579702));
#2543=CARTESIAN_POINT('Ctrl Pts',(8.97130843299914,77.8975244038684,100.124265098513));
#2544=CARTESIAN_POINT('Ctrl Pts',(8.97130843299914,78.2931972473306,100.124265098513));
#2545=CARTESIAN_POINT('Ctrl Pts',(8.97130843299914,78.2931972473306,100.124265098513));
#2546=CARTESIAN_POINT('Ctrl Pts',(8.97130843299914,78.6888700907928,100.124265098513));
#2547=CARTESIAN_POINT('Ctrl Pts',(9.00023327527737,79.108698471652,100.203946579702));
#2548=CARTESIAN_POINT('Ctrl Pts',(9.10217627717589,79.8776401066771,100.523728533779));
#2549=CARTESIAN_POINT('Ctrl Pts',(9.17346026582626,80.2270399105039,100.76369037927));
#2550=CARTESIAN_POINT('Ctrl Pts',(9.30538387032235,80.7786509785927,101.315301447359));
#2551=CARTESIAN_POINT('Ctrl Pts',(9.37494505563225,81.0187060440265,101.664749575651));
#2552=CARTESIAN_POINT('Ctrl Pts',(9.47287785976875,81.3385574190234,102.433869925185));
#2553=CARTESIAN_POINT('Ctrl Pts',(9.50000000000001,81.4181972473306,102.853765787321));
#2554=CARTESIAN_POINT('Ctrl Pts',(9.49999999999999,81.4181972473306,103.644764409704));
#2555=CARTESIAN_POINT('Ctrl Pts',(9.47287785976871,81.3385574190234,104.064660271841));
#2556=CARTESIAN_POINT('Ctrl Pts',(9.37494505563217,81.0187060440265,104.833780621375));
#2557=CARTESIAN_POINT('Ctrl Pts',(9.30538387032225,80.7786509785927,105.183228749666));
#2558=CARTESIAN_POINT('Ctrl Pts',(9.17346026582613,80.2270399105039,105.734839817755));
#2559=CARTESIAN_POINT('Ctrl Pts',(9.10217627717575,79.8776401066771,105.974801663247));
#2560=CARTESIAN_POINT('Ctrl Pts',(9.0002332752772,79.108698471652,106.294583617323));
#2561=CARTESIAN_POINT('Ctrl Pts',(8.97130843299897,78.6888700907928,106.374265098513));
#2562=CARTESIAN_POINT('Ctrl Pts',(8.97130843299897,78.2931972473306,106.374265098513));
#2563=CARTESIAN_POINT('Origin',(6.25000000000001,-2.99314624243191,19.5162880416659));
#2564=CARTESIAN_POINT('Origin',(-8.3556917293985,257.367624434072,203.249265098512));
#2565=CARTESIAN_POINT('',(-8.84088018659772,256.154653291074,212.397064632018));
#2566=CARTESIAN_POINT('Origin',(-12.5,247.006853757568,185.571595568849));
#2567=CARTESIAN_POINT('',(-8.35569172939844,257.367624434072,178.249265098512));
#2568=CARTESIAN_POINT('',(-12.5,247.006853757568,178.249265098512));
#2569=CARTESIAN_POINT('',(-8.35569172939847,257.367624434072,203.249265098512));
#2570=CARTESIAN_POINT('Origin',(1.92592994438724E-32,278.256853757568,203.249265098512));
#2571=CARTESIAN_POINT('',(25.,278.256853757568,178.249265098512));
#2572=CARTESIAN_POINT('',(25.,278.256853757568,178.249265098512));
#2573=CARTESIAN_POINT('',(-25.,278.256853757568,178.249265098512));
#2574=CARTESIAN_POINT('Origin',(1.92592994438724E-32,278.256853757568,178.249265098512));
#2575=CARTESIAN_POINT('',(-25.,278.256853757568,178.249265098512));
#2576=CARTESIAN_POINT('Origin',(1.92592994438724E-32,278.256853757568,203.249265098512));
#2577=CARTESIAN_POINT('',(-3.12499999999999,278.256853757568,178.249265098512));
#2578=CARTESIAN_POINT('Origin',(1.92592994438724E-32,278.256853757568,178.249265098512));
#2579=CARTESIAN_POINT('',(-3.12499999999999,278.256853757568,203.249265098512));
#2580=CARTESIAN_POINT('Origin',(-2.55271241136562,255.046432706859,203.249265098512));
#2581=CARTESIAN_POINT('',(-2.55410149454381,261.296432552494,178.249265098512));
#2582=CARTESIAN_POINT('Origin',(-2.55271241136562,255.046432706859,178.249265098512));
#2583=CARTESIAN_POINT('',(-2.55410149454384,261.296432552495,203.249265098512));
#2584=CARTESIAN_POINT('Origin',(2.5616402614832,261.297569543053,203.249265098512));
#2585=CARTESIAN_POINT('',(2.5616402614832,261.297569543053,178.249265098512));
#2586=CARTESIAN_POINT('',(2.5616402614832,261.297569543053,178.249265098512));
#2587=CARTESIAN_POINT('',(2.56164026148318,261.297569543053,203.249265098512));
#2588=CARTESIAN_POINT('Origin',(2.56302934466143,255.047569697418,203.249265098512));
#2589=CARTESIAN_POINT('Origin',(2.56302934466143,255.047569697418,178.249265098512));
#2590=CARTESIAN_POINT('Origin',(2.63899742254731E-15,247.006853757568,185.571595568849));
#2591=CARTESIAN_POINT('',(2.72573359634615E-15,247.006853757568,191.821595568849));
#2592=CARTESIAN_POINT('Origin',(-24.9999999999999,78.3124561986237,16.8771980099043));
#2593=CARTESIAN_POINT('',(-24.9999999999999,78.3124561986237,13.7521980099043));
#2594=CARTESIAN_POINT('Origin',(-25.,78.3124561986237,16.8771980099043));
#2595=CARTESIAN_POINT('',(-21.25,78.3124561986237,13.7521980099043));
#2596=CARTESIAN_POINT('',(-24.9999999999999,78.3124561986237,13.7521980099043));
#2597=CARTESIAN_POINT('Origin',(-21.25,78.3124561986237,16.8771980099043));
#2598=CARTESIAN_POINT('Origin',(-24.9999999999999,78.2931972473301,103.249265098512));
#2599=CARTESIAN_POINT('',(-16.2499999999999,78.2931972473301,100.124265098512));
#2600=CARTESIAN_POINT('Origin',(-16.2499999999999,78.2931972473301,103.249265098512));
#2601=CARTESIAN_POINT('',(-24.9999999999999,78.2931972473301,100.124265098512));
#2602=CARTESIAN_POINT('Origin',(-24.9999999999999,78.2931972473301,103.249265098512));
#2603=CARTESIAN_POINT('',(-24.9999999999999,78.2931972473301,100.124265098512));
#2604=CARTESIAN_POINT('Origin',(-25.,78.2931972473301,103.249265098512));
#2605=CARTESIAN_POINT('',(-21.25,78.2931972473301,100.124265098512));
#2606=CARTESIAN_POINT('',(-24.9999999999999,78.2931972473301,100.124265098512));
#2607=CARTESIAN_POINT('Origin',(-21.25,78.2931972473301,103.249265098512));
#2608=CARTESIAN_POINT('Origin',(-21.25,87.6681972473301,94.4992650985124));
#2609=CARTESIAN_POINT('',(-21.25,68.91819724733,94.4992650985124));
#2610=CARTESIAN_POINT('',(-21.25,87.6681972473301,94.4992650985124));
#2611=CARTESIAN_POINT('',(-21.25,112.650025502449,94.4992650985124));
#2612=CARTESIAN_POINT('',(-16.25,68.91819724733,94.4992650985124));
#2613=CARTESIAN_POINT('',(-21.25,68.91819724733,94.4992650985124));
#2614=CARTESIAN_POINT('',(-16.25,87.6681972473301,94.4992650985124));
#2615=CARTESIAN_POINT('',(-16.2499999999999,112.650025502449,94.4992650985124));
#2616=CARTESIAN_POINT('',(-21.25,87.6681972473301,94.4992650985124));
#2617=CARTESIAN_POINT('Origin',(-21.25,68.91819724733,111.999265098512));
#2618=CARTESIAN_POINT('',(-21.25,87.6681972473301,111.999265098512));
#2619=CARTESIAN_POINT('',(-21.25,68.91819724733,111.999265098512));
#2620=CARTESIAN_POINT('',(-21.25,103.275025502449,111.999265098512));
#2621=CARTESIAN_POINT('',(-16.25,87.6681972473301,111.999265098512));
#2622=CARTESIAN_POINT('',(-21.25,87.6681972473301,111.999265098512));
#2623=CARTESIAN_POINT('',(-16.25,68.91819724733,111.999265098512));
#2624=CARTESIAN_POINT('',(-16.2499999999999,103.275025502449,111.999265098512));
#2625=CARTESIAN_POINT('',(-21.25,68.91819724733,111.999265098512));
#2626=CARTESIAN_POINT('Origin',(-21.25,137.631853757568,-48.3132349014876));
#2627=CARTESIAN_POINT('',(-21.25,87.6681972473301,21.2180150985124));
#2628=CARTESIAN_POINT('',(-21.25,68.9181972473301,21.2180150985124));
#2629=CARTESIAN_POINT('Origin',(-21.25,87.6681972473301,90.7492650985124));
#2630=CARTESIAN_POINT('',(-16.25,87.6681972473301,21.2180150985124));
#2631=CARTESIAN_POINT('Origin',(-21.2499999999999,87.6681972473301,12.305269528947));
#2632=CARTESIAN_POINT('',(-21.25,68.9181972473301,-6.444730471053));
#2633=CARTESIAN_POINT('',(-21.2499999999999,87.6681972473301,12.305269528947));
#2634=CARTESIAN_POINT('',(-21.25,86.462614629746,11.0996869113629));
#2635=CARTESIAN_POINT('',(-16.25,68.9181972473301,-6.444730471053));
#2636=CARTESIAN_POINT('',(-21.25,68.9181972473301,-6.444730471053));
#2637=CARTESIAN_POINT('',(-16.2499999999999,87.6681972473301,12.305269528947));
#2638=CARTESIAN_POINT('',(-16.2499999999999,86.462614629746,11.0996869113629));
#2639=CARTESIAN_POINT('',(-21.2499999999999,87.6681972473301,12.305269528947));
#2640=CARTESIAN_POINT('Origin',(-21.25,68.9181972473301,21.4106085882744));
#2641=CARTESIAN_POINT('',(-21.25,87.6681972473301,40.1606085882744));
#2642=CARTESIAN_POINT('',(-21.25,68.9181972473301,21.4106085882744));
#2643=CARTESIAN_POINT('',(-21.25,70.1237798649141,22.6161912058585));
#2644=CARTESIAN_POINT('',(-16.25,87.6681972473301,40.1606085882744));
#2645=CARTESIAN_POINT('',(-21.25,87.6681972473301,40.1606085882744));
#2646=CARTESIAN_POINT('',(-16.25,68.9181972473301,21.4106085882744));
#2647=CARTESIAN_POINT('',(-16.2499999999999,70.1237798649141,22.6161912058585));
#2648=CARTESIAN_POINT('',(-21.25,68.9181972473301,21.4106085882744));
#2649=CARTESIAN_POINT('Origin',(-21.25,78.2931972473301,16.8579390586107));
#2650=CARTESIAN_POINT('',(-21.25,87.6681972473301,43.9106085882744));
#2651=CARTESIAN_POINT('',(-21.25,68.9181972473301,3.33160429377885));
#2652=CARTESIAN_POINT('Origin',(-16.2499999999999,137.631853757568,-48.3132349014876));
#2653=CARTESIAN_POINT('',(-16.2499999999999,68.9181972473301,21.2180150985124));
#2654=CARTESIAN_POINT('Origin',(-12.5,104.329184227904,90.7492650985124));
#2655=CARTESIAN_POINT('',(-25.,68.91819724733,90.7492650985124));
#2656=CARTESIAN_POINT('',(-12.5,68.91819724733,90.7492650985124));
#2657=CARTESIAN_POINT('',(-25.,104.329184227904,90.7492650985124));
#2658=CARTESIAN_POINT('',(-25.,47.0068537575681,90.7492650985124));
#2659=CARTESIAN_POINT('',(-12.5,104.329184227904,90.7492650985124));
#2660=CARTESIAN_POINT('Origin',(-12.5,68.91819724733,115.749265098512));
#2661=CARTESIAN_POINT('',(-25.,68.91819724733,115.749265098512));
#2662=CARTESIAN_POINT('',(-12.5,68.91819724733,115.749265098512));
#2663=CARTESIAN_POINT('',(-25.,159.506853757568,115.749265098512));
#2664=CARTESIAN_POINT('',(-12.5,159.506853757568,115.749265098512));
#2665=CARTESIAN_POINT('',(-25.,159.506853757568,115.749265098512));
#2666=CARTESIAN_POINT('Origin',(-21.2499999999999,87.6681972473301,8.555269528947));
#2667=CARTESIAN_POINT('',(-16.25,87.6681972473301,43.9106085882744));
#2668=CARTESIAN_POINT('Origin',(-16.2499999999999,78.2931972473301,16.8579390586107));
#2669=CARTESIAN_POINT('',(-16.2499999999999,68.9181972473301,3.33160429377885));
#2670=CARTESIAN_POINT('',(-16.2499999999999,78.3124561986237,13.7521980099043));
#2671=CARTESIAN_POINT('Origin',(-16.2499999999999,78.3124561986237,16.8771980099043));
#2672=CARTESIAN_POINT('Origin',(-12.5,68.9181972473301,-10.194730471053));
#2673=CARTESIAN_POINT('',(-25.,68.9181972473301,25.1606085882744));
#2674=CARTESIAN_POINT('',(-12.5,68.9181972473301,25.1606085882744));
#2675=CARTESIAN_POINT('',(-25.,68.91819724733,115.749265098512));
#2676=CARTESIAN_POINT('Origin',(-12.5,159.506853757568,115.749265098512));
#2677=CARTESIAN_POINT('',(-25.,247.006853757568,203.249265098512));
#2678=CARTESIAN_POINT('Origin',(-12.5,68.91819724733,90.7492650985124));
#2679=CARTESIAN_POINT('',(-25.,68.91819724733,115.749265098512));
#2680=CARTESIAN_POINT('Origin',(-12.5,104.329184227904,78.2492650985124));
#2681=CARTESIAN_POINT('',(-25.,113.168018992736,69.4104303336805));
#2682=CARTESIAN_POINT('Origin',(-25.,104.329184227904,78.2492650985124));
#2683=CARTESIAN_POINT('',(-12.5,113.168018992736,69.4104303336805));
#2684=CARTESIAN_POINT('Origin',(-12.5,68.9181972473301,25.1606085882744));
#2685=CARTESIAN_POINT('',(-25.,113.168018992736,69.4104303336805));
#2686=CARTESIAN_POINT('Origin',(-25.,137.631853757568,-4.5632349014876));
#2687=CARTESIAN_POINT('',(-25.,257.362192816896,178.249265098512));
#2688=CARTESIAN_POINT('Origin',(1.1396961512202E-15,138.97081140773,77.5355532190111));
#2689=CARTESIAN_POINT('',(1.22643232501904E-15,138.97081140773,83.7855532190111));
#2690=CARTESIAN_POINT('Origin',(1.88934678688375E-15,192.988832582649,131.55357439393));
#2691=CARTESIAN_POINT('',(1.97608296068259E-15,192.988832582649,137.80357439393));
#2692=CARTESIAN_POINT('Origin',(12.5000000000001,78.3124561986237,16.8771980099043));
#2693=CARTESIAN_POINT('',(21.2500000000001,78.3124561986237,13.7521980099043));
#2694=CARTESIAN_POINT('Origin',(21.2500000000001,78.3124561986237,16.8771980099043));
#2695=CARTESIAN_POINT('',(25.0000000000001,78.3124561986237,13.7521980099043));
#2696=CARTESIAN_POINT('',(12.5000000000001,78.3124561986237,13.7521980099043));
#2697=CARTESIAN_POINT('Origin',(25.,78.3124561986237,16.8771980099043));
#2698=CARTESIAN_POINT('Origin',(12.5000000000001,78.3124561986237,16.8771980099043));
#2699=CARTESIAN_POINT('',(16.25,78.3124561986237,13.7521980099043));
#2700=CARTESIAN_POINT('',(12.5000000000001,78.3124561986237,13.7521980099043));
#2701=CARTESIAN_POINT('Origin',(16.25,78.3124561986237,16.8771980099043));
#2702=CARTESIAN_POINT('Origin',(12.5000000000002,78.2931972473301,103.249265098512));
#2703=CARTESIAN_POINT('',(21.2500000000001,78.2931972473301,100.124265098512));
#2704=CARTESIAN_POINT('Origin',(21.2500000000001,78.2931972473301,103.249265098512));
#2705=CARTESIAN_POINT('',(25.0000000000001,78.2931972473301,100.124265098512));
#2706=CARTESIAN_POINT('',(12.5000000000002,78.2931972473301,100.124265098512));
#2707=CARTESIAN_POINT('Origin',(25.,78.2931972473301,103.249265098512));
#2708=CARTESIAN_POINT('Origin',(12.5000000000002,78.2931972473301,103.249265098512));
#2709=CARTESIAN_POINT('',(16.25,78.2931972473301,100.124265098512));
#2710=CARTESIAN_POINT('',(12.5000000000002,78.2931972473301,100.124265098512));
#2711=CARTESIAN_POINT('Origin',(16.25,78.2931972473301,103.249265098512));
#2712=CARTESIAN_POINT('Origin',(16.25,87.6681972473301,94.4992650985124));
#2713=CARTESIAN_POINT('',(16.25,68.91819724733,94.4992650985124));
#2714=CARTESIAN_POINT('',(16.25,87.6681972473301,94.4992650985124));
#2715=CARTESIAN_POINT('',(16.25,112.650025502449,94.4992650985124));
#2716=CARTESIAN_POINT('',(21.25,68.91819724733,94.4992650985124));
#2717=CARTESIAN_POINT('',(16.25,68.91819724733,94.4992650985124));
#2718=CARTESIAN_POINT('',(21.25,87.6681972473301,94.4992650985124));
#2719=CARTESIAN_POINT('',(21.2500000000001,112.650025502449,94.4992650985124));
#2720=CARTESIAN_POINT('',(16.25,87.6681972473301,94.4992650985124));
#2721=CARTESIAN_POINT('Origin',(16.25,68.91819724733,111.999265098512));
#2722=CARTESIAN_POINT('',(16.25,87.6681972473301,111.999265098512));
#2723=CARTESIAN_POINT('',(16.25,68.91819724733,111.999265098512));
#2724=CARTESIAN_POINT('',(16.25,103.275025502449,111.999265098512));
#2725=CARTESIAN_POINT('',(21.25,87.6681972473301,111.999265098512));
#2726=CARTESIAN_POINT('',(16.25,87.6681972473301,111.999265098512));
#2727=CARTESIAN_POINT('',(21.25,68.91819724733,111.999265098512));
#2728=CARTESIAN_POINT('',(21.2500000000001,103.275025502449,111.999265098512));
#2729=CARTESIAN_POINT('',(16.25,68.91819724733,111.999265098512));
#2730=CARTESIAN_POINT('Origin',(16.25,137.631853757568,-48.3132349014876));
#2731=CARTESIAN_POINT('',(16.25,87.6681972473301,21.2180150985124));
#2732=CARTESIAN_POINT('',(16.25,68.9181972473301,21.2180150985124));
#2733=CARTESIAN_POINT('Origin',(16.25,87.6681972473301,90.7492650985124));
#2734=CARTESIAN_POINT('',(21.25,87.6681972473301,21.2180150985124));
#2735=CARTESIAN_POINT('Origin',(16.2500000000001,87.6681972473301,12.305269528947));
#2736=CARTESIAN_POINT('',(16.25,68.9181972473301,-6.444730471053));
#2737=CARTESIAN_POINT('',(16.2500000000001,87.6681972473301,12.305269528947));
#2738=CARTESIAN_POINT('',(16.25,86.462614629746,11.0996869113629));
#2739=CARTESIAN_POINT('',(21.25,68.9181972473301,-6.444730471053));
#2740=CARTESIAN_POINT('',(16.25,68.9181972473301,-6.444730471053));
#2741=CARTESIAN_POINT('',(21.2500000000001,87.6681972473301,12.305269528947));
#2742=CARTESIAN_POINT('',(21.2500000000001,86.462614629746,11.0996869113629));
#2743=CARTESIAN_POINT('',(16.2500000000001,87.6681972473301,12.305269528947));
#2744=CARTESIAN_POINT('Origin',(16.25,68.9181972473301,21.4106085882744));
#2745=CARTESIAN_POINT('',(16.25,87.6681972473301,40.1606085882744));
#2746=CARTESIAN_POINT('',(16.25,68.9181972473301,21.4106085882744));
#2747=CARTESIAN_POINT('',(16.25,70.1237798649141,22.6161912058585));
#2748=CARTESIAN_POINT('',(21.25,87.6681972473301,40.1606085882744));
#2749=CARTESIAN_POINT('',(16.25,87.6681972473301,40.1606085882744));
#2750=CARTESIAN_POINT('',(21.25,68.9181972473301,21.4106085882744));
#2751=CARTESIAN_POINT('',(21.2500000000001,70.1237798649141,22.6161912058585));
#2752=CARTESIAN_POINT('',(16.25,68.9181972473301,21.4106085882744));
#2753=CARTESIAN_POINT('Origin',(16.25,78.2931972473301,16.8579390586107));
#2754=CARTESIAN_POINT('',(16.25,87.6681972473301,43.9106085882744));
#2755=CARTESIAN_POINT('',(16.25,68.9181972473301,3.33160429377885));
#2756=CARTESIAN_POINT('Origin',(21.2500000000001,137.631853757568,-48.3132349014876));
#2757=CARTESIAN_POINT('',(21.2500000000001,68.9181972473301,21.2180150985124));
#2758=CARTESIAN_POINT('Origin',(25.,104.329184227904,90.7492650985124));
#2759=CARTESIAN_POINT('',(25.,68.91819724733,90.7492650985124));
#2760=CARTESIAN_POINT('',(25.,68.91819724733,90.7492650985124));
#2761=CARTESIAN_POINT('',(25.,104.329184227904,90.7492650985124));
#2762=CARTESIAN_POINT('',(25.,104.329184227904,90.7492650985124));
#2763=CARTESIAN_POINT('',(25.,47.0068537575681,90.7492650985124));
#2764=CARTESIAN_POINT('Origin',(25.,68.91819724733,115.749265098512));
#2765=CARTESIAN_POINT('',(25.,68.91819724733,115.749265098512));
#2766=CARTESIAN_POINT('',(25.,68.91819724733,115.749265098512));
#2767=CARTESIAN_POINT('',(25.,159.506853757568,115.749265098512));
#2768=CARTESIAN_POINT('',(25.,159.506853757568,115.749265098512));
#2769=CARTESIAN_POINT('',(25.,159.506853757568,115.749265098512));
#2770=CARTESIAN_POINT('Origin',(16.2500000000001,87.6681972473301,8.555269528947));
#2771=CARTESIAN_POINT('',(21.25,87.6681972473301,43.9106085882744));
#2772=CARTESIAN_POINT('Origin',(21.2500000000001,78.2931972473301,16.8579390586107));
#2773=CARTESIAN_POINT('',(21.2500000000001,68.9181972473301,3.33160429377885));
#2774=CARTESIAN_POINT('Origin',(25.,68.9181972473301,-10.194730471053));
#2775=CARTESIAN_POINT('',(25.,68.9181972473301,25.1606085882744));
#2776=CARTESIAN_POINT('',(25.,68.91819724733,115.749265098512));
#2777=CARTESIAN_POINT('',(25.,68.9181972473301,25.1606085882744));
#2778=CARTESIAN_POINT('Origin',(25.,278.256853757568,178.249265098512));
#2779=CARTESIAN_POINT('',(25.,257.362192816896,178.249265098512));
#2780=CARTESIAN_POINT('Origin',(25.,159.506853757568,115.749265098512));
#2781=CARTESIAN_POINT('',(25.,247.006853757568,203.249265098512));
#2782=CARTESIAN_POINT('Origin',(25.,68.91819724733,90.7492650985124));
#2783=CARTESIAN_POINT('',(25.,68.91819724733,115.749265098512));
#2784=CARTESIAN_POINT('Origin',(25.,104.329184227904,78.2492650985124));
#2785=CARTESIAN_POINT('',(25.,113.168018992736,69.4104303336805));
#2786=CARTESIAN_POINT('Origin',(25.,104.329184227904,78.2492650985124));
#2787=CARTESIAN_POINT('',(25.,113.168018992736,69.4104303336805));
#2788=CARTESIAN_POINT('Origin',(25.,68.9181972473301,25.1606085882744));
#2789=CARTESIAN_POINT('',(25.,113.168018992736,69.4104303336805));
#2790=CARTESIAN_POINT('Origin',(25.,137.631853757568,-4.5632349014876));
#2791=UNCERTAINTY_MEASURE_WITH_UNIT(LENGTH_MEASURE(0.01),#2795,
'DISTANCE_ACCURACY_VALUE',
'Maximum model space distance between geometric entities at asserted c
onnectivities');
#2792=UNCERTAINTY_MEASURE_WITH_UNIT(LENGTH_MEASURE(0.01),#2795,
'DISTANCE_ACCURACY_VALUE',
'Maximum model space distance between geometric entities at asserted c
onnectivities');
#2793=(
GEOMETRIC_REPRESENTATION_CONTEXT(3)
GLOBAL_UNCERTAINTY_ASSIGNED_CONTEXT((#2791))
GLOBAL_UNIT_ASSIGNED_CONTEXT((#2795,#2797,#2798))
REPRESENTATION_CONTEXT('','3D')
);
#2794=(
GEOMETRIC_REPRESENTATION_CONTEXT(3)
GLOBAL_UNCERTAINTY_ASSIGNED_CONTEXT((#2792))
GLOBAL_UNIT_ASSIGNED_CONTEXT((#2795,#2797,#2798))
REPRESENTATION_CONTEXT('','3D')
);
#2795=(
LENGTH_UNIT()
NAMED_UNIT(*)
SI_UNIT(.MILLI.,.METRE.)
);
#2796=(
LENGTH_UNIT()
NAMED_UNIT(*)
SI_UNIT($,.METRE.)
);
#2797=(
NAMED_UNIT(*)
PLANE_ANGLE_UNIT()
SI_UNIT($,.RADIAN.)
);
#2798=(
NAMED_UNIT(*)
SI_UNIT($,.STERADIAN.)
SOLID_ANGLE_UNIT()
);
#2799=SHAPE_DEFINITION_REPRESENTATION(#2800,#2801);
#2800=PRODUCT_DEFINITION_SHAPE('',$,#2803);
#2801=SHAPE_REPRESENTATION('',(#1652),#2793);
#2802=PRODUCT_DEFINITION_CONTEXT('part definition',#2807,'design');
#2803=PRODUCT_DEFINITION('Upper Frame','Upper Frame',#2804,#2802);
#2804=PRODUCT_DEFINITION_FORMATION('',$,#2809);
#2805=PRODUCT_RELATED_PRODUCT_CATEGORY('Upper Frame','Upper Frame',(#2809));
#2806=APPLICATION_PROTOCOL_DEFINITION('international standard',
'automotive_design',2009,#2807);
#2807=APPLICATION_CONTEXT(
'Core Data for Automotive Mechanical Design Process');
#2808=PRODUCT_CONTEXT('part definition',#2807,'mechanical');
#2809=PRODUCT('Upper Frame','Upper Frame',$,(#2808));
#2810=PRESENTATION_STYLE_ASSIGNMENT((#2812));
#2811=PRESENTATION_STYLE_ASSIGNMENT((#2813));
#2812=SURFACE_STYLE_USAGE(.BOTH.,#2814);
#2813=SURFACE_STYLE_USAGE(.BOTH.,#2815);
#2814=SURFACE_SIDE_STYLE('',(#2816));
#2815=SURFACE_SIDE_STYLE('',(#2817));
#2816=SURFACE_STYLE_FILL_AREA(#2818);
#2817=SURFACE_STYLE_FILL_AREA(#2819);
#2818=FILL_AREA_STYLE('Steel - Satin',(#2820));
#2819=FILL_AREA_STYLE('ABS (White)',(#2821));
#2820=FILL_AREA_STYLE_COLOUR('Steel - Satin',#2822);
#2821=FILL_AREA_STYLE_COLOUR('ABS (White)',#2823);
#2822=COLOUR_RGB('Steel - Satin',0.627450980392157,0.627450980392157,0.627450980392157);
#2823=COLOUR_RGB('ABS (White)',0.964705882352941,0.964705882352941,0.952941176470588);
ENDSEC;
END-ISO-10303-21;
